{"assets":{"499EFD15AF7B84D77A8E84C5D471F06A":{"type":"texture","index":0,"assetRequest":{"type":"slide","state":"contents","slide":"none"},"url":{"native":"assets\/85DFC759-7A0A-4DF4-90B5-459E5949AA51.pdf"},"width":1024,"height":768},"5EF1B7A45FCFD0C07E743D8DAA21AE99":{"type":"texture","index":1,"assetRequest":{"type":"slide","state":"contents","slide":"none"},"url":{"native":"assets\/85DFC759-7A0A-4DF4-90B5-459E5949AA51.pdf"},"width":1024,"height":768}},"events":[{"effects":[{"beginTime":0,"baseLayer":{"animations":[],"initialState":{"affineTransform":[1,0,0,1,0,0],"masksToBounds":false,"rotation":0,"scale":1,"position":{"pointX":512,"pointY":384},"width":1024,"sublayerTransform":[1,0,0,0,0,1,0,0,0,0,1,0,0,0,0,1],"contentsRect":{"y":0,"x":0,"width":1,"height":1},"opacity":1,"edgeAntialiasingMask":251658240,"height":768,"hidden":false,"anchorPoint":{"pointX":0.5,"pointY":0.5}},"objectID":"0","layers":[{"animations":[],"initialState":{"affineTransform":[1,0,0,1,0,0],"masksToBounds":false,"rotation":0,"scale":1,"position":{"pointX":512,"pointY":384},"width":1024,"sublayerTransform":[1,0,0,0,0,1,0,0,0,0,1,-0.00049229876906403734,0,0,0,1],"contentsRect":{"y":0,"x":0,"width":1,"height":1},"opacity":1,"edgeAntialiasingMask":251658240,"height":768,"hidden":false,"anchorPoint":{"pointX":0.5,"pointY":0.5}},"layers":[{"animations":[],"layers":[],"texturedRectangle":{"isBackgroundTexture":false,"singleTextureOpacity":1,"textureType":0,"textBaseline":0,"textXHeight":0,"isVerticalText":false},"initialState":{"affineTransform":[1,0,0,1,0,0],"masksToBounds":false,"rotation":0,"scale":1,"position":{"pointX":512,"pointY":384},"width":1024,"sublayerTransform":[1,0,0,0,0,1,0,0,0,0,1,0,0,0,0,1],"contentsRect":{"y":0,"x":0,"width":1,"height":1},"opacity":1,"edgeAntialiasingMask":0,"height":768,"hidden":false,"anchorPoint":{"pointX":0.5,"pointY":0.5}},"texture":"5EF1B7A45FCFD0C07E743D8DAA21AE99"},{"animations":[{"additive":false,"timeOffset":0,"beginTime":0,"from":{"scalar":false},"repeatCount":0,"fillMode":"both","duration":0.01,"autoreverses":false,"property":"hidden","to":{"scalar":true},"removedOnCompletion":false}],"layers":[],"texturedRectangle":{"isBackgroundTexture":false,"singleTextureOpacity":1,"textureType":0,"textBaseline":0,"textXHeight":0,"isVerticalText":false},"initialState":{"affineTransform":[1,0,0,1,0,0],"masksToBounds":false,"rotation":0,"scale":1,"position":{"pointX":512,"pointY":384},"width":1024,"sublayerTransform":[1,0,0,0,0,1,0,0,0,0,1,0,0,0,0,1],"contentsRect":{"y":0,"x":0,"width":1,"height":1},"opacity":1,"edgeAntialiasingMask":0,"height":768,"hidden":false,"anchorPoint":{"pointX":0.5,"pointY":0.5}},"texture":"499EFD15AF7B84D77A8E84C5D471F06A"}]}]},"effects":[],"duration":0.01,"type":"transition","attributes":{"direction":0},"name":"none","objectID":"0"}],"automaticPlay":false,"hyperlinks":[{"url":"http:\/\/GitHub.com\/scifiltr","targetRectangle":{"y":285.86000606536868,"x":997.00002217292786,"width":17.564895629882812,"height":135.49499999999995}}],"accessibility":[{"text":"PHILOSOPHICO-SOCIOLOGICAL","targetRectangle":{"y":246.959,"x":917.41708374023426,"width":22.477874755859489,"height":278.08199999999994}},{"text":"HOMO STEREOTYPUS MAXIMUS","targetRectangle":{"y":254.43438708782196,"x":288.36726856231689,"width":192.024,"height":14.65191650390625}},{"text":"Interaction Theory briefly mentioned: The Origin of Species in the Internet Age and beyond (2\/2)","targetRectangle":{"y":24.476741790771484,"x":86.180000000000121,"width":851.63999999999987,"height":23.44000244140625}},{"text":"HOMO ","targetRectangle":{"y":331.53271442651749,"x":380.4795226993561,"width":41.783999999999992,"height":14.65191650390625}},{"text":"DESTRUCTIVA","targetRectangle":{"y":346.53271442651749,"x":357.53552269935608,"width":84.336000000000013,"height":14.65191650390625}},{"text":"HOMO STEREOTYPUS FALSUS","targetRectangle":{"y":289.01452624797821,"x":373.3432719707489,"width":180.07200000000012,"height":14.65191650390625}},{"text":"0","targetRectangle":{"y":681.76106226444244,"x":95.597043603658676,"width":10.007999999999996,"height":22.477874755859375}},{"text":"HOMO ANDROID ","targetRectangle":{"y":218.44000208377838,"x":642.09812893486026,"width":118.48199999999997,"height":16.593902587890625}},{"text":"ERECTUS","targetRectangle":{"y":235.44000208377838,"x":666.07312893486016,"width":66.6400000000001,"height":16.593902587890625}},{"text":"HOMO coniunctum","targetRectangle":{"y":371.91586291790009,"x":235.41499066352844,"width":126.22799999999995,"height":14.65191650390625}},{"text":"1984","targetRectangle":{"y":423.76106226444244,"x":527.98400014638901,"width":40.032000000000039,"height":22.477874755859375}},{"text":"© 2019-11-22 by Jens T. Hinrichs\/MathDIY – GitHub.com\/scifiltr","targetRectangle":{"y":285.86000606536868,"x":997.00002217292786,"width":17.564895629882812,"height":452.27999999999997}},{"text":"HOMO DOMINIUM TERRAE","targetRectangle":{"y":655.38505527377129,"x":231.93159252929689,"width":184.81399999999996,"height":16.593902587890625}},{"text":"HOMO ","targetRectangle":{"y":521.43708807229996,"x":586.39349365234375,"width":34.82000000000005,"height":11.709930419921875}},{"text":"ANONYMOUS","targetRectangle":{"y":533.43708807229996,"x":586.39349365234375,"width":66.870000000000005,"height":11.709930419921875}},{"text":"HOMO ","targetRectangle":{"y":211.119857609272,"x":876.21152486801145,"width":34.82000000000005,"height":11.709930419921875}},{"text":"generum ","targetRectangle":{"y":223.119857609272,"x":856.59152486801145,"width":54.440000000000055,"height":11.709930419921875}},{"text":"varietate","targetRectangle":{"y":235.119857609272,"x":855.20152486801146,"width":53.050000000000068,"height":11.709930419921875}},{"text":"shortened timeline","targetRectangle":{"y":159.34872454404831,"x":536.1552734375,"width":131.88800000000003,"height":17.552001953125}},{"text":"HOMO ","targetRectangle":{"y":205.15536457300186,"x":383.47952056789399,"width":41.783999999999992,"height":14.65191650390625}},{"text":"HOMOPHOPIC","targetRectangle":{"y":220.15536457300186,"x":360.14552056789398,"width":85.115999999999985,"height":14.65191650390625}},{"text":"HOMO ","targetRectangle":{"y":478.53544622659683,"x":233.40672605514527,"width":34.819999999999993,"height":11.709930419921875}},{"text":"IMPERIUM TOTALIS","targetRectangle":{"y":490.53544622659683,"x":201.47672605514526,"width":95.899999999999977,"height":11.709930419921875}},{"text":"HOMO DEDITUS MACHINA","targetRectangle":{"y":318.74862658977509,"x":580.39134478569031,"width":155.77199999999993,"height":14.65191650390625}},{"text":"flowing limits","targetRectangle":{"y":137.03208941221237,"x":285.33633422851562,"width":93.024000000000001,"height":17.552001953125}},{"text":"HOMO ","targetRectangle":{"y":507.90046697854996,"x":531.40396881103516,"width":34.819999999999936,"height":11.709930419921875}},{"text":"EXCENTRICUS","targetRectangle":{"y":519.90046697854996,"x":491.40396881103516,"width":72.039999999999964,"height":11.709930419921875}},{"text":"HOMO STEREOTYPUS","targetRectangle":{"y":288.84576404094696,"x":587.0393431186676,"width":130.476,"height":14.65191650390625}},{"text":"HOMO LUDENS ","targetRectangle":{"y":454.942999874115,"x":117.97929346561432,"width":16.593902587890625,"height":110.22199999999998}},{"text":"(playfully motivated)","targetRectangle":{"y":445.14299987411499,"x":134.97929346561432,"width":16.593902587890625,"height":133.714}},{"text":"1760","targetRectangle":{"y":441.00630152225494,"x":315.33232778310776,"width":40.031999999999982,"height":22.477874755859375}},{"text":"HOMO ARTICULUS DOMESTICIS","targetRectangle":{"y":596.10983264446259,"x":650.03259057617186,"width":190.00800000000004,"height":14.65191650390625}},{"text":"HOMO FABER","targetRectangle":{"y":204.96184216308595,"x":117.97929346561432,"width":16.593902587890625,"height":94.905999999999977}},{"text":"(creatively motivated)","targetRectangle":{"y":181.00084216308596,"x":134.97929346561432,"width":16.593902587890625,"height":142.82799999999997}},{"text":"HOMO ","targetRectangle":{"y":331.59771686792374,"x":473.30538912200927,"width":41.783999999999992,"height":14.65191650390625}},{"text":"SUICIDARIS","targetRectangle":{"y":346.59771686792374,"x":457.65138912200928,"width":69.755999999999972,"height":14.65191650390625}},{"text":"HOMO CAPTIVUS TITANIS","targetRectangle":{"y":624.12315341830254,"x":520.15102160644528,"width":176.03600000000006,"height":16.593902587890625}},{"text":"HOMO ","targetRectangle":{"y":514.96609425544739,"x":807.02423095703125,"width":41.783999999999992,"height":14.65191650390625}},{"text":"FRAGILUS ","targetRectangle":{"y":529.96609425544739,"x":807.02423095703125,"width":63.779999999999973,"height":14.65191650390625}},{"text":"LIBERTATE","targetRectangle":{"y":544.96609425544739,"x":807.02423095703125,"width":63.779999999999973,"height":14.65191650390625}},{"text":"HOMO EXITIUM TERRARUM","targetRectangle":{"y":655.38505527377129,"x":615.59848229980469,"width":191.548,"height":16.593902587890625}},{"text":"HOMO CONSCIUS LIBERTATE","targetRectangle":{"y":397.25753772258759,"x":234.88832569122314,"width":172.91999999999996,"height":14.65191650390625}},{"text":"1492","targetRectangle":{"y":587.76106226444244,"x":172.99724477529526,"width":40.031999999999982,"height":22.477874755859375}},{"text":"Human on a crossroads","targetRectangle":{"y":159.34872454404831,"x":285.2479248046875,"width":170.72000000000003,"height":17.552001953125}},{"text":"HOMO FRAGILUS","targetRectangle":{"y":460.45152246952057,"x":734.38024700736992,"width":119.26600000000008,"height":16.593902587890625}},{"text":"(the vitreous human)","targetRectangle":{"y":477.45152246952057,"x":725.81924700737,"width":136.38799999999992,"height":16.593902587890625}},{"text":"2013","targetRectangle":{"y":283.76106226444244,"x":810.62151235342026,"width":40.032000000000039,"height":22.477874755859375}},{"text":"HOMO ","targetRectangle":{"y":514.96609425544739,"x":743.25691027832033,"width":41.783999999999992,"height":14.65191650390625}},{"text":"FRAGILUS ","targetRectangle":{"y":529.96609425544739,"x":721.26091027832035,"width":63.779999999999973,"height":14.65191650390625}},{"text":"IMMUTABILIS","targetRectangle":{"y":544.96609425544739,"x":702.62491027832027,"width":79.080000000000041,"height":14.65191650390625}},{"text":"THEOLOGICO-ANTHROPOLOGICAL","targetRectangle":{"y":87.609375,"x":375.77810937499999,"width":303.76800000000003,"height":22.477874755859375}},{"text":"HOMO ","targetRectangle":{"y":205.30570942163467,"x":292.03945890808103,"width":41.784000000000049,"height":14.65191650390625}},{"text":"XENOPHOPIC","targetRectangle":{"y":220.30570942163467,"x":270.92545890808105,"width":80.675999999999988,"height":14.65191650390625}},{"text":"Other Subspecies","targetRectangle":{"y":137.03207415342331,"x":536.0340576171875,"width":128.03200000000004,"height":17.552001953125}},{"text":"HOMO ","targetRectangle":{"y":129.2525475025177,"x":772.40020691680911,"width":41.783999999999992,"height":14.65191650390625}},{"text":"artificialis ","targetRectangle":{"y":144.2525475025177,"x":752.97820691680909,"width":80.627999999999929,"height":14.65191650390625}},{"text":"intelligentes","targetRectangle":{"y":159.2525475025177,"x":744.63220691680908,"width":93.983999999999924,"height":14.65191650390625}},{"text":"2000","targetRectangle":{"y":357.60914576053619,"x":651.62151235342026,"width":40.032000000000039,"height":22.477874755859375}}],"baseLayer":{"animations":[],"initialState":{"affineTransform":[1,0,0,1,0,0],"masksToBounds":false,"rotation":0,"scale":1,"position":{"pointX":512,"pointY":384},"width":1024,"sublayerTransform":[1,0,0,0,0,1,0,0,0,0,1,0,0,0,0,1],"contentsRect":{"y":0,"x":0,"width":1,"height":1},"opacity":1,"edgeAntialiasingMask":251658240,"height":768,"hidden":false,"anchorPoint":{"pointX":0.5,"pointY":0.5}},"objectID":"0","layers":[{"animations":[],"initialState":{"affineTransform":[1,0,0,1,0,0],"masksToBounds":false,"rotation":0,"scale":1,"position":{"pointX":512,"pointY":384},"width":1024,"sublayerTransform":[1,0,0,0,0,1,0,0,0,0,1,-0.00049229876906403734,0,0,0,1],"contentsRect":{"y":0,"x":0,"width":1,"height":1},"opacity":1,"edgeAntialiasingMask":251658240,"height":768,"hidden":false,"anchorPoint":{"pointX":0.5,"pointY":0.5}},"layers":[{"animations":[],"layers":[],"texturedRectangle":{"isBackgroundTexture":false,"singleTextureOpacity":1,"textureType":0,"textBaseline":0,"textXHeight":0,"isVerticalText":false},"initialState":{"affineTransform":[1,0,0,1,0,0],"masksToBounds":false,"rotation":0,"scale":1,"position":{"pointX":512,"pointY":384},"width":1024,"sublayerTransform":[1,0,0,0,0,1,0,0,0,0,1,0,0,0,0,1],"contentsRect":{"y":0,"x":0,"width":1,"height":1},"opacity":1,"edgeAntialiasingMask":0,"height":768,"hidden":false,"anchorPoint":{"pointX":0.5,"pointY":0.5}},"texture":"499EFD15AF7B84D77A8E84C5D471F06A"}]}]}}]}