{"assets":{"D6DD5C1F98689385281F01236E5702AA":{"type":"texture","index":1,"assetRequest":{"type":"slide","state":"contents","slide":"none"},"url":{"native":"assets\/68B1E814-230B-4202-9067-08ED332626C3.pdf"},"width":1024,"height":768},"57354C383BFC83C395666965E6C2083B":{"type":"texture","index":0,"assetRequest":{"type":"slide","state":"contents","slide":"none"},"url":{"native":"assets\/68B1E814-230B-4202-9067-08ED332626C3.pdf"},"width":1024,"height":768}},"events":[{"effects":[{"beginTime":0,"baseLayer":{"animations":[],"initialState":{"affineTransform":[1,0,0,1,0,0],"masksToBounds":false,"rotation":0,"scale":1,"position":{"pointX":512,"pointY":384},"width":1024,"sublayerTransform":[1,0,0,0,0,1,0,0,0,0,1,0,0,0,0,1],"contentsRect":{"y":0,"x":0,"width":1,"height":1},"opacity":1,"edgeAntialiasingMask":251658240,"height":768,"hidden":false,"anchorPoint":{"pointX":0.5,"pointY":0.5}},"objectID":"0","layers":[{"animations":[],"initialState":{"affineTransform":[1,0,0,1,0,0],"masksToBounds":false,"rotation":0,"scale":1,"position":{"pointX":512,"pointY":384},"width":1024,"sublayerTransform":[1,0,0,0,0,1,0,0,0,0,1,-0.00049229876906403734,0,0,0,1],"contentsRect":{"y":0,"x":0,"width":1,"height":1},"opacity":1,"edgeAntialiasingMask":251658240,"height":768,"hidden":false,"anchorPoint":{"pointX":0.5,"pointY":0.5}},"layers":[{"animations":[],"layers":[],"texturedRectangle":{"isBackgroundTexture":false,"singleTextureOpacity":1,"textureType":0,"textBaseline":0,"textXHeight":0,"isVerticalText":false},"initialState":{"affineTransform":[1,0,0,1,0,0],"masksToBounds":false,"rotation":0,"scale":1,"position":{"pointX":512,"pointY":384},"width":1024,"sublayerTransform":[1,0,0,0,0,1,0,0,0,0,1,0,0,0,0,1],"contentsRect":{"y":0,"x":0,"width":1,"height":1},"opacity":1,"edgeAntialiasingMask":0,"height":768,"hidden":false,"anchorPoint":{"pointX":0.5,"pointY":0.5}},"texture":"D6DD5C1F98689385281F01236E5702AA"},{"animations":[{"additive":false,"timeOffset":0,"beginTime":0,"from":{"scalar":false},"repeatCount":0,"fillMode":"both","duration":0.01,"autoreverses":false,"property":"hidden","to":{"scalar":true},"removedOnCompletion":false}],"layers":[],"texturedRectangle":{"isBackgroundTexture":false,"singleTextureOpacity":1,"textureType":0,"textBaseline":0,"textXHeight":0,"isVerticalText":false},"initialState":{"affineTransform":[1,0,0,1,0,0],"masksToBounds":false,"rotation":0,"scale":1,"position":{"pointX":512,"pointY":384},"width":1024,"sublayerTransform":[1,0,0,0,0,1,0,0,0,0,1,0,0,0,0,1],"contentsRect":{"y":0,"x":0,"width":1,"height":1},"opacity":1,"edgeAntialiasingMask":0,"height":768,"hidden":false,"anchorPoint":{"pointX":0.5,"pointY":0.5}},"texture":"57354C383BFC83C395666965E6C2083B"}]}]},"effects":[],"duration":0.01,"type":"transition","attributes":{"direction":0},"name":"none","objectID":"0"}],"automaticPlay":false,"hyperlinks":[{"url":"http:\/\/GitHub.com\/scifiltr","targetRectangle":{"y":285.86000606536868,"x":997.00002217292786,"width":17.564895629882812,"height":135.49499999999995}}],"accessibility":[{"text":"Cash Farm","targetRectangle":{"y":218.30369567871094,"x":307.82342756780207,"width":47.822235121854362,"height":45.477874755859375}},{"text":"BYSTANDER","targetRectangle":{"y":658.35699421167374,"x":657.6844482421875,"width":97.216000000000008,"height":18.535888671875}},{"text":"world trade","targetRectangle":{"y":313.77777099609375,"x":216.70970666375925,"width":47.783999999999963,"height":29.65191650390625}},{"text":"OPPOSER","targetRectangle":{"y":728.09741169214249,"x":774.48699951171875,"width":78.543999999999983,"height":18.535888671875}},{"text":"gainfully bio-graphy","targetRectangle":{"y":599.79229736328125,"x":386.50858507149883,"width":68.447999999999979,"height":44.65191650390625}},{"text":"legal loop-holes","targetRectangle":{"y":128.56791687011719,"x":219.25360804385349,"width":42.677619722751842,"height":44.65191650390625}},{"text":"W\\u2028Weakness","targetRectangle":{"y":597.86260986328125,"x":207.46202295011196,"width":61.65900000000002,"height":47.622909545898438}},{"text":"sanc-tions or customs","targetRectangle":{"y":304.77777099609375,"x":835.40922485440888,"width":66.901065844337836,"height":47.622909545898438}},{"text":"LOBBYIST","targetRectangle":{"y":619.94567829370499,"x":696.86492919921875,"width":80.015999999999963,"height":18.535888671875}},{"text":"S\\u2028Strengths","targetRectangle":{"y":127.06791687011719,"x":390.15644336026821,"width":58.031999999999982,"height":47.622909545898438}},{"text":"globali-zation + pacifica-tion","targetRectangle":{"y":299.32464599609375,"x":299.81399625163101,"width":59.283249686021236,"height":59.65191650390625}},{"text":"end of supply chain","targetRectangle":{"y":509.32476806640625,"x":396.35532252535285,"width":49.115999999999985,"height":44.65191650390625}},{"text":"conflicts of interests","targetRectangle":{"y":129.4296875,"x":656.18500450509259,"width":70.67999999999995,"height":44.65191650390625}},{"text":"S\\u2028Skills","targetRectangle":{"y":304.77777099609375,"x":762.97546508878384,"width":31.551000000000045,"height":47.622909545898438}},{"text":"MARKET GROWTH","targetRectangle":{"y":332.61674999999997,"x":41.894989013671868,"width":22.477874755859382,"height":160.70400000000001}},{"text":"ACTIVIST","targetRectangle":{"y":699.49340778589249,"x":849.8538818359375,"width":72.271999999999935,"height":18.535888671875}},{"text":"O\\u2028Options","targetRectangle":{"y":127.5,"x":755.14946508878381,"width":47.202999999999975,"height":47.622909545898438}},{"text":"capital stock","targetRectangle":{"y":516.8125,"x":124.85656550560712,"width":52.248000000000005,"height":29.65191650390625}},{"text":"LOW | LOW","targetRectangle":{"y":392.17129487914974,"x":376.17603120703677,"width":117.49440411639944,"height":73.48535492648125}},{"text":"T\\u2028Threats","targetRectangle":{"y":417.5,"x":756.22846508878388,"width":45.044999999999959,"height":47.622909545898438}},{"text":"exploi-tation","targetRectangle":{"y":606.8125,"x":577.01114588890789,"width":47.351999999999975,"height":29.65191650390625}},{"text":"MOVER","targetRectangle":{"y":588.13201862573624,"x":785.88092041015625,"width":58.960000000000036,"height":18.535888671875}},{"text":"global warnings","targetRectangle":{"y":426.34912109375,"x":296.80596700926571,"width":65.027999999999963,"height":29.65191650390625}},{"text":"patent trolls","targetRectangle":{"y":135.828125,"x":842.88928948284524,"width":52.624538087134624,"height":31.622909545898438}},{"text":"startups","targetRectangle":{"y":322.16839599609375,"x":659.00357794289766,"width":61.583999999999946,"height":14.65191650390625}},{"text":"Common Owner-ship","targetRectangle":{"y":509.75445556640625,"x":750.44626427071762,"width":60.240000000000009,"height":44.65191650390625}},{"text":"blue\/cold = nitrogen cycle\\u2028yellow\/warm = temperate climate\\u2028green\/tepid= atmospheric oxygen\\u2028orange\/hot = spotlight","targetRectangle":{"y":684.2893533706665,"x":113.01506805419922,"width":232.12,"height":67.593902587890625}},{"text":"HIGH | LOW","targetRectangle":{"y":391.22758830068278,"x":526.30516903654836,"width":121.54197469330518,"height":75.372768083415167}},{"text":"A\\u2028Actions \\u2028to be taken","targetRectangle":{"y":209.30369567871094,"x":385.50228079024902,"width":67.66500000000002,"height":63.622909545898438}},{"text":"private saving and pre-caution","targetRectangle":{"y":411.58349609375,"x":120.76302548747086,"width":57.348000000000013,"height":59.65191650390625}},{"text":"rescues the statistics","targetRectangle":{"y":219.26081848144531,"x":206.339512803796,"width":65.807999999999964,"height":44.65191650390625}},{"text":"voting is the hardest job","targetRectangle":{"y":591.5,"x":119.64741555830969,"width":62.460000000000008,"height":59.65191650390625}},{"text":"political correct-ness","targetRectangle":{"y":304.625,"x":116.02141223841555,"width":70.099287043352902,"height":47.622909545898438}},{"text":"fundS + financial locusts","targetRectangle":{"y":129.8125,"x":567.70845232632985,"width":66.011999999999944,"height":44.65191650390625}},{"text":"digital Transformation","targetRectangle":{"y":509.32476806640625,"x":568.3953247226184,"width":64.692000000000007,"height":44.65191650390625}},{"text":"proud and pre-judices","targetRectangle":{"y":690.99896240234375,"x":390.31616505464967,"width":57.348000000000013,"height":44.65191650390625}},{"text":"FOLLOWER","targetRectangle":{"y":658.35699421167374,"x":874.36724853515625,"width":90.384000000000015,"height":18.535888671875}},{"text":"contri-bution margins","targetRectangle":{"y":417.48974609375,"x":837.44186078307553,"width":60.670999999999935,"height":47.622909545898438}},{"text":"Shark Tank","targetRectangle":{"y":218.9375,"x":665.87015000307861,"width":53.009999999999991,"height":45.477874755859375}},{"text":"Petting Zoo","targetRectangle":{"y":509.26226806640625,"x":299.61531113589109,"width":64.350000000000023,"height":45.477874755859375}},{"text":"alibi debates and excuses","targetRectangle":{"y":119.5,"x":119.01377200118654,"width":62.942871750551262,"height":63.622909545898438}},{"text":"HIGH | HIGH","targetRectangle":{"y":297.28388172221577,"x":524.12846063013114,"width":125.58954527021081,"height":77.260181240349141}},{"text":"W\\u2028Willingness to change","targetRectangle":{"y":209.5,"x":744.85238423689316,"width":71.773000000000025,"height":63.622909545898438}},{"text":"Multiple mandates","targetRectangle":{"y":226.8125,"x":566.42717013426568,"width":65.351999999999975,"height":29.65191650390625}},{"text":"beyond inno-vation","targetRectangle":{"y":217.953125,"x":122.28141532143235,"width":58.031999999999982,"height":47.622909545898438}},{"text":"T\\u2028Team or Techniques","targetRectangle":{"y":409.5,"x":655.79254275313963,"width":68.158999999999992,"height":63.622909545898438}},{"text":"welfare and life quality","targetRectangle":{"y":419.4296875,"x":209.94258507149883,"width":59.580000000000013,"height":44.65191650390625}},{"text":"Morality and Failure","targetRectangle":{"y":509.75445556640625,"x":207.76082213204572,"width":64.692000000000036,"height":44.65191650390625}},{"text":"military ","targetRectangle":{"y":217.953125,"x":838.85083603676435,"width":62.139999999999986,"height":15.622909545898438}},{"text":"inter-ventions","targetRectangle":{"y":233.953125,"x":835.63642181823172,"width":64.532000000000039,"height":31.622909545898438}},{"text":"LOW | HIGH","targetRectangle":{"y":298.22758830068278,"x":374.30516903654842,"width":121.54197469330512,"height":75.372768083415167}},{"text":"© 2019-10-20 by Jens T. Hinrichs\/MathDIY – GitHub.com\/scifiltr","targetRectangle":{"y":285.86000606536868,"x":997.00002217292786,"width":17.564895629882812,"height":452.27999999999997}},{"text":"BLENDER","targetRectangle":{"y":699.16381794214249,"x":696.86492919921875,"width":76.751999999999953,"height":18.535888671875}},{"text":"Py = aPx + b","targetRectangle":{"y":367.45831283638302,"x":440.19831418502332,"width":143.59800053620341,"height":31.245819259937889}},{"text":"political struggle for survival","targetRectangle":{"y":684.04583740234375,"x":568.35485555679281,"width":68.004000000000019,"height":59.65191650390625}},{"text":"MARKET SHARE","targetRectangle":{"y":70.162124633789062,"x":441.64699999999999,"width":140.70600000000007,"height":22.477874755859375}},{"text":"Unions","targetRectangle":{"y":615.25323486328125,"x":306.09870855813199,"width":46.22399999999999,"height":14.65191650390625}},{"text":"protec-tionism","targetRectangle":{"y":136.38041687011719,"x":302.35353626976729,"width":53.579999999999984,"height":29.65191650390625}},{"text":"veto rights","targetRectangle":{"y":515.5,"x":843.85539595564319,"width":48.15199999999993,"height":31.622909545898438}},{"text":"Two Faces Paradoxon: People of Interests vs. Points of Intersection – a Battle of the Players","targetRectangle":{"y":25,"x":38.705168505859547,"width":938.53759999999966,"height":27.359362792968753}},{"text":"INFLUENCER","targetRectangle":{"y":616.98321491479874,"x":849.85382080078125,"width":103.40800000000002,"height":18.535888671875}},{"text":"Jurassic Park","targetRectangle":{"y":509.26226806640625,"x":655.18715000307861,"width":74.375999999999976,"height":45.477874755859375}}],"baseLayer":{"animations":[],"initialState":{"affineTransform":[1,0,0,1,0,0],"masksToBounds":false,"rotation":0,"scale":1,"position":{"pointX":512,"pointY":384},"width":1024,"sublayerTransform":[1,0,0,0,0,1,0,0,0,0,1,0,0,0,0,1],"contentsRect":{"y":0,"x":0,"width":1,"height":1},"opacity":1,"edgeAntialiasingMask":251658240,"height":768,"hidden":false,"anchorPoint":{"pointX":0.5,"pointY":0.5}},"objectID":"0","layers":[{"animations":[],"initialState":{"affineTransform":[1,0,0,1,0,0],"masksToBounds":false,"rotation":0,"scale":1,"position":{"pointX":512,"pointY":384},"width":1024,"sublayerTransform":[1,0,0,0,0,1,0,0,0,0,1,-0.00049229876906403734,0,0,0,1],"contentsRect":{"y":0,"x":0,"width":1,"height":1},"opacity":1,"edgeAntialiasingMask":251658240,"height":768,"hidden":false,"anchorPoint":{"pointX":0.5,"pointY":0.5}},"layers":[{"animations":[],"layers":[],"texturedRectangle":{"isBackgroundTexture":false,"singleTextureOpacity":1,"textureType":0,"textBaseline":0,"textXHeight":0,"isVerticalText":false},"initialState":{"affineTransform":[1,0,0,1,0,0],"masksToBounds":false,"rotation":0,"scale":1,"position":{"pointX":512,"pointY":384},"width":1024,"sublayerTransform":[1,0,0,0,0,1,0,0,0,0,1,0,0,0,0,1],"contentsRect":{"y":0,"x":0,"width":1,"height":1},"opacity":1,"edgeAntialiasingMask":0,"height":768,"hidden":false,"anchorPoint":{"pointX":0.5,"pointY":0.5}},"texture":"57354C383BFC83C395666965E6C2083B"}]}]}}]}