{"assets":{"5E7041D20B14B3525EF896783C32C304":{"type":"texture","index":1,"assetRequest":{"type":"slide","state":"contents","slide":"none"},"url":{"native":"assets\/B27D633E-ECFA-4B24-8345-8030230EABFA.pdf"},"width":1024,"height":768},"23F8F643FEAD08F95052D8E37B4B059B":{"type":"texture","index":0,"assetRequest":{"type":"slide","state":"contents","slide":"none"},"url":{"native":"assets\/B27D633E-ECFA-4B24-8345-8030230EABFA.pdf"},"width":1024,"height":768}},"events":[{"effects":[{"beginTime":0,"baseLayer":{"animations":[],"initialState":{"affineTransform":[1,0,0,1,0,0],"masksToBounds":false,"rotation":0,"scale":1,"position":{"pointX":512,"pointY":384},"width":1024,"sublayerTransform":[1,0,0,0,0,1,0,0,0,0,1,0,0,0,0,1],"contentsRect":{"y":0,"x":0,"width":1,"height":1},"opacity":1,"edgeAntialiasingMask":251658240,"height":768,"hidden":false,"anchorPoint":{"pointX":0.5,"pointY":0.5}},"objectID":"0","layers":[{"animations":[],"initialState":{"affineTransform":[1,0,0,1,0,0],"masksToBounds":false,"rotation":0,"scale":1,"position":{"pointX":512,"pointY":384},"width":1024,"sublayerTransform":[1,0,0,0,0,1,0,0,0,0,1,-0.00049229876906403734,0,0,0,1],"contentsRect":{"y":0,"x":0,"width":1,"height":1},"opacity":1,"edgeAntialiasingMask":251658240,"height":768,"hidden":false,"anchorPoint":{"pointX":0.5,"pointY":0.5}},"layers":[{"animations":[],"layers":[],"texturedRectangle":{"isBackgroundTexture":false,"singleTextureOpacity":1,"textureType":0,"textBaseline":0,"textXHeight":0,"isVerticalText":false},"initialState":{"affineTransform":[1,0,0,1,0,0],"masksToBounds":false,"rotation":0,"scale":1,"position":{"pointX":512,"pointY":384},"width":1024,"sublayerTransform":[1,0,0,0,0,1,0,0,0,0,1,0,0,0,0,1],"contentsRect":{"y":0,"x":0,"width":1,"height":1},"opacity":1,"edgeAntialiasingMask":0,"height":768,"hidden":false,"anchorPoint":{"pointX":0.5,"pointY":0.5}},"texture":"5E7041D20B14B3525EF896783C32C304"},{"animations":[{"timeOffset":0,"from":{"scalar":false},"beginTime":0,"repeatCount":0,"fillMode":"both","property":"hidden","autoreverses":false,"duration":0.01,"to":{"scalar":true}}],"layers":[],"texturedRectangle":{"isBackgroundTexture":false,"singleTextureOpacity":1,"textureType":0,"textBaseline":0,"textXHeight":0,"isVerticalText":false},"initialState":{"affineTransform":[1,0,0,1,0,0],"masksToBounds":false,"rotation":0,"scale":1,"position":{"pointX":512,"pointY":384},"width":1024,"sublayerTransform":[1,0,0,0,0,1,0,0,0,0,1,0,0,0,0,1],"contentsRect":{"y":0,"x":0,"width":1,"height":1},"opacity":1,"edgeAntialiasingMask":0,"height":768,"hidden":false,"anchorPoint":{"pointX":0.5,"pointY":0.5}},"texture":"23F8F643FEAD08F95052D8E37B4B059B"}]}]},"effects":[],"duration":0.01,"type":"transition","attributes":{"direction":0},"name":"none","objectID":"0"}],"automaticPlay":false,"hyperlinks":[{"url":"http:\/\/GitHub.com\/scifiltr","targetRectangle":{"y":285.86000606536868,"x":997.00002217292786,"width":17.564895629882812,"height":135.49499999999995}}],"accessibility":[{"text":"+","targetRectangle":{"y":270.7098388671875,"x":782.30117205046884,"width":4.8000000000000682,"height":9.7679443359375}},{"text":"y","targetRectangle":{"y":159,"x":346.6328405401303,"width":8.3040000000000305,"height":18.535888671875}},{"text":"RATING","targetRectangle":{"y":217.63385009765625,"x":550.72738611314401,"width":29.048000000000002,"height":9.7679443359375}},{"text":"+","targetRectangle":{"y":163.87042236328125,"x":888.79750994109384,"width":4.8000000000000682,"height":9.7679443359375}},{"text":"FAC-TORING\/ DISCOUN-TING","targetRectangle":{"y":204.29010009765625,"x":441.38966831697877,"width":34.740999999999985,"height":35.796951293945312}},{"text":"x<0","targetRectangle":{"y":311,"x":607.49028171641794,"width":27.087999999999965,"height":18.535888671875}},{"text":"y>0","targetRectangle":{"y":330,"x":607.6275361462325,"width":26.799999999999955,"height":18.535888671875}},{"text":"+","targetRectangle":{"y":270.7098388671875,"x":888.79750994109384,"width":4.8000000000000682,"height":9.7679443359375}},{"text":"yellow\/warm","targetRectangle":{"y":693.13555926084518,"x":127.20818328857422,"width":90.031999999999982,"height":17.552001953125}},{"text":"AC-COUNTING","targetRectangle":{"y":160.33261108398438,"x":655.77145176424438,"width":36.946000000000026,"height":17.796951293945312}},{"text":"x>0","targetRectangle":{"y":420,"x":714.99028171641794,"width":27.087999999999965,"height":18.535888671875}},{"text":"y<0","targetRectangle":{"y":439,"x":715.1275361462325,"width":26.799999999999955,"height":18.535888671875}},{"text":"YIELD","targetRectangle":{"y":217.29010009765625,"x":879.7895099410938,"width":22.816000000000031,"height":9.7679443359375}},{"text":"green\/tepid whereby x,y,z ≥ 0","targetRectangle":{"y":676.74469012022018,"x":699.40142822265625,"width":210.49600000000009,"height":17.552001953125}},{"text":"blue\/cold","targetRectangle":{"y":676.74469012022018,"x":126.40740203857422,"width":66.671999999999997,"height":17.552001953125}},{"text":"CON-TROLLING","targetRectangle":{"y":266.17202758789062,"x":654.38919904058355,"width":39.711999999999989,"height":19.7679443359375}},{"text":"z","targetRectangle":{"y":321,"x":723.78481002255216,"width":8,"height":18.535888671875}},{"text":"-x","targetRectangle":{"y":213.5,"x":289.37853222453117,"width":14.816000000000031,"height":18.535888671875}},{"text":"COST","targetRectangle":{"y":217.29010009765625,"x":773.80917205046887,"width":21.783999999999992,"height":9.7679443359375}},{"text":"red\/hotspot","targetRectangle":{"y":675.74469012022018,"x":274.4705810546875,"width":83.279999999999973,"height":17.552001953125}},{"text":"+","targetRectangle":{"y":164.91287231445312,"x":618.26778582000009,"width":4.8000000000000682,"height":9.7679443359375}},{"text":"PROPA-GANDA","targetRectangle":{"y":428.62960815429688,"x":173.16651813526704,"width":30.240000000000009,"height":19.7679443359375}},{"text":"+","targetRectangle":{"y":271.75228881835938,"x":618.26778582000009,"width":4.8000000000000682,"height":9.7679443359375}},{"text":"© 2019-12-02 by Jens T. Hinrichs\/MathDIY – GitHub.com\/scifiltr","targetRectangle":{"y":285.86000606536868,"x":997.00002217292786,"width":17.564895629882812,"height":452.27999999999997}},{"text":"+","targetRectangle":{"y":326.87039184570312,"x":132.31733873748055,"width":4.8000000000000114,"height":9.7679443359375}},{"text":"-y","targetRectangle":{"y":431,"x":829.77256274210936,"width":14.527999999999906,"height":18.535888671875}},{"text":"STRUC-TURE","targetRectangle":{"y":589.62957763671875,"x":497.99771454639983,"width":30.224000000000046,"height":19.7679443359375}},{"text":"+","targetRectangle":{"y":164.91287231445312,"x":724.76412371062509,"width":4.8000000000000682,"height":9.7679443359375}},{"text":"+","targetRectangle":{"y":271.75228881835938,"x":724.76412371062509,"width":4.8000000000000682,"height":9.7679443359375}},{"text":"FAKE NEWS\/SCIENCE","targetRectangle":{"y":423.70986938476562,"x":117.31924986089184,"width":34.815999999999988,"height":29.7679443359375}},{"text":"-z","targetRectangle":{"y":431,"x":775.92450170695304,"width":14.224000000000046,"height":18.535888671875}},{"text":"balanced score compass","targetRectangle":{"y":676.74469012022018,"x":452.34527587890625,"width":179.60000000000002,"height":17.552001953125}},{"text":"+","targetRectangle":{"y":487.87042236328125,"x":457.14052751921884,"width":4.8000000000000114,"height":9.7679443359375}},{"text":"-y","targetRectangle":{"y":268.5,"x":343.52253222453118,"width":14.52800000000002,"height":18.535888671875}},{"text":"EFFECT","targetRectangle":{"y":541.63385009765625,"x":550.99309167955028,"width":30.087999999999965,"height":9.7679443359375}},{"text":"+","targetRectangle":{"y":594.7098388671875,"x":457.14052751921884,"width":4.8000000000000114,"height":9.7679443359375}},{"text":"x<0","targetRectangle":{"y":311.5,"x":769.40092624766794,"width":27.087999999999965,"height":18.535888671875}},{"text":"y>0","targetRectangle":{"y":330.5,"x":769.5381806774825,"width":26.799999999999955,"height":18.535888671875}},{"text":"-z","targetRectangle":{"y":268.5,"x":289.67453222453116,"width":14.224000000000046,"height":18.535888671875}},{"text":"CAUSE","targetRectangle":{"y":541.63385009765625,"x":445.98469275376902,"width":27.112000000000023,"height":9.7679443359375}},{"text":"+","targetRectangle":{"y":487.87042236328125,"x":563.63692644500009,"width":4.8000000000000682,"height":9.7679443359375}},{"text":"x>0","targetRectangle":{"y":420.5,"x":876.90098728282419,"width":27.087999999999965,"height":18.535888671875}},{"text":"y<0","targetRectangle":{"y":439.5,"x":877.03824171263875,"width":26.799999999999955,"height":18.535888671875}},{"text":"PROCESS","targetRectangle":{"y":487.3839111328125,"x":493.99592268084331,"width":38.232000000000028,"height":9.7679443359375}},{"text":"-z","targetRectangle":{"y":430.5,"x":289.67453222453116,"width":14.224000000000046,"height":18.535888671875}},{"text":"x<0","targetRectangle":{"y":149,"x":283.15095676524601,"width":27.088000000000022,"height":18.535888671875}},{"text":"y>0","targetRectangle":{"y":168,"x":283.28821119506063,"width":26.800000000000011,"height":18.535888671875}},{"text":"INVEST-MENT","targetRectangle":{"y":482.7901611328125,"x":659.26897284718109,"width":29.936000000000035,"height":19.7679443359375}},{"text":"+","targetRectangle":{"y":594.7098388671875,"x":563.63692644500009,"width":4.8000000000000682,"height":9.7679443359375}},{"text":"z","targetRectangle":{"y":321.5,"x":885.69551558895841,"width":8,"height":18.535888671875}},{"text":"FINAN-CING","targetRectangle":{"y":589.62957763671875,"x":660.75297284718113,"width":26.967999999999961,"height":19.7679443359375}},{"text":"MAXIMAL PRINCIPLE","targetRectangle":{"y":215.30130004882812,"x":708.82318510730693,"width":36.69399999999996,"height":17.796951293945312}},{"text":"x","targetRectangle":{"y":537.5,"x":886.15854879208348,"width":8.5919999999999845,"height":18.535888671875}},{"text":"+","targetRectangle":{"y":487.87042236328125,"x":618.26778582000009,"width":4.8000000000000682,"height":9.7679443359375}},{"text":"MINIMAL PRIN-CIPLE","targetRectangle":{"y":208.50442504882812,"x":603.43890952845982,"width":36.600000000000023,"height":29.7679443359375}},{"text":"orange\/spotlight","targetRectangle":{"y":692.13555926084518,"x":274.130126953125,"width":117.04000000000002,"height":17.552001953125}},{"text":"balanced score criteria","targetRectangle":{"y":693.53259295225143,"x":451.8446044921875,"width":162.67200000000003,"height":17.552001953125}},{"text":"z","targetRectangle":{"y":321,"x":399.44548507138029,"width":8,"height":18.535888671875}},{"text":"+","targetRectangle":{"y":594.7098388671875,"x":618.26778582000009,"width":4.8000000000000682,"height":9.7679443359375}},{"text":"AKTIVA","targetRectangle":{"y":163.6339111328125,"x":824.48868738267527,"width":27.567999999999984,"height":9.7679443359375}},{"text":"y","targetRectangle":{"y":321,"x":346.6328405401303,"width":8.3040000000000305,"height":18.535888671875}},{"text":"+","targetRectangle":{"y":487.87042236328125,"x":724.76418474578134,"width":4.8000000000000682,"height":9.7679443359375}},{"text":"-y","targetRectangle":{"y":430.5,"x":343.52253222453118,"width":14.52800000000002,"height":18.535888671875}},{"text":" + unknown sidekick (placeholder)","targetRectangle":{"y":692.85076922178268,"x":675.1910400390625,"width":243.12000000000012,"height":17.552001953125}},{"text":"+","targetRectangle":{"y":594.7098388671875,"x":724.76418474578134,"width":4.8000000000000682,"height":9.7679443359375}},{"text":"+","targetRectangle":{"y":270.7098388671875,"x":456.35485247039071,"width":4.8000000000000114,"height":9.7679443359375}},{"text":"-x","targetRectangle":{"y":375.5,"x":289.37853222453117,"width":14.816000000000031,"height":18.535888671875}},{"text":"CREDIT","targetRectangle":{"y":541.63385009765625,"x":712.5683499803315,"width":29.192000000000007,"height":9.7679443359375}},{"text":"+","targetRectangle":{"y":163.87042236328125,"x":562.85122087859384,"width":4.8000000000000682,"height":9.7679443359375}},{"text":"x","targetRectangle":{"y":375.5,"x":399.9888405401303,"width":8.5920000000000414,"height":18.535888671875}},{"text":"DEBIT","targetRectangle":{"y":541.29010009765625,"x":608.95978582000009,"width":23.416000000000054,"height":9.7679443359375}},{"text":"-x","targetRectangle":{"y":537.5,"x":775.5481794413281,"width":14.815999999999917,"height":18.535888671875}},{"text":"ATTRI-BUTION","targetRectangle":{"y":158.2901611328125,"x":497.21626569097413,"width":30.232000000000028,"height":19.7679443359375}},{"text":"DEPRE-CIATION","targetRectangle":{"y":266.12957763671875,"x":498.58351841463502,"width":27.495999999999981,"height":17.796951293945312}},{"text":"x<0","targetRectangle":{"y":311,"x":283.15095676524601,"width":27.088000000000022,"height":18.535888671875}},{"text":"y>0","targetRectangle":{"y":330,"x":283.28821119506063,"width":26.800000000000011,"height":18.535888671875}},{"text":"x>0","targetRectangle":{"y":420,"x":390.65095676524601,"width":27.088000000000022,"height":18.535888671875}},{"text":"y<0","targetRectangle":{"y":439,"x":390.78821119506063,"width":26.800000000000011,"height":18.535888671875}},{"text":"INVES-TIGATIVE RESEARCH\/LEAK","targetRectangle":{"y":313.87039184570312,"x":220.99254588045531,"width":40.453000000000003,"height":35.796951293945312}},{"text":"+","targetRectangle":{"y":433.70986938476562,"x":238.81373003386727,"width":4.8000000000000114,"height":9.7679443359375}},{"text":"-z","targetRectangle":{"y":430.5,"x":614.01385717570304,"width":14.224000000000046,"height":18.535888671875}},{"text":"RIGHT TO FORGET","targetRectangle":{"y":212.99325561523438,"x":222.46551091546644,"width":39.720000000000027,"height":19.7679443359375}},{"text":"JOUR-NALISM","targetRectangle":{"y":375.29013061523438,"x":226.10779315679446,"width":30.22399999999999,"height":19.7679443359375}},{"text":"y","targetRectangle":{"y":321,"x":670.97216549130223,"width":8.3039999999999736,"height":18.535888671875}},{"text":"z","targetRectangle":{"y":159,"x":399.44551558895841,"width":8,"height":18.535888671875}},{"text":"HATE SPEECH","targetRectangle":{"y":212.29013061523438,"x":118.6492481738843,"width":32.151999999999987,"height":19.7679443359375}},{"text":"PUBLIC RELATION","targetRectangle":{"y":375.79013061523438,"x":115.37978666045615,"width":38.687999999999988,"height":19.7679443359375}},{"text":"-z","targetRectangle":{"y":592.5,"x":775.84417944132804,"width":14.224000000000046,"height":18.535888671875}},{"text":"-y","targetRectangle":{"y":430.5,"x":667.86185717570311,"width":14.527999999999906,"height":18.535888671875}},{"text":"PRIVACY PROTEC-TION","targetRectangle":{"y":153.46200561523438,"x":170.43061013649395,"width":37.011041091184609,"height":29.7679443359375}},{"text":"INTENDED TARGETS","targetRectangle":{"y":482.73544311523438,"x":166.96053762431941,"width":42.376000000000005,"height":19.7679443359375}},{"text":"x<0","targetRectangle":{"y":473,"x":769.32060398204294,"width":27.087999999999965,"height":18.535888671875}},{"text":"y>0","targetRectangle":{"y":492,"x":769.4578584118575,"width":26.799999999999955,"height":18.535888671875}},{"text":"DATA RETEN-TION","targetRectangle":{"y":260.12960815429688,"x":173.61852751921884,"width":29.343999999999994,"height":29.7679443359375}},{"text":"y","targetRectangle":{"y":483,"x":832.80254879208348,"width":8.3039999999999736,"height":18.535888671875}},{"text":"+","targetRectangle":{"y":594.86248779296875,"x":294.47985247039071,"width":4.8000000000000114,"height":9.7679443359375}},{"text":"x>0","targetRectangle":{"y":258,"x":390.65095676524601,"width":27.088000000000022,"height":18.535888671875}},{"text":"y<0","targetRectangle":{"y":277,"x":390.78821119506063,"width":26.800000000000011,"height":18.535888671875}},{"text":"ACTUAL VALUES","targetRectangle":{"y":589.14520263671875,"x":171.25633108113169,"width":33.783999999999992,"height":19.7679443359375}},{"text":"-x","targetRectangle":{"y":375.5,"x":613.7178571757031,"width":14.815999999999917,"height":18.535888671875}},{"text":"x>0","targetRectangle":{"y":582,"x":876.82066501719919,"width":27.087999999999965,"height":18.535888671875}},{"text":"y<0","targetRectangle":{"y":601,"x":876.95791944701375,"width":26.799999999999955,"height":18.535888671875}},{"text":"+","targetRectangle":{"y":163.87039184570312,"x":132.31918505095712,"width":4.8000000000000114,"height":9.7679443359375}},{"text":"-y","targetRectangle":{"y":592.5,"x":829.69224047648436,"width":14.527999999999906,"height":18.535888671875}},{"text":"+","targetRectangle":{"y":488.02304077148438,"x":400.97625139617196,"width":4.8000000000000114,"height":9.7679443359375}},{"text":"+","targetRectangle":{"y":487.87039184570312,"x":131.06738451384774,"width":4.8000000000000114,"height":9.7679443359375}},{"text":"x","targetRectangle":{"y":375.5,"x":724.32816549130223,"width":8.5919999999999845,"height":18.535888671875}},{"text":"z","targetRectangle":{"y":483,"x":885.61519332333341,"width":8,"height":18.535888671875}},{"text":"+","targetRectangle":{"y":596.36248779296875,"x":401.57697241966372,"width":3.6000000000000227,"height":6.825958251953125}},{"text":"-x","targetRectangle":{"y":376,"x":451.37853222453117,"width":14.816000000000031,"height":18.535888671875}},{"text":"LESS PRIORITY","targetRectangle":{"y":589.7098388671875,"x":114.94544763677493,"width":37.055999999999983,"height":19.7679443359375}},{"text":"GROWTH BY","targetRectangle":{"y":536.4583740234375,"x":385.44585549519417,"width":38.080000000000041,"height":19.7679443359375}},{"text":"x","targetRectangle":{"y":376,"x":561.98881002255223,"width":8.5919999999999845,"height":18.535888671875}},{"text":"MORE PRIORITY","targetRectangle":{"y":482.87039184570312,"x":221.44183893316165,"width":37.055999999999983,"height":19.7679443359375}},{"text":"x","targetRectangle":{"y":213.5,"x":399.9888405401303,"width":8.5920000000000414,"height":18.535888671875}},{"text":"CRISIS BY","targetRectangle":{"y":542.3489990234375,"x":277.25076504292156,"width":39.263999999999953,"height":9.7679443359375}},{"text":"y","targetRectangle":{"y":321.5,"x":508.6328405401303,"width":8.3040000000000305,"height":18.535888671875}},{"text":"+","targetRectangle":{"y":594.7098388671875,"x":237.56377581023446,"width":4.8000000000000114,"height":9.7679443359375}},{"text":"PASSIVA","targetRectangle":{"y":270.84832763671875,"x":822.04729042063775,"width":32.456000000000017,"height":9.7679443359375}},{"text":"GROWTH","targetRectangle":{"y":541.38385009765625,"x":222.0358208742027,"width":35.856000000000023,"height":9.7679443359375}},{"text":"+","targetRectangle":{"y":272.20986938476562,"x":132.91990607444887,"width":3.5999999999999943,"height":6.825958251953125}},{"text":"y","targetRectangle":{"y":321.5,"x":832.88287105770848,"width":8.3039999999999736,"height":18.535888671875}},{"text":"x<0","targetRectangle":{"y":311.5,"x":445.15095676524601,"width":27.088000000000022,"height":18.535888671875}},{"text":"y>0","targetRectangle":{"y":330.5,"x":445.28821119506063,"width":26.800000000000011,"height":18.535888671875}},{"text":"+","targetRectangle":{"y":163.87042236328125,"x":782.30117205046884,"width":4.8000000000000682,"height":9.7679443359375}},{"text":"+","targetRectangle":{"y":489.52304077148438,"x":295.08057349388247,"width":3.6000000000000227,"height":6.825958251953125}},{"text":"SHARE","targetRectangle":{"y":541.63385009765625,"x":119.98354974839795,"width":26.968000000000004,"height":9.7679443359375}},{"text":"+","targetRectangle":{"y":165.37039184570312,"x":239.41629737083559,"width":3.5999999999999943,"height":6.825958251953125}},{"text":"x>0","targetRectangle":{"y":420.5,"x":552.65092624766794,"width":27.087999999999965,"height":18.535888671875}},{"text":"y<0","targetRectangle":{"y":439.5,"x":552.7881806774825,"width":26.799999999999955,"height":18.535888671875}},{"text":"+","targetRectangle":{"y":270.70986938476562,"x":238.81557634734384,"width":4.8000000000000114,"height":9.7679443359375}},{"text":"-y","targetRectangle":{"y":431,"x":505.52253222453118,"width":14.527999999999963,"height":18.535888671875}},{"text":"FACT-CHECKING","targetRectangle":{"y":322.29013061523438,"x":169.95399705233032,"width":36.680000000000007,"height":17.796951293945312}},{"text":"-x","targetRectangle":{"y":376,"x":775.6285017069531,"width":14.815999999999917,"height":18.535888671875}},{"text":"ADDRESS TO","targetRectangle":{"y":482.45840454101562,"x":331.48480666706917,"width":40.152000000000044,"height":19.7679443359375}},{"text":"+","targetRectangle":{"y":163.87042236328125,"x":456.35485247039071,"width":4.8000000000000114,"height":9.7679443359375}},{"text":"z","targetRectangle":{"y":321.5,"x":561.44551558895841,"width":8,"height":18.535888671875}},{"text":"-z","targetRectangle":{"y":431,"x":451.67453222453116,"width":14.224000000000046,"height":18.535888671875}},{"text":"x","targetRectangle":{"y":376,"x":886.23887105770848,"width":8.5919999999999845,"height":18.535888671875}},{"text":"CARE OF","targetRectangle":{"y":595.1884765625,"x":333.03811514057776,"width":34.83200000000005,"height":9.7679443359375}},{"text":"MathDIY presents: The Interaction Law in competing ecosystems using a Balanced Score Cube (4\/7)","targetRectangle":{"y":28.075897216796875,"x":62.829999999999927,"width":898.34000000000015,"height":23.44000244140625}},{"text":"+","targetRectangle":{"y":270.7098388671875,"x":562.85122087859384,"width":4.8000000000000682,"height":9.7679443359375}}],"baseLayer":{"animations":[],"initialState":{"affineTransform":[1,0,0,1,0,0],"masksToBounds":false,"rotation":0,"scale":1,"position":{"pointX":512,"pointY":384},"width":1024,"sublayerTransform":[1,0,0,0,0,1,0,0,0,0,1,0,0,0,0,1],"contentsRect":{"y":0,"x":0,"width":1,"height":1},"opacity":1,"edgeAntialiasingMask":251658240,"height":768,"hidden":false,"anchorPoint":{"pointX":0.5,"pointY":0.5}},"objectID":"0","layers":[{"animations":[],"initialState":{"affineTransform":[1,0,0,1,0,0],"masksToBounds":false,"rotation":0,"scale":1,"position":{"pointX":512,"pointY":384},"width":1024,"sublayerTransform":[1,0,0,0,0,1,0,0,0,0,1,-0.00049229876906403734,0,0,0,1],"contentsRect":{"y":0,"x":0,"width":1,"height":1},"opacity":1,"edgeAntialiasingMask":251658240,"height":768,"hidden":false,"anchorPoint":{"pointX":0.5,"pointY":0.5}},"layers":[{"animations":[],"layers":[],"texturedRectangle":{"isBackgroundTexture":false,"singleTextureOpacity":1,"textureType":0,"textBaseline":0,"textXHeight":0,"isVerticalText":false},"initialState":{"affineTransform":[1,0,0,1,0,0],"masksToBounds":false,"rotation":0,"scale":1,"position":{"pointX":512,"pointY":384},"width":1024,"sublayerTransform":[1,0,0,0,0,1,0,0,0,0,1,0,0,0,0,1],"contentsRect":{"y":0,"x":0,"width":1,"height":1},"opacity":1,"edgeAntialiasingMask":0,"height":768,"hidden":false,"anchorPoint":{"pointX":0.5,"pointY":0.5}},"texture":"23F8F643FEAD08F95052D8E37B4B059B"}]}]}}]}