{"assets":{"D799E1AB81FC87BC5A8EC6D43E32F2A7":{"type":"texture","index":1,"assetRequest":{"type":"slide","state":"contents","slide":"none"},"url":{"native":"assets\/F5057EA2-4716-4807-A6B6-2DFCA1C75B8A.pdf"},"width":1024,"height":768},"BB0AC21365A3012E0B08A05268A916B8":{"type":"texture","index":0,"assetRequest":{"type":"slide","state":"contents","slide":"none"},"url":{"native":"assets\/F5057EA2-4716-4807-A6B6-2DFCA1C75B8A.pdf"},"width":1024,"height":768}},"events":[{"effects":[{"beginTime":0,"baseLayer":{"animations":[],"initialState":{"affineTransform":[1,0,0,1,0,0],"masksToBounds":false,"rotation":0,"scale":1,"position":{"pointX":512,"pointY":384},"width":1024,"sublayerTransform":[1,0,0,0,0,1,0,0,0,0,1,0,0,0,0,1],"contentsRect":{"y":0,"x":0,"width":1,"height":1},"opacity":1,"edgeAntialiasingMask":251658240,"height":768,"hidden":false,"anchorPoint":{"pointX":0.5,"pointY":0.5}},"objectID":"0","layers":[{"animations":[],"initialState":{"affineTransform":[1,0,0,1,0,0],"masksToBounds":false,"rotation":0,"scale":1,"position":{"pointX":512,"pointY":384},"width":1024,"sublayerTransform":[1,0,0,0,0,1,0,0,0,0,1,-0.00049229876906403734,0,0,0,1],"contentsRect":{"y":0,"x":0,"width":1,"height":1},"opacity":1,"edgeAntialiasingMask":251658240,"height":768,"hidden":false,"anchorPoint":{"pointX":0.5,"pointY":0.5}},"layers":[{"animations":[],"layers":[],"texturedRectangle":{"isBackgroundTexture":false,"singleTextureOpacity":1,"textureType":0,"textBaseline":0,"textXHeight":0,"isVerticalText":false},"initialState":{"affineTransform":[1,0,0,1,0,0],"masksToBounds":false,"rotation":0,"scale":1,"position":{"pointX":512,"pointY":384},"width":1024,"sublayerTransform":[1,0,0,0,0,1,0,0,0,0,1,0,0,0,0,1],"contentsRect":{"y":0,"x":0,"width":1,"height":1},"opacity":1,"edgeAntialiasingMask":0,"height":768,"hidden":false,"anchorPoint":{"pointX":0.5,"pointY":0.5}},"texture":"D799E1AB81FC87BC5A8EC6D43E32F2A7"},{"animations":[{"timeOffset":0,"from":{"scalar":false},"beginTime":0,"repeatCount":0,"fillMode":"both","property":"hidden","autoreverses":false,"duration":0.01,"to":{"scalar":true}}],"layers":[],"texturedRectangle":{"isBackgroundTexture":false,"singleTextureOpacity":1,"textureType":0,"textBaseline":0,"textXHeight":0,"isVerticalText":false},"initialState":{"affineTransform":[1,0,0,1,0,0],"masksToBounds":false,"rotation":0,"scale":1,"position":{"pointX":512,"pointY":384},"width":1024,"sublayerTransform":[1,0,0,0,0,1,0,0,0,0,1,0,0,0,0,1],"contentsRect":{"y":0,"x":0,"width":1,"height":1},"opacity":1,"edgeAntialiasingMask":0,"height":768,"hidden":false,"anchorPoint":{"pointX":0.5,"pointY":0.5}},"texture":"BB0AC21365A3012E0B08A05268A916B8"}]}]},"effects":[],"duration":0.01,"type":"transition","attributes":{"direction":0},"name":"none","objectID":"0"}],"automaticPlay":false,"hyperlinks":[{"url":"http:\/\/GitHub.com\/scifiltr","targetRectangle":{"y":281.86000606536868,"x":997.00002217292786,"width":17.564895629882812,"height":135.49499999999995}}],"accessibility":[{"text":"split or shrink the \\u2028supply chains \\u2028has cause and impact on STRATEGY","targetRectangle":{"y":128.43878173828125,"x":257.85077949020581,"width":141.61000000000001,"height":66.593902587890625}},{"text":"© 2019-10-20 by Jens T. Hinrichs\/MathDIY – GitHub.com\/scifiltr","targetRectangle":{"y":281.86000606536868,"x":997.00002217292786,"width":17.564895629882812,"height":452.27999999999997}},{"text":"analyzing Organizational Segmentation of business units and assets before CHANGING the STRUCTURES","targetRectangle":{"y":104.00653839111328,"x":635.03122926585559,"width":130.40999999999997,"height":113.59390258789062}},{"text":"Slacks:","targetRectangle":{"y":121.10986328125,"x":853.48638570089486,"width":60.437999999999988,"height":16.593902587890625}},{"text":"project management besides current procedures \\u2028and planning on time","targetRectangle":{"y":138.10986328125,"x":817.95438187611057,"width":134.225004583241,"height":63.608001708984375}},{"text":"Rate the STYLE AND STACK OF foreign","targetRectangle":{"y":562.12890625,"x":444.44299736155415,"width":139.00599999999997,"height":33.593902587890625}},{"text":"EXPERTISE AND given EXPERIENCES","targetRectangle":{"y":596.12890625,"x":437.45700304802972,"width":152.97800000000007,"height":33.593902587890625}},{"text":"intercultural Systems:\\u2028obstacles, stereotypes, environment, behavior, markets and fiscal ecosystem","targetRectangle":{"y":548.01953125,"x":625.6862166795737,"width":149.10000000000002,"height":96.608001708984375}},{"text":"social benefits:\\u2028 image, integrity, absolute economics, exploration, innovation","targetRectangle":{"y":546.97265625,"x":261.99979210088895,"width":133.81200000000001,"height":97.608001708984375}},{"text":"OWN Skills and creative STAFF:\\u2028talent stack, human capital, S.W.A.T. (skills, willingness to change sth., action to be taken, team or techniques), experiences, patents","targetRectangle":{"y":322.00961303710938,"x":49.035588305725213,"width":186.41,"height":113.60800170898438}},{"text":"Stakeholders:\\u2028public interests, lobbyism and policies, sponsors","targetRectangle":{"y":564.0703125,"x":70.406589328356063,"width":143.66799999999998,"height":64.608001708984375}},{"text":"… is\\u2028superset\/subset of … or equal to Superordinate GOALS: profiteering, social engineering, utility maximization, lobbyism, market leadership, branding, cultural of concealment","targetRectangle":{"y":297.46783447265625,"x":379.10131445312498,"width":270.24000000000007,"height":139.552001953125}},{"text":"share-ability:\\u2028participation, performance productivity, profits, refurbishing, evaluable usage, scales","targetRectangle":{"y":97.321586608886719,"x":78.575591630280286,"width":127.32999999999998,"height":129.60800170898438}},{"text":"Shareholders:\\u2028investors, interest rates, suffrages, voting rights","targetRectangle":{"y":572.08203125,"x":809.02938630394999,"width":153.24399999999991,"height":48.608001708984375}},{"text":"DNA by Enterprise (E) : 12-S🄔-Molecule (business centrifuge)","targetRectangle":{"y":25,"x":196.11509310604094,"width":623.76981378791811,"height":32}},{"text":"blue\/cold = nitrogen cycle","targetRectangle":{"y":718.33787509799004,"x":53.795584917068481,"width":172.99799999999996,"height":16.593902587890625}},{"text":"yellow\/warm = temperate climate","targetRectangle":{"y":718.33787509799004,"x":273.23930501937866,"width":222.93599999999998,"height":16.593902587890625}},{"text":"questioning and fact-checking the synergies: \\u2028Make or buy?\\u2028Do we really need to opt-in?\\u2028Can we opt-out when we fail? \\u2028Where is the USP?\\u2028Should we really monetize workflow even more?","targetRectangle":{"y":298.63070678710938,"x":790.24838046855916,"width":197.80600000000004,"height":160.60800170898438}},{"text":"green\/tepid= atmospheric oxygen","targetRectangle":{"y":718.33787509799004,"x":542.62102460861206,"width":225.11999999999989,"height":16.593902587890625}},{"text":"storage OF energy:\\u2028assortments in stock, capital surplus, cash flow, savings,","targetRectangle":{"y":96.530960083007812,"x":444.9609969998657,"width":137.96999999999997,"height":81.608001708984375}},{"text":"unused reserves, renewable","targetRectangle":{"y":178.53096008300781,"x":458.70900491281321,"width":110.47399999999999,"height":31.608001708984375}},{"text":" resources","targetRectangle":{"y":210.53096008300781,"x":479.45699468715554,"width":65.086000000000013,"height":15.608001708984375}},{"text":"orange\/hot = spotlight","targetRectangle":{"y":718.33793613314629,"x":814.18669700622559,"width":148.65200000000004,"height":16.593902587890625}}],"baseLayer":{"animations":[],"initialState":{"affineTransform":[1,0,0,1,0,0],"masksToBounds":false,"rotation":0,"scale":1,"position":{"pointX":512,"pointY":384},"width":1024,"sublayerTransform":[1,0,0,0,0,1,0,0,0,0,1,0,0,0,0,1],"contentsRect":{"y":0,"x":0,"width":1,"height":1},"opacity":1,"edgeAntialiasingMask":251658240,"height":768,"hidden":false,"anchorPoint":{"pointX":0.5,"pointY":0.5}},"objectID":"0","layers":[{"animations":[],"initialState":{"affineTransform":[1,0,0,1,0,0],"masksToBounds":false,"rotation":0,"scale":1,"position":{"pointX":512,"pointY":384},"width":1024,"sublayerTransform":[1,0,0,0,0,1,0,0,0,0,1,-0.00049229876906403734,0,0,0,1],"contentsRect":{"y":0,"x":0,"width":1,"height":1},"opacity":1,"edgeAntialiasingMask":251658240,"height":768,"hidden":false,"anchorPoint":{"pointX":0.5,"pointY":0.5}},"layers":[{"animations":[],"layers":[],"texturedRectangle":{"isBackgroundTexture":false,"singleTextureOpacity":1,"textureType":0,"textBaseline":0,"textXHeight":0,"isVerticalText":false},"initialState":{"affineTransform":[1,0,0,1,0,0],"masksToBounds":false,"rotation":0,"scale":1,"position":{"pointX":512,"pointY":384},"width":1024,"sublayerTransform":[1,0,0,0,0,1,0,0,0,0,1,0,0,0,0,1],"contentsRect":{"y":0,"x":0,"width":1,"height":1},"opacity":1,"edgeAntialiasingMask":0,"height":768,"hidden":false,"anchorPoint":{"pointX":0.5,"pointY":0.5}},"texture":"BB0AC21365A3012E0B08A05268A916B8"}]}]}}]}