{"autoplayTransitionDelay":5,"author":"","timestamp":"2019-22-27 16:12:2","loopSlideshow":0,"filename":"MathDIY-attachments","autoplayBuildDelay":2,"comment":"","title":"MathDIY-attachments","showMode":0,"creator":"Apple Keynote 9.2.1","slideList":["F5057EA2-4716-4807-A6B6-2DFCA1C75B8A","ED32BB63-B1C7-4861-B9C6-5C105C02FDD6","68B1E814-230B-4202-9067-08ED332626C3","B85C050B-49A5-4628-9A73-F47A4355A890","48F174D6-289B-457C-89EC-A51404BEFF39","85DFC759-7A0A-4DF4-90B5-459E5949AA51","05B1B9E5-B46D-4270-80BF-10094A049031","E16B4782-8C56-4E8B-964B-F23823D33728","D3CE55C5-36C9-48A8-8587-28991805E1E4","B27D633E-ECFA-4B24-8345-8030230EABFA","77210F3A-B9F8-4154-8AE6-C1F0CEEDFC79","13B20704-C48B-44E7-8A85-321369F7CBC9","6BE18B3A-D5F4-4FE3-BC2D-D832056B5FA5","F1CB4D8B-8522-40D9-8A18-18C2D067E403","7553BA76-517C-4FE6-88D3-2A2E251C7BF3","82B1CC33-FEF2-46B8-BEAA-A941C2D8153A"],"soundtrack":{"mode":0,"volume":1},"slideWidth":1024,"slideHeight":768,"slideCount":16,"majorVersion":1,"minorVersion":2,"fonts":["Helvetica-Light","HelveticaNeue-Light","HelveticaNeue-Bold","HelveticaNeue","HelveticaNeue-Italic","Helvetica","HelveticaNeue-Thin","GillSans","HelveticaNeue-Medium"]}