{"assets":{"D349FD063F9F0ADCB612E6AA9C12F874":{"type":"texture","index":0,"assetRequest":{"type":"slide","state":"contents","slide":"none"},"url":{"native":"assets\/F1CB4D8B-8522-40D9-8A18-18C2D067E403.pdf"},"width":1024,"height":768},"99D8C89FCAEB05B686D2FAEF798A848C":{"type":"texture","index":1,"assetRequest":{"type":"slide","state":"contents","slide":"none"},"url":{"native":"assets\/F1CB4D8B-8522-40D9-8A18-18C2D067E403.pdf"},"width":1024,"height":768}},"events":[{"effects":[{"beginTime":0,"baseLayer":{"animations":[],"initialState":{"affineTransform":[1,0,0,1,0,0],"masksToBounds":false,"rotation":0,"scale":1,"position":{"pointX":512,"pointY":384},"width":1024,"sublayerTransform":[1,0,0,0,0,1,0,0,0,0,1,0,0,0,0,1],"contentsRect":{"y":0,"x":0,"width":1,"height":1},"opacity":1,"edgeAntialiasingMask":251658240,"height":768,"hidden":false,"anchorPoint":{"pointX":0.5,"pointY":0.5}},"objectID":"0","layers":[{"animations":[],"initialState":{"affineTransform":[1,0,0,1,0,0],"masksToBounds":false,"rotation":0,"scale":1,"position":{"pointX":512,"pointY":384},"width":1024,"sublayerTransform":[1,0,0,0,0,1,0,0,0,0,1,-0.00049229876906403734,0,0,0,1],"contentsRect":{"y":0,"x":0,"width":1,"height":1},"opacity":1,"edgeAntialiasingMask":251658240,"height":768,"hidden":false,"anchorPoint":{"pointX":0.5,"pointY":0.5}},"layers":[{"animations":[],"layers":[],"texturedRectangle":{"isBackgroundTexture":false,"singleTextureOpacity":1,"textureType":0,"textBaseline":0,"textXHeight":0,"isVerticalText":false},"initialState":{"affineTransform":[1,0,0,1,0,0],"masksToBounds":false,"rotation":0,"scale":1,"position":{"pointX":512,"pointY":384},"width":1024,"sublayerTransform":[1,0,0,0,0,1,0,0,0,0,1,0,0,0,0,1],"contentsRect":{"y":0,"x":0,"width":1,"height":1},"opacity":1,"edgeAntialiasingMask":0,"height":768,"hidden":false,"anchorPoint":{"pointX":0.5,"pointY":0.5}},"texture":"99D8C89FCAEB05B686D2FAEF798A848C"},{"animations":[{"additive":false,"timeOffset":0,"beginTime":0,"from":{"scalar":false},"repeatCount":0,"fillMode":"both","duration":0.01,"autoreverses":false,"property":"hidden","to":{"scalar":true},"removedOnCompletion":false}],"layers":[],"texturedRectangle":{"isBackgroundTexture":false,"singleTextureOpacity":1,"textureType":0,"textBaseline":0,"textXHeight":0,"isVerticalText":false},"initialState":{"affineTransform":[1,0,0,1,0,0],"masksToBounds":false,"rotation":0,"scale":1,"position":{"pointX":512,"pointY":384},"width":1024,"sublayerTransform":[1,0,0,0,0,1,0,0,0,0,1,0,0,0,0,1],"contentsRect":{"y":0,"x":0,"width":1,"height":1},"opacity":1,"edgeAntialiasingMask":0,"height":768,"hidden":false,"anchorPoint":{"pointX":0.5,"pointY":0.5}},"texture":"D349FD063F9F0ADCB612E6AA9C12F874"}]}]},"effects":[],"duration":0.01,"type":"transition","attributes":{"direction":0},"name":"none","objectID":"0"}],"automaticPlay":false,"hyperlinks":[{"url":"http:\/\/GitHub.com\/scifiltr","targetRectangle":{"y":285.86000606536868,"x":997.00002217292786,"width":17.564895629882812,"height":135.49499999999995}}],"accessibility":[{"text":"-z","targetRectangle":{"y":356.74213345940137,"x":643.6855396103241,"width":19.926277428162848,"height":20.742669635105528}},{"text":"S","targetRectangle":{"y":447.69140625,"x":523.70972515278675,"width":10.368000000000052,"height":18.535888671875}},{"text":"STRENGHTS","targetRectangle":{"y":466.69140625,"x":498.82968525454726,"width":60.189999999999941,"height":11.709930419921875}},{"text":"Political Survival","targetRectangle":{"y":482.2030491232872,"x":844.21484375,"width":109.88599999999997,"height":16.593902587890625}},{"text":"W","targetRectangle":{"y":315.11401149774343,"x":686.40236892771429,"width":23.217767013962543,"height":23.893233013331269}},{"text":"WEAKNESS","targetRectangle":{"y":323.08111130904024,"x":688.30226347385621,"width":36.455297777658302,"height":30.507176256847799}},{"text":"B","targetRectangle":{"y":406.84808343648911,"x":660.03368902206421,"width":16.895999999999958,"height":28.3038330078125}},{"text":"O","targetRectangle":{"y":232.87259000551987,"x":700.81969365594807,"width":20.866584072383262,"height":22.121489585171645}},{"text":"OPTIONS","targetRectangle":{"y":241.02780551059999,"x":702.98906332631998,"width":34.169359954595507,"height":29.119722586983187}},{"text":"Self Optimization ","targetRectangle":{"y":275.78515756130219,"x":76.705429077148438,"width":135.03999999999999,"height":18.535888671875}},{"text":"& Actualization ","targetRectangle":{"y":294.78515756130219,"x":76.705429077148438,"width":119.072,"height":18.535888671875}},{"text":"One’s Potential","targetRectangle":{"y":313.78515756130219,"x":76.705429077148438,"width":115.24800000000002,"height":18.535888671875}},{"text":"c2 > a2 + b2 ","targetRectangle":{"y":732.73205524682999,"x":508.3371465435028,"width":87.376000530242948,"height":18.535888775346393}},{"text":"TEPID","targetRectangle":{"y":607.15943412273828,"x":801.28350507556604,"width":43.324636480864569,"height":49.004110362369488}},{"text":"S\\u2028Skills","targetRectangle":{"y":446.803955078125,"x":587.3923708014222,"width":34.07000000000005,"height":30.709930419921875}},{"text":"COLD","targetRectangle":{"y":524.59040336101953,"x":739.98748456775354,"width":42.275071080487351,"height":47.611290032847023}},{"text":"x<0","targetRectangle":{"y":247.46709774660002,"x":559.30694034165629,"width":32.788614966369323,"height":31.105384250785448}},{"text":"y>0","targetRectangle":{"y":262.666217836351,"x":570.93819644158634,"width":32.558607939475678,"height":30.932061524117614}},{"text":"‘‘There are more primary number of needs than any given number of figures’’","targetRectangle":{"y":82.416778922080994,"x":277.31673437500001,"width":486.14400000000001,"height":57.3038330078125}},{"text":"x<0","targetRectangle":{"y":175.63294011235078,"x":368.04447762700721,"width":32.788614966369266,"height":31.10538425078542}},{"text":"y>0","targetRectangle":{"y":190.95529213106474,"x":356.8067628471594,"width":32.558607939475678,"height":30.932061524117643}},{"text":"T","targetRectangle":{"y":305.52671253270103,"x":604.54188309971505,"width":18.732629989536917,"height":20.513439843309357}},{"text":"THREATS","targetRectangle":{"y":312.78883454342349,"x":605.5260776731767,"width":34.405756065569449,"height":29.297859833836185}},{"text":"c","targetRectangle":{"y":388.45611566305161,"x":522.00671425461769,"width":13.775999999999954,"height":28.3038330078125}},{"text":"T1","targetRectangle":{"y":240.98106384277344,"x":803.32230837893906,"width":15.418666843414258,"height":18.535888775346393}},{"text":"c2 < a2 + b2 ","targetRectangle":{"y":732.73205524682999,"x":744.50023248100285,"width":87.376000530242891,"height":18.535888775346393}},{"text":"To Be Loved by Others","targetRectangle":{"y":444.46672034263611,"x":76.705429077148438,"width":172.208,"height":18.535888671875}},{"text":"& Belonging to a Social Group ","targetRectangle":{"y":463.46672034263611,"x":76.705429077148438,"width":233.70800000000003,"height":22.477874755859375}},{"text":"T","targetRectangle":{"y":591.5057373046875,"x":449.6797069595404,"width":9.4879999999999995,"height":18.535888671875}},{"text":"Team or Technique","targetRectangle":{"y":610.5057373046875,"x":425.3397773887869,"width":57.789999999999964,"height":23.709930419921875}},{"text":"Center of Centrifugal","targetRectangle":{"y":242.51907390356064,"x":843.06494140625,"width":139.98599999999999,"height":16.593902587890625}},{"text":"a2","targetRectangle":{"y":266.70039647515836,"x":649.31963070207064,"width":32.46273138998356,"height":33.560828344843742}},{"text":"a2","targetRectangle":{"y":422.34912109375,"x":801.25002396702769,"width":20.782666909694626,"height":26.361847066101291}},{"text":"-z","targetRectangle":{"y":285.99633304058136,"x":296.94083829171234,"width":19.926277428162848,"height":20.742669635105472}},{"text":"A","targetRectangle":{"y":217.4452232342953,"x":425.03426715843523,"width":16.32707017768729,"height":17.695348399362729}},{"text":"Action to be taken","targetRectangle":{"y":221.56920791150924,"x":402.61236642587977,"width":42.302097525942372,"height":38.019274144752387}},{"text":"INFLUENCE OF SOCIAL NETWORK (DENSITY)","targetRectangle":{"y":685.4954833984375,"x":309.8017332763672,"width":387.75599999999991,"height":22.477874755859375}},{"text":"Simple Psychology in MathDIY: Hierarchy of needs and its downsides using geometry (1\/4)\\u2028– The Pythagorean Theorem –","targetRectangle":{"y":28.075897216796875,"x":107.47999999999996,"width":816.03999999999996,"height":47.44000244140625}},{"text":"T2","targetRectangle":{"y":286.76275634765625,"x":803.32230837893906,"width":15.418666843414258,"height":18.535888775346393}},{"text":"T2","targetRectangle":{"y":336.757568359375,"x":515.32813723636093,"width":15.418666843414258,"height":18.535888775346393}},{"text":"W","targetRectangle":{"y":597.109375,"x":522.09444121723993,"width":15.103999999999928,"height":18.535888671875}},{"text":"WEAKNESS","targetRectangle":{"y":616.109375,"x":501.80740131900035,"width":55.739999999999952,"height":11.709930419921875}},{"text":"O","targetRectangle":{"y":523.14773559570312,"x":598.91138140278679,"width":12.159999999999968,"height":18.535888671875}},{"text":"OPTIONS","targetRectangle":{"y":542.14773559570312,"x":582.88234150454718,"width":44.280000000000086,"height":11.709930419921875}},{"text":"b2","targetRectangle":{"y":477.5,"x":800.84302396702765,"width":21.596666909694704,"height":26.361847066101291}},{"text":"C","targetRectangle":{"y":224.94781488180161,"x":520.00271445512772,"width":17.783999999999992,"height":28.3038330078125}},{"text":"+z","targetRectangle":{"y":259.12622056193266,"x":465.78881101641934,"width":22.285446724842529,"height":22.520431213496636}},{"text":"W\\u2028Willingness to change","targetRectangle":{"y":308.94723945640521,"x":331.69564780462412,"width":52.942124119432208,"height":50.869004344615178}},{"text":"WARM","targetRectangle":{"y":438.5664470621914,"x":675.33587323962854,"width":45.943735461622282,"height":52.479772102095353}},{"text":"Priority Triangle","targetRectangle":{"y":333.6835178732872,"x":842.8504638671875,"width":104.95799999999997,"height":16.593902587890625}},{"text":"Center of Gravity","targetRectangle":{"y":288.30076640844345,"x":843.06494140625,"width":113.31600000000003,"height":16.593902587890625}},{"text":"b","targetRectangle":{"y":342.44061273336411,"x":467.48117107152939,"width":14.663999999999987,"height":28.3038330078125}},{"text":"Fundamental Basic & ","targetRectangle":{"y":621.23205536603928,"x":76.915679931640625,"width":166.19200000000001,"height":18.535888671875}},{"text":"Physiological Needs","targetRectangle":{"y":640.23205536603928,"x":76.915679931640625,"width":154.304,"height":18.535888671875}},{"text":"a","targetRectangle":{"y":326.11120599508286,"x":563.92517128586769,"width":13.775999999999954,"height":28.3038330078125}},{"text":"W\\u2028Willing-ness to change","targetRectangle":{"y":585.5057373046875,"x":581.80739830140021,"width":46.794972500022027,"height":54.709930419921875}},{"text":"+z","targetRectangle":{"y":187.26612498465892,"x":667.68326209089048,"width":22.285446724842473,"height":22.520431213496664}},{"text":"© 2019-12-17 by Jens T. Hinrichs\/MathDIY – GitHub.com\/scifiltr","targetRectangle":{"y":285.86000606536868,"x":997.00002217292786,"width":17.564895629882812,"height":452.27999999999997}},{"text":"T","targetRectangle":{"y":235.37898881525089,"x":339.70190204255499,"width":15.558782817021836,"height":17.116402347090457}},{"text":"Team or Technique","targetRectangle":{"y":240.06922507245932,"x":320.42124580646885,"width":36.012557060878237,"height":31.909235333215264}},{"text":"Yield ≥ Yours (Y)","targetRectangle":{"y":535.48082011938095,"x":845.10528564453125,"width":107.94000000000005,"height":16.593902587890625}},{"text":"c2","targetRectangle":{"y":530.77777099609375,"x":801.25002396702769,"width":20.782666909694626,"height":26.361847066101291}},{"text":"Score Compass","targetRectangle":{"y":379.35554546117783,"x":843.07867431640625,"width":106.03600000000006,"height":16.593902587890625}},{"text":"c2","targetRectangle":{"y":523.41363525390625,"x":518.50336564183237,"width":20.782666909694626,"height":26.361847066101291}},{"text":"HIERARCHY OF INDIVIDUAL MOTIVATION (Intensity)","targetRectangle":{"y":154.42800000000011,"x":41.894989013671861,"width":22.477874755859403,"height":459.14399999999978}},{"text":"x>0","targetRectangle":{"y":345.97806340336638,"x":395.37504403325721,"width":32.788614966369266,"height":31.105384250785448}},{"text":"y<0","targetRectangle":{"y":361.30041542208039,"x":384.1373292534094,"width":32.558607939475678,"height":30.932061524117614}},{"text":"Safety Reasons ","targetRectangle":{"y":534.82037323713303,"x":77.147674560546875,"width":123.27999999999997,"height":18.535888671875}},{"text":"& Privacy Protection ","targetRectangle":{"y":553.82037323713303,"x":77.147674560546875,"width":159.72800000000004,"height":18.535888671875}},{"text":"b2","targetRectangle":{"y":266.4554577607355,"x":375.18746935398934,"width":33.112820695161986,"height":34.050705773689458}},{"text":"x>0","targetRectangle":{"y":273.44143246339689,"x":727.21734073228129,"width":32.788614966369323,"height":31.105384250785448}},{"text":"y<0","targetRectangle":{"y":288.64055255314787,"x":738.84859683221134,"width":32.558607939475678,"height":30.932061524117614}},{"text":"T","targetRectangle":{"y":522.307373046875,"x":449.60165996723993,"width":9.4879999999999995,"height":18.535888671875}},{"text":"THREATS","targetRectangle":{"y":541.307373046875,"x":432.05162006900036,"width":44.649999999999977,"height":11.709930419921875}},{"text":"A","targetRectangle":{"y":441.703125,"x":448.65353337555598,"width":10.672000000000025,"height":18.535888671875}},{"text":"Action to be taken","targetRectangle":{"y":460.703125,"x":427.04747398499399,"width":56.509999999999991,"height":23.709930419921875}},{"text":"T1","targetRectangle":{"y":494.02777099609375,"x":298.02976687503275,"width":15.418666843414314,"height":18.535888775346393}},{"text":"Common Ownership","targetRectangle":{"y":427.0521702170372,"x":844.21484375,"width":137.10199999999998,"height":16.593902587890625}},{"text":"A","targetRectangle":{"y":404.95745843648911,"x":381.31570482254028,"width":16.439999999999998,"height":28.3038330078125}},{"text":"S","targetRectangle":{"y":219.10377622061435,"x":617.48610373347503,"width":19.435429238378561,"height":21.043037063683158}},{"text":"STRENGHT","targetRectangle":{"y":226.07336763103663,"x":618.06225992171346,"width":35.320436717881307,"height":29.651997108948763}},{"text":"S\\u2028Skills","targetRectangle":{"y":301.37326616417755,"x":422.45537479091684,"width":37.275145478961974,"height":36.982265638633919}},{"text":"Appreciation & Recognition","targetRectangle":{"y":365.23205536603928,"x":76.705429077148438,"width":209.12,"height":18.535888671875}},{"text":"of One’s Accomplishment","targetRectangle":{"y":384.23205536603928,"x":76.705429077148438,"width":195.48800000000006,"height":18.535888671875}},{"text":"c2 = a2 + b2 - 2ab x cos γ ","targetRectangle":{"y":732.73205524682999,"x":147.19412925148009,"width":187.36000053024293,"height":18.535888775346393}}],"baseLayer":{"animations":[],"initialState":{"affineTransform":[1,0,0,1,0,0],"masksToBounds":false,"rotation":0,"scale":1,"position":{"pointX":512,"pointY":384},"width":1024,"sublayerTransform":[1,0,0,0,0,1,0,0,0,0,1,0,0,0,0,1],"contentsRect":{"y":0,"x":0,"width":1,"height":1},"opacity":1,"edgeAntialiasingMask":251658240,"height":768,"hidden":false,"anchorPoint":{"pointX":0.5,"pointY":0.5}},"objectID":"0","layers":[{"animations":[],"initialState":{"affineTransform":[1,0,0,1,0,0],"masksToBounds":false,"rotation":0,"scale":1,"position":{"pointX":512,"pointY":384},"width":1024,"sublayerTransform":[1,0,0,0,0,1,0,0,0,0,1,-0.00049229876906403734,0,0,0,1],"contentsRect":{"y":0,"x":0,"width":1,"height":1},"opacity":1,"edgeAntialiasingMask":251658240,"height":768,"hidden":false,"anchorPoint":{"pointX":0.5,"pointY":0.5}},"layers":[{"animations":[],"layers":[],"texturedRectangle":{"isBackgroundTexture":false,"singleTextureOpacity":1,"textureType":0,"textBaseline":0,"textXHeight":0,"isVerticalText":false},"initialState":{"affineTransform":[1,0,0,1,0,0],"masksToBounds":false,"rotation":0,"scale":1,"position":{"pointX":512,"pointY":384},"width":1024,"sublayerTransform":[1,0,0,0,0,1,0,0,0,0,1,0,0,0,0,1],"contentsRect":{"y":0,"x":0,"width":1,"height":1},"opacity":1,"edgeAntialiasingMask":0,"height":768,"hidden":false,"anchorPoint":{"pointX":0.5,"pointY":0.5}},"texture":"D349FD063F9F0ADCB612E6AA9C12F874"}]}]}}]}