{"assets":{"801F822E1FFC65BA69BD110E59D0DB1F":{"type":"texture","index":0,"assetRequest":{"type":"slide","state":"contents","slide":"none"},"url":{"native":"assets\/6BE18B3A-D5F4-4FE3-BC2D-D832056B5FA5.pdf"},"width":1024,"height":768},"D349FD063F9F0ADCB612E6AA9C12F874":{"type":"texture","index":1,"assetRequest":{"type":"slide","state":"contents","slide":"none"},"url":{"native":"assets\/6BE18B3A-D5F4-4FE3-BC2D-D832056B5FA5.pdf"},"width":1024,"height":768}},"events":[{"effects":[{"beginTime":0,"baseLayer":{"animations":[],"initialState":{"affineTransform":[1,0,0,1,0,0],"masksToBounds":false,"rotation":0,"scale":1,"position":{"pointX":512,"pointY":384},"width":1024,"sublayerTransform":[1,0,0,0,0,1,0,0,0,0,1,0,0,0,0,1],"contentsRect":{"y":0,"x":0,"width":1,"height":1},"opacity":1,"edgeAntialiasingMask":251658240,"height":768,"hidden":false,"anchorPoint":{"pointX":0.5,"pointY":0.5}},"objectID":"0","layers":[{"animations":[],"initialState":{"affineTransform":[1,0,0,1,0,0],"masksToBounds":false,"rotation":0,"scale":1,"position":{"pointX":512,"pointY":384},"width":1024,"sublayerTransform":[1,0,0,0,0,1,0,0,0,0,1,-0.00049229876906403734,0,0,0,1],"contentsRect":{"y":0,"x":0,"width":1,"height":1},"opacity":1,"edgeAntialiasingMask":251658240,"height":768,"hidden":false,"anchorPoint":{"pointX":0.5,"pointY":0.5}},"layers":[{"animations":[],"layers":[],"texturedRectangle":{"isBackgroundTexture":false,"singleTextureOpacity":1,"textureType":0,"textBaseline":0,"textXHeight":0,"isVerticalText":false},"initialState":{"affineTransform":[1,0,0,1,0,0],"masksToBounds":false,"rotation":0,"scale":1,"position":{"pointX":512,"pointY":384},"width":1024,"sublayerTransform":[1,0,0,0,0,1,0,0,0,0,1,0,0,0,0,1],"contentsRect":{"y":0,"x":0,"width":1,"height":1},"opacity":1,"edgeAntialiasingMask":0,"height":768,"hidden":false,"anchorPoint":{"pointX":0.5,"pointY":0.5}},"texture":"D349FD063F9F0ADCB612E6AA9C12F874"},{"animations":[{"additive":false,"timeOffset":0,"beginTime":0,"from":{"scalar":false},"repeatCount":0,"fillMode":"both","duration":0.01,"autoreverses":false,"property":"hidden","to":{"scalar":true},"removedOnCompletion":false}],"layers":[],"texturedRectangle":{"isBackgroundTexture":false,"singleTextureOpacity":1,"textureType":0,"textBaseline":0,"textXHeight":0,"isVerticalText":false},"initialState":{"affineTransform":[1,0,0,1,0,0],"masksToBounds":false,"rotation":0,"scale":1,"position":{"pointX":512,"pointY":384},"width":1024,"sublayerTransform":[1,0,0,0,0,1,0,0,0,0,1,0,0,0,0,1],"contentsRect":{"y":0,"x":0,"width":1,"height":1},"opacity":1,"edgeAntialiasingMask":0,"height":768,"hidden":false,"anchorPoint":{"pointX":0.5,"pointY":0.5}},"texture":"801F822E1FFC65BA69BD110E59D0DB1F"}]}]},"effects":[],"duration":0.01,"type":"transition","attributes":{"direction":0},"name":"none","objectID":"0"}],"automaticPlay":false,"hyperlinks":[{"url":"http:\/\/GitHub.com\/scifiltr","targetRectangle":{"y":285.86000606536868,"x":997.00002217292786,"width":17.564895629882812,"height":135.49499999999995}}],"accessibility":[{"text":"ABSO-LUTE PROPOR-TION","targetRectangle":{"y":204.29010009765625,"x":442.48302587668383,"width":32.55699999999996,"height":35.796951293945312}},{"text":"+","targetRectangle":{"y":380.29013061523438,"x":238.82260092078553,"width":4.7999999999999829,"height":9.7679443359375}},{"text":"+","targetRectangle":{"y":594.7098388671875,"x":563.64579733191829,"width":4.8000000000000682,"height":9.7679443359375}},{"text":"+","targetRectangle":{"y":596.36248779296875,"x":401.58492267745032,"width":3.6000000000000227,"height":6.825958251953125}},{"text":"BRAND","targetRectangle":{"y":164.67636108398438,"x":660.17196106161543,"width":28.152000000000044,"height":9.7679443359375}},{"text":"+","targetRectangle":{"y":380.29013061523438,"x":132.32620962439881,"width":4.7999999999999829,"height":9.7679443359375}},{"text":"RELATIVE VALUE","targetRectangle":{"y":265.14520263671875,"x":493.95573672787265,"width":38.984000000000094,"height":19.7679443359375}},{"text":"MathDIY presents: The Interaction Law in competing ecosystems using a Balanced Score Cube (7\/7)","targetRectangle":{"y":28.075897216796875,"x":62.829999999999927,"width":898.34000000000015,"height":23.44000244140625}},{"text":"orange\/spotlight","targetRectangle":{"y":692.13555926084518,"x":274.130126953125,"width":117.04000000000002,"height":17.552001953125}},{"text":"red\/hotspot","targetRectangle":{"y":675.74469012022018,"x":274.4705810546875,"width":83.279999999999973,"height":17.552001953125}},{"text":"+","targetRectangle":{"y":594.7098388671875,"x":618.27665670691829,"width":4.8000000000000682,"height":9.7679443359375}},{"text":"PROJECT","targetRectangle":{"y":218.42630004882812,"x":602.22464423156589,"width":36.903999999999996,"height":9.7679443359375}},{"text":"yellow\/warm","targetRectangle":{"y":693.13555926084518,"x":127.20818328857422,"width":90.031999999999982,"height":17.552001953125}},{"text":"blue\/cold","targetRectangle":{"y":676.74469012022018,"x":126.40740203857422,"width":66.671999999999997,"height":17.552001953125}},{"text":"INVEN-TION","targetRectangle":{"y":266.17202758789062,"x":660.84067215670746,"width":26.816000000000031,"height":19.7679443359375}},{"text":"+","targetRectangle":{"y":488.79013061523438,"x":185.24739826338785,"width":3.5999999999999943,"height":6.825958251953125}},{"text":"+","targetRectangle":{"y":163.87042236328125,"x":456.36372335730897,"width":4.8000000000000114,"height":9.7679443359375}},{"text":"x>0","targetRectangle":{"y":420,"x":390.63766755652773,"width":27.087999999999965,"height":18.535888671875}},{"text":"y<0","targetRectangle":{"y":439,"x":390.78410310274427,"width":26.799999999999955,"height":18.535888671875}},{"text":"FREEDOM OF INFOR-MATION","targetRectangle":{"y":154.9151611328125,"x":820.51180986602674,"width":36.964697633839137,"height":26.796951293945312}},{"text":"green\/tepid whereby x,y,z ≥ 0","targetRectangle":{"y":676.74469012022018,"x":699.40142822265625,"width":210.49600000000009,"height":17.552001953125}},{"text":"y","targetRectangle":{"y":321.5,"x":508.6343645763472,"width":8.3039999999999168,"height":18.535888671875}},{"text":"DEVELOP-MENT","targetRectangle":{"y":159.92849731445312,"x":600.74531997982581,"width":39.864000000000033,"height":19.7679443359375}},{"text":"+","targetRectangle":{"y":595.62957763671875,"x":185.24739826338785,"width":3.5999999999999943,"height":6.825958251953125}},{"text":"+","targetRectangle":{"y":270.7098388671875,"x":456.36372335730897,"width":4.8000000000000114,"height":9.7679443359375}},{"text":"z","targetRectangle":{"y":321,"x":399.44700910759718,"width":8,"height":18.535888671875}},{"text":"+","targetRectangle":{"y":594.7098388671875,"x":457.1493984061371,"width":4.8000000000000114,"height":9.7679443359375}},{"text":"-y","targetRectangle":{"y":430.5,"x":667.8619689566882,"width":14.52800000000002,"height":18.535888671875}},{"text":"-z","targetRectangle":{"y":430.5,"x":775.92433405876909,"width":14.223999999999933,"height":18.535888671875}},{"text":"DISSO-LUTION OF BUREAU-CRACY","targetRectangle":{"y":257.12957763671875,"x":819.80192531674959,"width":38.906000000000063,"height":35.796951293945312}},{"text":"+","targetRectangle":{"y":487.87039184570312,"x":131.076255400766,"width":4.7999999999999829,"height":9.7679443359375}},{"text":"+","targetRectangle":{"y":163.87042236328125,"x":562.86009176551204,"width":4.8000000000000682,"height":9.7679443359375}},{"text":"-x","targetRectangle":{"y":375.5,"x":289.37864400551632,"width":14.816000000000031,"height":18.535888671875}},{"text":"-z","targetRectangle":{"y":430,"x":614.01368952751909,"width":14.223999999999933,"height":18.535888671875}},{"text":"+","targetRectangle":{"y":487.87042236328125,"x":724.77305563269954,"width":4.8000000000000682,"height":9.7679443359375}},{"text":"+","targetRectangle":{"y":487.87042236328125,"x":618.27665670691829,"width":4.8000000000000682,"height":9.7679443359375}},{"text":"+","targetRectangle":{"y":487.2901611328125,"x":510.72074850379335,"width":4.8000000000000114,"height":9.7679443359375}},{"text":"x<0","targetRectangle":{"y":311.5,"x":769.38763703894961,"width":27.087999999999965,"height":18.535888671875}},{"text":"y>0","targetRectangle":{"y":330.5,"x":769.53407258516609,"width":26.800000000000068,"height":18.535888671875}},{"text":"-x","targetRectangle":{"y":213.5,"x":289.37864400551632,"width":14.816000000000031,"height":18.535888671875}},{"text":"LACK OF INTE-GRITY","targetRectangle":{"y":153.87042236328125,"x":768.35065167194125,"width":36.456000000000017,"height":29.7679443359375}},{"text":"+","targetRectangle":{"y":594.7098388671875,"x":131.076255400766,"width":4.7999999999999829,"height":9.7679443359375}},{"text":"+","targetRectangle":{"y":270.7098388671875,"x":562.86009176551204,"width":4.8000000000000682,"height":9.7679443359375}},{"text":"-z","targetRectangle":{"y":592,"x":775.84401179314409,"width":14.223999999999933,"height":18.535888671875}},{"text":"x","targetRectangle":{"y":375.5,"x":399.99036457634719,"width":8.5919999999999845,"height":18.535888671875}},{"text":"x<0","targetRectangle":{"y":311,"x":607.47699250769961,"width":27.087999999999965,"height":18.535888671875}},{"text":"y>0","targetRectangle":{"y":330,"x":607.62342805391609,"width":26.800000000000068,"height":18.535888671875}},{"text":"+","targetRectangle":{"y":594.7098388671875,"x":724.77305563269954,"width":4.8000000000000682,"height":9.7679443359375}},{"text":"x>0","targetRectangle":{"y":420.5,"x":876.88769807410586,"width":27.087999999999965,"height":18.535888671875}},{"text":"y<0","targetRectangle":{"y":439.5,"x":877.03413362032234,"width":26.800000000000068,"height":18.535888671875}},{"text":"-x","targetRectangle":{"y":376,"x":451.37864400551632,"width":14.816000000000031,"height":18.535888671875}},{"text":"CORRUPTION AND DISPERSAL","targetRectangle":{"y":262.3348388671875,"x":765.32644576521852,"width":38.765999999999963,"height":26.796951293945312}},{"text":"© 2019-12-02 by Jens T. Hinrichs\/MathDIY – GitHub.com\/scifiltr","targetRectangle":{"y":285.86000606536868,"x":997.00002217292786,"width":17.564895629882812,"height":452.27999999999997}},{"text":"+","targetRectangle":{"y":487.87039184570312,"x":237.57264669715272,"width":4.7999999999999829,"height":9.7679443359375}},{"text":"REAL WORTH","targetRectangle":{"y":212.29010009765625,"x":550.43823026075211,"width":29.639999999999986,"height":19.7679443359375}},{"text":"x<0","targetRectangle":{"y":473,"x":769.30731477332461,"width":27.087999999999965,"height":18.535888671875}},{"text":"y>0","targetRectangle":{"y":492,"x":769.45375031954109,"width":26.800000000000068,"height":18.535888671875}},{"text":"x>0","targetRectangle":{"y":420,"x":714.97699250769961,"width":27.087999999999965,"height":18.535888671875}},{"text":"y<0","targetRectangle":{"y":439,"x":715.12342805391609,"width":26.800000000000068,"height":18.535888671875}},{"text":"+","targetRectangle":{"y":541.79010009765625,"x":725.07298909748624,"width":4.2000000000000455,"height":8.7969512939453125}},{"text":"LACK OF COM-","targetRectangle":{"y":153.87042236328125,"x":874.0470017695975,"width":36.456000000000017,"height":19.7679443359375}},{"text":"PETENCE","targetRectangle":{"y":173.87042236328125,"x":872.83024938644837,"width":36.751999999999953,"height":9.7679443359375}},{"text":"+","targetRectangle":{"y":594.62957763671875,"x":672.14794026936124,"width":4.2000000000000455,"height":8.7969512939453125}},{"text":"+","targetRectangle":{"y":541.4427490234375,"x":400.98512228309022,"width":4.8000000000000114,"height":9.7679443359375}},{"text":"balanced score criteria","targetRectangle":{"y":693.53259295225143,"x":451.8446044921875,"width":162.67200000000003,"height":17.552001953125}},{"text":"+","targetRectangle":{"y":594.7098388671875,"x":237.57264669715272,"width":4.7999999999999829,"height":9.7679443359375}},{"text":"-y","targetRectangle":{"y":431,"x":505.52264400551633,"width":14.52800000000002,"height":18.535888671875}},{"text":"balanced score compass","targetRectangle":{"y":676.74469012022018,"x":452.34527587890625,"width":179.60000000000002,"height":17.552001953125}},{"text":"x","targetRectangle":{"y":213.5,"x":399.99036457634719,"width":8.5919999999999845,"height":18.535888671875}},{"text":"INSTITU-TIONAL DISCRIMI-NATION","targetRectangle":{"y":258.4598388671875,"x":874.02644285686642,"width":34.355999999999995,"height":35.796951293945312}},{"text":"x<0","targetRectangle":{"y":311,"x":283.13766755652773,"width":27.087999999999965,"height":18.535888671875}},{"text":"y>0","targetRectangle":{"y":330,"x":283.28410310274427,"width":26.799999999999955,"height":18.535888671875}},{"text":"-x","targetRectangle":{"y":537.5,"x":775.5482912223132,"width":14.816000000000031,"height":18.535888671875}},{"text":"y","targetRectangle":{"y":321,"x":346.6343645763472,"width":8.3039999999999736,"height":18.535888671875}},{"text":"+","targetRectangle":{"y":487.87042236328125,"x":563.64579733191829,"width":4.8000000000000682,"height":9.7679443359375}},{"text":" + unknown sidekick (placeholder)","targetRectangle":{"y":692.85076922178268,"x":675.1910400390625,"width":243.12000000000012,"height":17.552001953125}},{"text":"+","targetRectangle":{"y":542.79010009765625,"x":238.17244709151285,"width":3.5999999999999943,"height":6.825958251953125}},{"text":"-z","targetRectangle":{"y":430,"x":289.67436457634716,"width":14.22399999999999,"height":18.535888671875}},{"text":"+","targetRectangle":{"y":594.62957763671875,"x":511.02068196858005,"width":4.1999999999999886,"height":8.7969512939453125}},{"text":"NO BOO-KING WITH-OUT RECEIPT (PROPER BOOKLET","targetRectangle":{"y":204.79010009765625,"x":871.47518122237227,"width":41.129999999999995,"height":34.825958251953125}},{"text":"+","targetRectangle":{"y":434.62960815429688,"x":186.49735248702066,"width":3.5999999999999943,"height":6.825958251953125}},{"text":"+","targetRectangle":{"y":541.29010009765625,"x":457.1493984061371,"width":4.8000000000000114,"height":9.7679443359375}},{"text":"-z","targetRectangle":{"y":430.5,"x":451.67436457634716,"width":14.22399999999999,"height":18.535888671875}},{"text":"-y","targetRectangle":{"y":430.5,"x":343.52264400551633,"width":14.52800000000002,"height":18.535888671875}},{"text":"+","targetRectangle":{"y":326.87039184570312,"x":132.32620962439881,"width":4.7999999999999829,"height":9.7679443359375}},{"text":"y","targetRectangle":{"y":159,"x":346.6343645763472,"width":8.3039999999999736,"height":18.535888671875}},{"text":"+","targetRectangle":{"y":542.9427490234375,"x":295.08852375166907,"width":3.6000000000000227,"height":6.825958251953125}},{"text":"+","targetRectangle":{"y":327.79013061523438,"x":186.49735248702066,"width":3.5999999999999943,"height":6.825958251953125}},{"text":"x<0","targetRectangle":{"y":311.5,"x":445.13766755652773,"width":27.087999999999965,"height":18.535888671875}},{"text":"y>0","targetRectangle":{"y":330.5,"x":445.28410310274427,"width":26.799999999999955,"height":18.535888671875}},{"text":"y","targetRectangle":{"y":321.5,"x":832.88439509392526,"width":8.3039999999999736,"height":18.535888671875}},{"text":"EXPLO-RATION","targetRectangle":{"y":267.25228881835938,"x":606.00525552383795,"width":29.343999999999937,"height":19.7679443359375}},{"text":"z","targetRectangle":{"y":321.5,"x":885.69703962517531,"width":8,"height":18.535888671875}},{"text":"x","targetRectangle":{"y":537.5,"x":886.16007282830026,"width":8.5919999999999845,"height":18.535888671875}},{"text":"z","targetRectangle":{"y":321,"x":723.78633405876906,"width":8,"height":18.535888671875}},{"text":"-y","targetRectangle":{"y":268.5,"x":343.52264400551633,"width":14.52800000000002,"height":18.535888671875}},{"text":"FLUCTU-ATION","targetRectangle":{"y":265.72549438476562,"x":117.46871921078284,"width":34.52000000000001,"height":19.7679443359375}},{"text":"z","targetRectangle":{"y":483,"x":885.61671735955031,"width":8,"height":18.535888671875}},{"text":"-x","targetRectangle":{"y":376,"x":775.6286134879382,"width":14.816000000000031,"height":18.535888671875}},{"text":"CASH FLOW","targetRectangle":{"y":158.87039184570312,"x":123.24219443311537,"width":24.746526856892871,"height":19.7679443359375}},{"text":"-x","targetRectangle":{"y":375.5,"x":613.7179689566882,"width":14.816000000000031,"height":18.535888671875}},{"text":"FREE FLOAT","targetRectangle":{"y":158.87039184570312,"x":228.8425857295021,"width":24.834526856892865,"height":19.7679443359375}},{"text":"-z","targetRectangle":{"y":268,"x":289.67436457634716,"width":14.22399999999999,"height":18.535888671875}},{"text":"x","targetRectangle":{"y":376,"x":886.24039509392526,"width":8.5919999999999845,"height":18.535888671875}},{"text":"x>0","targetRectangle":{"y":582,"x":876.80737580848086,"width":27.087999999999965,"height":18.535888671875}},{"text":"y<0","targetRectangle":{"y":601,"x":876.95381135469734,"width":26.800000000000068,"height":18.535888671875}},{"text":"x","targetRectangle":{"y":375.5,"x":724.32968952751901,"width":8.5919999999999845,"height":18.535888671875}},{"text":"x<0","targetRectangle":{"y":149,"x":283.13766755652773,"width":27.087999999999965,"height":18.535888671875}},{"text":"y>0","targetRectangle":{"y":168,"x":283.28410310274427,"width":26.799999999999955,"height":18.535888671875}},{"text":"DIVI-DENDS","targetRectangle":{"y":265.70986938476562,"x":227.44658572950209,"width":27.552000000000021,"height":19.7679443359375}},{"text":"x","targetRectangle":{"y":376,"x":561.99033405876901,"width":8.5919999999999845,"height":18.535888671875}},{"text":"PENE-TRATION","targetRectangle":{"y":159.91287231445312,"x":710.27113309278332,"width":33.800000000000068,"height":19.7679443359375}},{"text":"x>0","targetRectangle":{"y":258,"x":390.63766755652773,"width":27.087999999999965,"height":18.535888671875}},{"text":"y<0","targetRectangle":{"y":277,"x":390.78410310274427,"width":26.799999999999955,"height":18.535888671875}},{"text":"SHARE-HOLDER","targetRectangle":{"y":212.79013061523438,"x":224.77475873582171,"width":32.896000000000015,"height":19.7679443359375}},{"text":"VALUE PER SHARE (PAR)","targetRectangle":{"y":148.79013061523438,"x":174.81370990769673,"width":29.191999999999979,"height":39.7679443359375}},{"text":"EXAMI-NATION","targetRectangle":{"y":267.25228881835938,"x":712.57130609910303,"width":29.199999999999932,"height":19.7679443359375}},{"text":"z","targetRectangle":{"y":159,"x":399.44703962517531,"width":8,"height":18.535888671875}},{"text":"STAKE-HOLDER","targetRectangle":{"y":212.79013061523438,"x":118.278367439435,"width":32.896000000000001,"height":19.7679443359375}},{"text":"+","targetRectangle":{"y":541.79010009765625,"x":618.57659017170499,"width":4.2000000000000455,"height":8.7969512939453125}},{"text":"NO LEGAL BASIS, NO LEGAL OPERATION","targetRectangle":{"y":208.44635009765625,"x":767.64263962120719,"width":34.134000000000015,"height":27.825958251953125}},{"text":"y","targetRectangle":{"y":321,"x":670.97368952751901,"width":8.3039999999999736,"height":18.535888671875}},{"text":"VOTING RIGHT","targetRectangle":{"y":265.62960815429688,"x":173.40799722305667,"width":32.00800000000001,"height":19.7679443359375}},{"text":"x>0","targetRectangle":{"y":420.5,"x":552.63763703894961,"width":27.087999999999965,"height":18.535888671875}},{"text":"y<0","targetRectangle":{"y":439.5,"x":552.78407258516609,"width":26.800000000000068,"height":18.535888671875}},{"text":"+","targetRectangle":{"y":542.79010009765625,"x":131.67605579512613,"width":3.5999999999999943,"height":6.825958251953125}},{"text":"+","targetRectangle":{"y":433.70986938476562,"x":132.32620962439881,"width":4.7999999999999829,"height":9.7679443359375}},{"text":"PRODUCT","targetRectangle":{"y":218.42630004882812,"x":707.61298212219083,"width":39.120000000000005,"height":9.7679443359375}},{"text":"NOMINAL WORTH","targetRectangle":{"y":158.3057861328125,"x":493.88773672787266,"width":39.120000000000061,"height":19.7679443359375}},{"text":"+","targetRectangle":{"y":489.52304077148438,"x":295.08852375166907,"width":3.6000000000000227,"height":6.825958251953125}},{"text":"z","targetRectangle":{"y":321.5,"x":561.44703962517531,"width":8,"height":18.535888671875}},{"text":"+","targetRectangle":{"y":326.87039184570312,"x":238.82260092078553,"width":4.7999999999999829,"height":9.7679443359375}},{"text":"+","targetRectangle":{"y":487.44277954101562,"x":348.06007345496522,"width":4.8000000000000114,"height":9.7679443359375}},{"text":"+","targetRectangle":{"y":541.29010009765625,"x":563.64579733191829,"width":4.8000000000000682,"height":9.7679443359375}},{"text":"y","targetRectangle":{"y":483,"x":832.80407282830026,"width":8.3039999999999736,"height":18.535888671875}},{"text":"+","targetRectangle":{"y":487.87042236328125,"x":457.1493984061371,"width":4.8000000000000114,"height":9.7679443359375}},{"text":"+","targetRectangle":{"y":594.86248779296875,"x":294.48872335730897,"width":4.8000000000000114,"height":9.7679443359375}},{"text":"+","targetRectangle":{"y":487.7901611328125,"x":672.14794026936124,"width":4.2000000000000455,"height":8.7969512939453125}},{"text":"-y","targetRectangle":{"y":431,"x":829.77267452309445,"width":14.52800000000002,"height":18.535888671875}},{"text":"+","targetRectangle":{"y":433.70986938476562,"x":238.82260092078553,"width":4.7999999999999829,"height":9.7679443359375}},{"text":"+","targetRectangle":{"y":594.7822265625,"x":348.36000691975192,"width":4.1999999999999886,"height":8.7969512939453125}},{"text":"-y","targetRectangle":{"y":592.5,"x":829.69235225746945,"width":14.52800000000002,"height":18.535888671875}},{"text":"+","targetRectangle":{"y":488.02304077148438,"x":400.98512228309022,"width":4.8000000000000114,"height":9.7679443359375}}],"baseLayer":{"animations":[],"initialState":{"affineTransform":[1,0,0,1,0,0],"masksToBounds":false,"rotation":0,"scale":1,"position":{"pointX":512,"pointY":384},"width":1024,"sublayerTransform":[1,0,0,0,0,1,0,0,0,0,1,0,0,0,0,1],"contentsRect":{"y":0,"x":0,"width":1,"height":1},"opacity":1,"edgeAntialiasingMask":251658240,"height":768,"hidden":false,"anchorPoint":{"pointX":0.5,"pointY":0.5}},"objectID":"0","layers":[{"animations":[],"initialState":{"affineTransform":[1,0,0,1,0,0],"masksToBounds":false,"rotation":0,"scale":1,"position":{"pointX":512,"pointY":384},"width":1024,"sublayerTransform":[1,0,0,0,0,1,0,0,0,0,1,-0.00049229876906403734,0,0,0,1],"contentsRect":{"y":0,"x":0,"width":1,"height":1},"opacity":1,"edgeAntialiasingMask":251658240,"height":768,"hidden":false,"anchorPoint":{"pointX":0.5,"pointY":0.5}},"layers":[{"animations":[],"layers":[],"texturedRectangle":{"isBackgroundTexture":false,"singleTextureOpacity":1,"textureType":0,"textBaseline":0,"textXHeight":0,"isVerticalText":false},"initialState":{"affineTransform":[1,0,0,1,0,0],"masksToBounds":false,"rotation":0,"scale":1,"position":{"pointX":512,"pointY":384},"width":1024,"sublayerTransform":[1,0,0,0,0,1,0,0,0,0,1,0,0,0,0,1],"contentsRect":{"y":0,"x":0,"width":1,"height":1},"opacity":1,"edgeAntialiasingMask":0,"height":768,"hidden":false,"anchorPoint":{"pointX":0.5,"pointY":0.5}},"texture":"801F822E1FFC65BA69BD110E59D0DB1F"}]}]}}]}