{"assets":{"5E7041D20B14B3525EF896783C32C304":{"type":"texture","index":0,"assetRequest":{"type":"slide","state":"contents","slide":"none"},"url":{"native":"assets\/77210F3A-B9F8-4154-8AE6-C1F0CEEDFC79.pdf"},"width":1024,"height":768},"F0C4B18BCD9001B8EB6F363EBDDA764B":{"type":"texture","index":1,"assetRequest":{"type":"slide","state":"contents","slide":"none"},"url":{"native":"assets\/77210F3A-B9F8-4154-8AE6-C1F0CEEDFC79.pdf"},"width":1024,"height":768}},"events":[{"effects":[{"beginTime":0,"baseLayer":{"animations":[],"initialState":{"affineTransform":[1,0,0,1,0,0],"masksToBounds":false,"rotation":0,"scale":1,"position":{"pointX":512,"pointY":384},"width":1024,"sublayerTransform":[1,0,0,0,0,1,0,0,0,0,1,0,0,0,0,1],"contentsRect":{"y":0,"x":0,"width":1,"height":1},"opacity":1,"edgeAntialiasingMask":251658240,"height":768,"hidden":false,"anchorPoint":{"pointX":0.5,"pointY":0.5}},"objectID":"0","layers":[{"animations":[],"initialState":{"affineTransform":[1,0,0,1,0,0],"masksToBounds":false,"rotation":0,"scale":1,"position":{"pointX":512,"pointY":384},"width":1024,"sublayerTransform":[1,0,0,0,0,1,0,0,0,0,1,-0.00049229876906403734,0,0,0,1],"contentsRect":{"y":0,"x":0,"width":1,"height":1},"opacity":1,"edgeAntialiasingMask":251658240,"height":768,"hidden":false,"anchorPoint":{"pointX":0.5,"pointY":0.5}},"layers":[{"animations":[],"layers":[],"texturedRectangle":{"isBackgroundTexture":false,"singleTextureOpacity":1,"textureType":0,"textBaseline":0,"textXHeight":0,"isVerticalText":false},"initialState":{"affineTransform":[1,0,0,1,0,0],"masksToBounds":false,"rotation":0,"scale":1,"position":{"pointX":512,"pointY":384},"width":1024,"sublayerTransform":[1,0,0,0,0,1,0,0,0,0,1,0,0,0,0,1],"contentsRect":{"y":0,"x":0,"width":1,"height":1},"opacity":1,"edgeAntialiasingMask":0,"height":768,"hidden":false,"anchorPoint":{"pointX":0.5,"pointY":0.5}},"texture":"F0C4B18BCD9001B8EB6F363EBDDA764B"},{"animations":[{"timeOffset":0,"from":{"scalar":false},"beginTime":0,"repeatCount":0,"fillMode":"both","property":"hidden","autoreverses":false,"duration":0.01,"to":{"scalar":true}}],"layers":[],"texturedRectangle":{"isBackgroundTexture":false,"singleTextureOpacity":1,"textureType":0,"textBaseline":0,"textXHeight":0,"isVerticalText":false},"initialState":{"affineTransform":[1,0,0,1,0,0],"masksToBounds":false,"rotation":0,"scale":1,"position":{"pointX":512,"pointY":384},"width":1024,"sublayerTransform":[1,0,0,0,0,1,0,0,0,0,1,0,0,0,0,1],"contentsRect":{"y":0,"x":0,"width":1,"height":1},"opacity":1,"edgeAntialiasingMask":0,"height":768,"hidden":false,"anchorPoint":{"pointX":0.5,"pointY":0.5}},"texture":"5E7041D20B14B3525EF896783C32C304"}]}]},"effects":[],"duration":0.01,"type":"transition","attributes":{"direction":0},"name":"none","objectID":"0"}],"automaticPlay":false,"hyperlinks":[{"url":"http:\/\/GitHub.com\/scifiltr","targetRectangle":{"y":285.86000606536868,"x":997.00002217292786,"width":17.564895629882812,"height":135.49499999999995}}],"accessibility":[{"text":"SHARK TANK","targetRectangle":{"y":483.37042236328125,"x":552.33076337452485,"width":29.632000000000062,"height":19.7679443359375}},{"text":"JURASSIC PARK","targetRectangle":{"y":589.7254638671875,"x":546.33053054402228,"width":41.632000000000062,"height":19.7679443359375}},{"text":"HIGH MARKET GROWTH","targetRectangle":{"y":531.29010009765625,"x":548.11883756841132,"width":36.814088876588812,"height":29.7679443359375}},{"text":"POLITY: TERRITORIAL ORGANI-SATION","targetRectangle":{"y":208.29010009765625,"x":439.29889110573504,"width":40.578000000000031,"height":27.825958251953125}},{"text":"LOW MARKET GROWTH","targetRectangle":{"y":531.29010009765625,"x":441.62243864263013,"width":36.814088876588698,"height":29.7679443359375}},{"text":"S","targetRectangle":{"y":155.33261108398438,"x":669.03921428571425,"width":10.368000000000052,"height":18.535888671875}},{"text":"STRENGHT","targetRectangle":{"y":174.33261108398438,"x":655.44979976472848,"width":37.59699999999998,"height":8.7969512939453125}},{"text":"PRODUCT","targetRectangle":{"y":488.4776611328125,"x":657.12651766387523,"width":34.230000000000018,"height":8.7969512939453125}},{"text":"W","targetRectangle":{"y":262.17202758789062,"x":666.67121428571431,"width":15.103999999999928,"height":18.535888671875}},{"text":"WEAKNESS","targetRectangle":{"y":281.17202758789062,"x":654.73929976472846,"width":39.018000000000029,"height":8.7969512939453125}},{"text":"EXPE-RIENCES","targetRectangle":{"y":265.70986938476562,"x":223.88563947027103,"width":34.671999999999969,"height":19.7679443359375}},{"text":"PLACE","targetRectangle":{"y":594.7098388671875,"x":607.6277858200001,"width":26.080000000000041,"height":9.7679443359375}},{"text":"PROMO-TION","targetRectangle":{"y":590.59832763671875,"x":659.64593850818619,"width":29.182999999999993,"height":17.796951293945312}},{"text":"x<0","targetRectangle":{"y":151.41287231445312,"x":607.13800481023964,"width":27.088000000000079,"height":18.535888671875}},{"text":"y>0","targetRectangle":{"y":170.41287231445312,"x":607.39313917283891,"width":26.799999999999955,"height":18.535888671875}},{"text":"PROCESS","targetRectangle":{"y":487.96417236328125,"x":708.04822980974961,"width":38.231999999999971,"height":9.7679443359375}},{"text":"+","targetRectangle":{"y":487.87039184570312,"x":131.06738451384774,"width":4.8000000000000114,"height":9.7679443359375}},{"text":"-z","targetRectangle":{"y":268.25228881835938,"x":614.44310343185271,"width":12.446000000000026,"height":16.593902587890625}},{"text":"PEOPLE","targetRectangle":{"y":595.4285888671875,"x":711.45495301829396,"width":31.423999999999978,"height":9.7679443359375}},{"text":"+","targetRectangle":{"y":594.7098388671875,"x":131.06738451384774,"width":4.8000000000000114,"height":9.7679443359375}},{"text":"+","targetRectangle":{"y":487.87039184570312,"x":237.56377581023446,"width":4.8000000000000114,"height":9.7679443359375}},{"text":"+z","targetRectangle":{"y":161.41287231445312,"x":719.46244132247773,"width":15.399999999999977,"height":16.593902587890625}},{"text":"PHYSICAL EVIDENCE","targetRectangle":{"y":538.25885009765625,"x":709.86274614246315,"width":36.486981535011978,"height":17.796951293945312}},{"text":"x>0","targetRectangle":{"y":258.25228881835938,"x":713.63434270086464,"width":27.088000000000079,"height":18.535888671875}},{"text":"y<0","targetRectangle":{"y":277.25228881835938,"x":713.88947706346391,"width":26.799999999999955,"height":18.535888671875}},{"text":"+","targetRectangle":{"y":594.7098388671875,"x":237.56377581023446,"width":4.8000000000000114,"height":9.7679443359375}},{"text":"O","targetRectangle":{"y":208.83255004882812,"x":721.05313511439726,"width":12.160000000000082,"height":18.535888671875}},{"text":"OPTIONS","targetRectangle":{"y":227.83255004882812,"x":709.46165003398801,"width":35.423999999999978,"height":9.7679443359375}},{"text":"PRICE","targetRectangle":{"y":541.29010009765625,"x":608.66378582000004,"width":24.008000000000038,"height":9.7679443359375}},{"text":"T","targetRectangle":{"y":208.83255004882812,"x":615.89279722377228,"width":9.4880000000000564,"height":18.535888671875}},{"text":"THREATS","targetRectangle":{"y":227.83255004882812,"x":602.81731214336298,"width":35.720000000000027,"height":9.7679443359375}},{"text":"CAPITA-LISM","targetRectangle":{"y":158.7901611328125,"x":496.76003949757171,"width":31.128000000000043,"height":19.7679443359375}},{"text":"A","targetRectangle":{"y":151.2901611328125,"x":833.83069873046873,"width":8.6710000000000491,"height":15.622909545898438}},{"text":"Action to be taken","targetRectangle":{"y":167.2901611328125,"x":819.47156839461627,"width":39.557000000000016,"height":17.796951293945312}},{"text":"REPUBLIC","targetRectangle":{"y":270.8035888671875,"x":545.24726594256208,"width":40.008000000000038,"height":9.7679443359375}},{"text":"COMMU-NISM \/  SOCIALISM","targetRectangle":{"y":262.23895263671875,"x":493.21145059012969,"width":38.24799999999999,"height":26.796951293945312}},{"text":"x>0","targetRectangle":{"y":258,"x":390.65095676524601,"width":27.088000000000022,"height":18.535888671875}},{"text":"y<0","targetRectangle":{"y":277,"x":390.78821119506063,"width":26.800000000000011,"height":18.535888671875}},{"text":"W\\u2028Willingness to change","targetRectangle":{"y":258.28582763671875,"x":817.94467176819546,"width":42.330000000000041,"height":31.796951293945312}},{"text":"GOVERN-MENT: PARLIAMEN-TARY OCCU-PATION","targetRectangle":{"y":205.52447509765625,"x":546.91389142347816,"width":36.677999999999997,"height":34.825958251953125}},{"text":"AUTO-CRACY \/ MONAR-CHY","targetRectangle":{"y":149.37042236328125,"x":442.2373003933663,"width":35.111389006549189,"height":39.7679443359375}},{"text":"z","targetRectangle":{"y":159,"x":399.44551558895841,"width":8,"height":18.535888671875}},{"text":"SHRINK-AGE","targetRectangle":{"y":265.72549438476562,"x":118.12478914997934,"width":33.183999999999997,"height":19.7679443359375}},{"text":"x<0","targetRectangle":{"y":150.37042236328125,"x":771.17139104070839,"width":27.088000000000079,"height":18.535888671875}},{"text":"y>0","targetRectangle":{"y":169.37042236328125,"x":771.42652540330766,"width":26.799999999999955,"height":18.535888671875}},{"text":"y","targetRectangle":{"y":321,"x":670.97216549130223,"width":8.3039999999999736,"height":18.535888671875}},{"text":"-z","targetRectangle":{"y":431,"x":451.67453222453116,"width":14.224000000000046,"height":18.535888671875}},{"text":"-x","targetRectangle":{"y":213.5,"x":289.37853222453117,"width":14.816000000000031,"height":18.535888671875}},{"text":"-z","targetRectangle":{"y":267.2098388671875,"x":778.47648966232146,"width":12.446000000000026,"height":16.593902587890625}},{"text":"-y","targetRectangle":{"y":430.5,"x":667.86185717570311,"width":14.527999999999906,"height":18.535888671875}},{"text":"x<0","targetRectangle":{"y":311.5,"x":445.15095676524601,"width":27.088000000000022,"height":18.535888671875}},{"text":"y>0","targetRectangle":{"y":330.5,"x":445.28821119506063,"width":26.800000000000011,"height":18.535888671875}},{"text":"y","targetRectangle":{"y":321.5,"x":832.88287105770848,"width":8.3039999999999736,"height":18.535888671875}},{"text":"x","targetRectangle":{"y":213.5,"x":399.9888405401303,"width":8.5920000000000414,"height":18.535888671875}},{"text":"y","targetRectangle":{"y":321.5,"x":508.6328405401303,"width":8.3040000000000305,"height":18.535888671875}},{"text":"-z","targetRectangle":{"y":430.5,"x":614.01385717570304,"width":14.224000000000046,"height":18.535888671875}},{"text":"-z","targetRectangle":{"y":430.5,"x":289.67453222453116,"width":14.224000000000046,"height":18.535888671875}},{"text":"-y","targetRectangle":{"y":431,"x":829.77256274210936,"width":14.527999999999906,"height":18.535888671875}},{"text":"x>0","targetRectangle":{"y":420.5,"x":552.65092624766794,"width":27.087999999999965,"height":18.535888671875}},{"text":"y<0","targetRectangle":{"y":439.5,"x":552.7881806774825,"width":26.799999999999955,"height":18.535888671875}},{"text":"BACK-WARDS","targetRectangle":{"y":265.12960815429688,"x":173.656590642146,"width":29.28000000000003,"height":19.7679443359375}},{"text":"-y","targetRectangle":{"y":431,"x":505.52253222453118,"width":14.527999999999963,"height":18.535888671875}},{"text":"POLICY","targetRectangle":{"y":488.21417236328125,"x":606.07195105455025,"width":29.192000000000007,"height":9.7679443359375}},{"text":"x<0","targetRectangle":{"y":311,"x":607.49028171641794,"width":27.087999999999965,"height":18.535888671875}},{"text":"y>0","targetRectangle":{"y":330,"x":607.6275361462325,"width":26.799999999999955,"height":18.535888671875}},{"text":"© 2019-12-02 by Jens T. Hinrichs\/MathDIY – GitHub.com\/scifiltr","targetRectangle":{"y":285.86000606536868,"x":997.00002217292786,"width":17.564895629882812,"height":452.27999999999997}},{"text":"x<0","targetRectangle":{"y":311,"x":283.15095676524601,"width":27.088000000000022,"height":18.535888671875}},{"text":"y>0","targetRectangle":{"y":330,"x":283.28821119506063,"width":26.800000000000011,"height":18.535888671875}},{"text":"-z","targetRectangle":{"y":431,"x":775.92450170695304,"width":14.224000000000046,"height":18.535888671875}},{"text":"z","targetRectangle":{"y":321.5,"x":561.44551558895841,"width":8,"height":18.535888671875}},{"text":"OPPOSER","targetRectangle":{"y":433.22335815429688,"x":168.94472626971051,"width":38.688000000000017,"height":9.7679443359375}},{"text":"x>0","targetRectangle":{"y":420,"x":714.99028171641794,"width":27.087999999999965,"height":18.535888671875}},{"text":"y<0","targetRectangle":{"y":439,"x":715.1275361462325,"width":26.799999999999955,"height":18.535888671875}},{"text":"x>0","targetRectangle":{"y":420,"x":390.65095676524601,"width":27.088000000000022,"height":18.535888671875}},{"text":"y<0","targetRectangle":{"y":439,"x":390.78821119506063,"width":26.800000000000011,"height":18.535888671875}},{"text":"-y","targetRectangle":{"y":430.5,"x":343.52253222453118,"width":14.52800000000002,"height":18.535888671875}},{"text":"ADDI-TIONS","targetRectangle":{"y":536.29010009765625,"x":227.96583893316165,"width":24.007999999999981,"height":19.7679443359375}},{"text":"-x","targetRectangle":{"y":376,"x":451.37853222453117,"width":14.816000000000031,"height":18.535888671875}},{"text":"z","targetRectangle":{"y":321,"x":723.78481002255216,"width":8,"height":18.535888671875}},{"text":"z","targetRectangle":{"y":321,"x":399.44548507138029,"width":8,"height":18.535888671875}},{"text":"LOBBYIST","targetRectangle":{"y":326.96414184570312,"x":115.08138380144881,"width":39.271999999999977,"height":9.7679443359375}},{"text":"x","targetRectangle":{"y":376,"x":561.98881002255223,"width":8.5919999999999845,"height":18.535888671875}},{"text":"-x","targetRectangle":{"y":375.5,"x":613.7178571757031,"width":14.815999999999917,"height":18.535888671875}},{"text":"-x","targetRectangle":{"y":375.5,"x":289.37853222453117,"width":14.816000000000031,"height":18.535888671875}},{"text":"x","targetRectangle":{"y":375.5,"x":724.32816549130223,"width":8.5919999999999845,"height":18.535888671875}},{"text":"FUTURE","targetRectangle":{"y":218.00888061523438,"x":225.36234461985651,"width":31.711999999999989,"height":9.7679443359375}},{"text":"x","targetRectangle":{"y":375.5,"x":399.9888405401303,"width":8.5920000000000414,"height":18.535888671875}},{"text":"ACTIVIST","targetRectangle":{"y":433.80361938476562,"x":223.65377509783553,"width":35.120000000000005,"height":9.7679443359375}},{"text":"ADDED VALUE","targetRectangle":{"y":536.9427490234375,"x":389.5220883256967,"width":29.927999999999997,"height":19.7679443359375}},{"text":"+z","targetRectangle":{"y":160.37042236328125,"x":883.49582755294648,"width":15.399999999999977,"height":16.593902587890625}},{"text":"y","targetRectangle":{"y":321,"x":346.6328405401303,"width":8.3040000000000305,"height":18.535888671875}},{"text":"balanced score criteria","targetRectangle":{"y":693.53259295225143,"x":451.8446044921875,"width":162.67200000000003,"height":17.552001953125}},{"text":"DISTRI-BUTION","targetRectangle":{"y":590.36248779296875,"x":388.26669931914756,"width":30.231999999999971,"height":19.7679443359375}},{"text":"INFLUEN-CER","targetRectangle":{"y":321.88601684570312,"x":222.69133413288949,"width":37.04000000000002,"height":19.7679443359375}},{"text":"BLENDER","targetRectangle":{"y":433.80361938476562,"x":115.9733838014488,"width":37.487999999999985,"height":9.7679443359375}},{"text":"x>0","targetRectangle":{"y":257.2098388671875,"x":877.66772893133339,"width":27.088000000000079,"height":18.535888671875}},{"text":"y<0","targetRectangle":{"y":276.2098388671875,"x":877.92286329393266,"width":26.799999999999955,"height":18.535888671875}},{"text":"DISPO-SALS","targetRectangle":{"y":536.79010009765625,"x":119.6092214433725,"width":27.712000000000003,"height":19.7679443359375}},{"text":" + unknown sidekick (placeholder)","targetRectangle":{"y":692.85076922178268,"x":675.1910400390625,"width":243.12000000000012,"height":17.552001953125}},{"text":"PAST","targetRectangle":{"y":217.29013061523438,"x":124.71518505095713,"width":20.007999999999981,"height":9.7679443359375}},{"text":"S\\u2028Skills","targetRectangle":{"y":209.29010009765625,"x":877.57788186431151,"width":27.255999999999972,"height":25.7679443359375}},{"text":"VALUE CHAIN","targetRectangle":{"y":482.44277954101562,"x":337.8527991564078,"width":27.415999999999997,"height":19.7679443359375}},{"text":"orange\/spotlight","targetRectangle":{"y":692.13555926084518,"x":274.130126953125,"width":117.04000000000002,"height":17.552001953125}},{"text":"T","targetRectangle":{"y":207.29010009765625,"x":780.80061648995536,"width":7.7089999999999463,"height":15.622909545898438}},{"text":"Team or Technique","targetRectangle":{"y":223.29010009765625,"x":767.37412782139552,"width":34.673999999999978,"height":13.825958251953125}},{"text":"MathDIY presents: The Interaction Law in competing ecosystems using a Balanced Score Cube (5\/7)","targetRectangle":{"y":28.075897216796875,"x":62.829999999999927,"width":898.34000000000015,"height":23.44000244140625}},{"text":"FINISH-ING \/  DECENTRA-LIZATION","targetRectangle":{"y":475.02304077148438,"x":383.15506724276003,"width":40.452999999999975,"height":35.796951293945312}},{"text":"VERTICAL DEVISION","targetRectangle":{"y":589.7275390625,"x":331.40501321025693,"width":40.312000000000012,"height":19.7679443359375}},{"text":"red\/hotspot","targetRectangle":{"y":675.74469012022018,"x":274.4705810546875,"width":83.279999999999973,"height":17.552001953125}},{"text":"SCALE-ABILITY","targetRectangle":{"y":483.52304077148438,"x":281.91830039336628,"width":29.936000000000035,"height":19.7679443359375}},{"text":"y","targetRectangle":{"y":483,"x":832.80254879208348,"width":8.3039999999999736,"height":18.535888671875}},{"text":"INCREASE","targetRectangle":{"y":487.38388061523438,"x":167.03477204607771,"width":40.00800000000001,"height":9.7679443359375}},{"text":"DEVELOP-MENT","targetRectangle":{"y":158.88601684570312,"x":221.28118044636605,"width":39.864000000000004,"height":19.7679443359375}},{"text":"UNI-FICATION \/ CENTRA-LIZATION","targetRectangle":{"y":581.86248779296875,"x":278.8494297410794,"width":38.002999999999986,"height":35.796951293945312}},{"text":"-y","targetRectangle":{"y":592.5,"x":829.69224047648436,"width":14.527999999999906,"height":18.535888671875}},{"text":"yellow\/warm","targetRectangle":{"y":693.13555926084518,"x":127.20818328857422,"width":90.031999999999982,"height":17.552001953125}},{"text":"FOLLO-WER","targetRectangle":{"y":375.79013061523438,"x":226.61156696339205,"width":29.199999999999989,"height":19.7679443359375}},{"text":"-z","targetRectangle":{"y":592.5,"x":775.84417944132804,"width":14.224000000000046,"height":18.535888671875}},{"text":"y","targetRectangle":{"y":159,"x":346.6328405401303,"width":8.3040000000000305,"height":18.535888671875}},{"text":"PROGRESS","targetRectangle":{"y":164.19638061523438,"x":168.97096313757845,"width":38.639999999999986,"height":8.7969512939453125}},{"text":"green\/tepid whereby x,y,z ≥ 0","targetRectangle":{"y":676.74469012022018,"x":699.40142822265625,"width":210.49600000000009,"height":17.552001953125}},{"text":"DICTATORSHIP","targetRectangle":{"y":265.7254638671875,"x":439.33245656941295,"width":38.839999999999975,"height":19.7679443359375}},{"text":"blue\/cold","targetRectangle":{"y":676.74469012022018,"x":126.40740203857422,"width":66.671999999999997,"height":17.552001953125}},{"text":"BY-STANDER","targetRectangle":{"y":375.29013061523438,"x":116.34740186040773,"width":36.75200000000001,"height":19.7679443359375}},{"text":"x<0","targetRectangle":{"y":473,"x":769.32060398204294,"width":27.087999999999965,"height":18.535888671875}},{"text":"y>0","targetRectangle":{"y":492,"x":769.4578584118575,"width":26.799999999999955,"height":18.535888671875}},{"text":"MOVER","targetRectangle":{"y":326.63388061523438,"x":173.91284644029247,"width":28.75200000000001,"height":9.7679443359375}},{"text":"DEMO-CRACY","targetRectangle":{"y":159.37042236328125,"x":551.40566880156939,"width":27.704000000000065,"height":19.7679443359375}},{"text":"-y","targetRectangle":{"y":268.5,"x":343.52253222453118,"width":14.52800000000002,"height":18.535888671875}},{"text":"balanced score compass","targetRectangle":{"y":676.74469012022018,"x":452.34527587890625,"width":179.60000000000002,"height":17.552001953125}},{"text":"HORI-ZONTAL DEVISION","targetRectangle":{"y":531.4427490234375,"x":278.293763593802,"width":37.192000000000007,"height":29.7679443359375}},{"text":"x<0","targetRectangle":{"y":311.5,"x":769.40092624766794,"width":27.087999999999965,"height":18.535888671875}},{"text":"y>0","targetRectangle":{"y":330.5,"x":769.5381806774825,"width":26.799999999999955,"height":18.535888671875}},{"text":"x>0","targetRectangle":{"y":582,"x":876.82066501719919,"width":27.087999999999965,"height":18.535888671875}},{"text":"y<0","targetRectangle":{"y":601,"x":876.95791944701375,"width":26.799999999999955,"height":18.535888671875}},{"text":"IN-STINCTS","targetRectangle":{"y":158.87039184570312,"x":117.90924817388429,"width":33.632000000000005,"height":19.7679443359375}},{"text":"-z","targetRectangle":{"y":268.5,"x":289.67453222453116,"width":14.224000000000046,"height":18.535888671875}},{"text":"x>0","targetRectangle":{"y":420.5,"x":876.90098728282419,"width":27.087999999999965,"height":18.535888671875}},{"text":"y<0","targetRectangle":{"y":439.5,"x":877.03824171263875,"width":26.799999999999955,"height":18.535888671875}},{"text":"HIGH MARKET SHARE","targetRectangle":{"y":477.2901611328125,"x":496.43987761687509,"width":35.56800000000004,"height":29.7679443359375}},{"text":"z","targetRectangle":{"y":483,"x":885.61519332333341,"width":8,"height":18.535888671875}},{"text":"x<0","targetRectangle":{"y":149,"x":283.15095676524601,"width":27.088000000000022,"height":18.535888671875}},{"text":"y>0","targetRectangle":{"y":168,"x":283.28821119506063,"width":26.800000000000011,"height":18.535888671875}},{"text":"z","targetRectangle":{"y":321.5,"x":885.69551558895841,"width":8,"height":18.535888671875}},{"text":"LOW MARKET SHARE","targetRectangle":{"y":584.12957763671875,"x":496.43987761687509,"width":35.56800000000004,"height":29.7679443359375}},{"text":"-x","targetRectangle":{"y":537.5,"x":775.5481794413281,"width":14.815999999999917,"height":18.535888671875}},{"text":"-x","targetRectangle":{"y":376,"x":775.6285017069531,"width":14.815999999999917,"height":18.535888671875}},{"text":"CASH FARM","targetRectangle":{"y":482.87042236328125,"x":448.35459064214604,"width":24.443533465433632,"height":19.7679443359375}},{"text":"x","targetRectangle":{"y":537.5,"x":886.15854879208348,"width":8.5919999999999845,"height":18.535888671875}},{"text":"DE-CREASE","targetRectangle":{"y":589.12957763671875,"x":171.04079010503665,"width":32.007999999999981,"height":19.7679443359375}},{"text":"x","targetRectangle":{"y":376,"x":886.23887105770848,"width":8.5919999999999845,"height":18.535888671875}},{"text":"PETTING ZOO","targetRectangle":{"y":589.7254638671875,"x":442.57013161824108,"width":36.159999999999968,"height":19.7679443359375}}],"baseLayer":{"animations":[],"initialState":{"affineTransform":[1,0,0,1,0,0],"masksToBounds":false,"rotation":0,"scale":1,"position":{"pointX":512,"pointY":384},"width":1024,"sublayerTransform":[1,0,0,0,0,1,0,0,0,0,1,0,0,0,0,1],"contentsRect":{"y":0,"x":0,"width":1,"height":1},"opacity":1,"edgeAntialiasingMask":251658240,"height":768,"hidden":false,"anchorPoint":{"pointX":0.5,"pointY":0.5}},"objectID":"0","layers":[{"animations":[],"initialState":{"affineTransform":[1,0,0,1,0,0],"masksToBounds":false,"rotation":0,"scale":1,"position":{"pointX":512,"pointY":384},"width":1024,"sublayerTransform":[1,0,0,0,0,1,0,0,0,0,1,-0.00049229876906403734,0,0,0,1],"contentsRect":{"y":0,"x":0,"width":1,"height":1},"opacity":1,"edgeAntialiasingMask":251658240,"height":768,"hidden":false,"anchorPoint":{"pointX":0.5,"pointY":0.5}},"layers":[{"animations":[],"layers":[],"texturedRectangle":{"isBackgroundTexture":false,"singleTextureOpacity":1,"textureType":0,"textBaseline":0,"textXHeight":0,"isVerticalText":false},"initialState":{"affineTransform":[1,0,0,1,0,0],"masksToBounds":false,"rotation":0,"scale":1,"position":{"pointX":512,"pointY":384},"width":1024,"sublayerTransform":[1,0,0,0,0,1,0,0,0,0,1,0,0,0,0,1],"contentsRect":{"y":0,"x":0,"width":1,"height":1},"opacity":1,"edgeAntialiasingMask":0,"height":768,"hidden":false,"anchorPoint":{"pointX":0.5,"pointY":0.5}},"texture":"5E7041D20B14B3525EF896783C32C304"}]}]}}]}