{"assets":{"6F5934745C8A12409285DED1008490D5":{"type":"texture","index":0,"assetRequest":{"type":"slide","state":"contents","slide":"none"},"url":{"native":"assets\/6BE18B3A-D5F4-4FE3-BC2D-D832056B5FA5.pdf"},"width":1024,"height":768},"DA185542A1A8741263114DD13BCF82A1":{"type":"texture","index":1,"assetRequest":{"type":"slide","state":"contents","slide":"none"},"url":{"native":"assets\/6BE18B3A-D5F4-4FE3-BC2D-D832056B5FA5.pdf"},"width":1024,"height":768}},"events":[{"effects":[{"beginTime":0,"baseLayer":{"animations":[],"initialState":{"affineTransform":[1,0,0,1,0,0],"masksToBounds":false,"rotation":0,"scale":1,"position":{"pointX":512,"pointY":384},"width":1024,"sublayerTransform":[1,0,0,0,0,1,0,0,0,0,1,0,0,0,0,1],"contentsRect":{"y":0,"x":0,"width":1,"height":1},"opacity":1,"edgeAntialiasingMask":251658240,"height":768,"hidden":false,"anchorPoint":{"pointX":0.5,"pointY":0.5}},"objectID":"0","layers":[{"animations":[],"initialState":{"affineTransform":[1,0,0,1,0,0],"masksToBounds":false,"rotation":0,"scale":1,"position":{"pointX":512,"pointY":384},"width":1024,"sublayerTransform":[1,0,0,0,0,1,0,0,0,0,1,-0.00049229876906403734,0,0,0,1],"contentsRect":{"y":0,"x":0,"width":1,"height":1},"opacity":1,"edgeAntialiasingMask":251658240,"height":768,"hidden":false,"anchorPoint":{"pointX":0.5,"pointY":0.5}},"layers":[{"animations":[],"layers":[],"texturedRectangle":{"isBackgroundTexture":false,"singleTextureOpacity":1,"textureType":0,"textBaseline":0,"textXHeight":0,"isVerticalText":false},"initialState":{"affineTransform":[1,0,0,1,0,0],"masksToBounds":false,"rotation":0,"scale":1,"position":{"pointX":512,"pointY":384},"width":1024,"sublayerTransform":[1,0,0,0,0,1,0,0,0,0,1,0,0,0,0,1],"contentsRect":{"y":0,"x":0,"width":1,"height":1},"opacity":1,"edgeAntialiasingMask":0,"height":768,"hidden":false,"anchorPoint":{"pointX":0.5,"pointY":0.5}},"texture":"DA185542A1A8741263114DD13BCF82A1"},{"animations":[{"timeOffset":0,"from":{"scalar":false},"beginTime":0,"repeatCount":0,"fillMode":"both","property":"hidden","autoreverses":false,"duration":0.01,"to":{"scalar":true}}],"layers":[],"texturedRectangle":{"isBackgroundTexture":false,"singleTextureOpacity":1,"textureType":0,"textBaseline":0,"textXHeight":0,"isVerticalText":false},"initialState":{"affineTransform":[1,0,0,1,0,0],"masksToBounds":false,"rotation":0,"scale":1,"position":{"pointX":512,"pointY":384},"width":1024,"sublayerTransform":[1,0,0,0,0,1,0,0,0,0,1,0,0,0,0,1],"contentsRect":{"y":0,"x":0,"width":1,"height":1},"opacity":1,"edgeAntialiasingMask":0,"height":768,"hidden":false,"anchorPoint":{"pointX":0.5,"pointY":0.5}},"texture":"6F5934745C8A12409285DED1008490D5"}]}]},"effects":[],"duration":0.01,"type":"transition","attributes":{"direction":0},"name":"none","objectID":"0"}],"automaticPlay":false,"hyperlinks":[{"url":"http:\/\/GitHub.com\/scifiltr","targetRectangle":{"y":285.86000606536868,"x":997.00002217292786,"width":17.564895629882812,"height":135.49499999999995}}],"accessibility":[{"text":"+","targetRectangle":{"y":594.86248779296875,"x":294.47985247039071,"width":4.8000000000000114,"height":9.7679443359375}},{"text":"-y","targetRectangle":{"y":592.5,"x":829.69224047648436,"width":14.527999999999906,"height":18.535888671875}},{"text":"-z","targetRectangle":{"y":268.5,"x":289.67453222453116,"width":14.224000000000046,"height":18.535888671875}},{"text":"x<0","targetRectangle":{"y":311.5,"x":445.15095676524601,"width":27.088000000000022,"height":18.535888671875}},{"text":"y>0","targetRectangle":{"y":330.5,"x":445.28821119506063,"width":26.800000000000011,"height":18.535888671875}},{"text":"y","targetRectangle":{"y":321.5,"x":508.6328405401303,"width":8.3040000000000305,"height":18.535888671875}},{"text":"+","targetRectangle":{"y":488.02304077148438,"x":400.97625139617196,"width":4.8000000000000114,"height":9.7679443359375}},{"text":"-z","targetRectangle":{"y":592.5,"x":775.84417944132804,"width":14.224000000000046,"height":18.535888671875}},{"text":"orange\/spotlight","targetRectangle":{"y":692.13555926084518,"x":274.130126953125,"width":117.04000000000002,"height":17.552001953125}},{"text":"x<0","targetRectangle":{"y":149,"x":283.15095676524601,"width":27.088000000000022,"height":18.535888671875}},{"text":"y>0","targetRectangle":{"y":168,"x":283.28821119506063,"width":26.800000000000011,"height":18.535888671875}},{"text":"x>0","targetRectangle":{"y":420.5,"x":552.65092624766794,"width":27.087999999999965,"height":18.535888671875}},{"text":"y<0","targetRectangle":{"y":439.5,"x":552.7881806774825,"width":26.799999999999955,"height":18.535888671875}},{"text":"-y","targetRectangle":{"y":431,"x":505.52253222453118,"width":14.527999999999963,"height":18.535888671875}},{"text":"z","targetRectangle":{"y":321.5,"x":885.69551558895841,"width":8,"height":18.535888671875}},{"text":"+","targetRectangle":{"y":596.36248779296875,"x":401.57697241966372,"width":3.6000000000000227,"height":6.825958251953125}},{"text":"x<0","targetRectangle":{"y":473,"x":769.32060398204294,"width":27.087999999999965,"height":18.535888671875}},{"text":"y>0","targetRectangle":{"y":492,"x":769.4578584118575,"width":26.799999999999955,"height":18.535888671875}},{"text":"z","targetRectangle":{"y":321.5,"x":561.44551558895841,"width":8,"height":18.535888671875}},{"text":"red\/hotspot","targetRectangle":{"y":675.74469012022018,"x":274.4705810546875,"width":83.279999999999973,"height":17.552001953125}},{"text":"-z","targetRectangle":{"y":431,"x":451.67453222453116,"width":14.224000000000046,"height":18.535888671875}},{"text":"-x","targetRectangle":{"y":376,"x":775.6285017069531,"width":14.815999999999917,"height":18.535888671875}},{"text":"+","targetRectangle":{"y":487.87042236328125,"x":724.76418474578134,"width":4.8000000000000682,"height":9.7679443359375}},{"text":"x>0","targetRectangle":{"y":582,"x":876.82066501719919,"width":27.087999999999965,"height":18.535888671875}},{"text":"y<0","targetRectangle":{"y":601,"x":876.95791944701375,"width":26.799999999999955,"height":18.535888671875}},{"text":"-x","targetRectangle":{"y":376,"x":451.37853222453117,"width":14.816000000000031,"height":18.535888671875}},{"text":"y","targetRectangle":{"y":321.5,"x":832.88287105770848,"width":8.3039999999999736,"height":18.535888671875}},{"text":"+","targetRectangle":{"y":594.7098388671875,"x":724.76418474578134,"width":4.8000000000000682,"height":9.7679443359375}},{"text":"x","targetRectangle":{"y":376,"x":886.23887105770848,"width":8.5919999999999845,"height":18.535888671875}},{"text":"x>0","targetRectangle":{"y":420.5,"x":876.90098728282419,"width":27.087999999999965,"height":18.535888671875}},{"text":"y<0","targetRectangle":{"y":439.5,"x":877.03824171263875,"width":26.799999999999955,"height":18.535888671875}},{"text":"z","targetRectangle":{"y":483,"x":885.61519332333341,"width":8,"height":18.535888671875}},{"text":"ABSO-LUTE PROPOR-TION","targetRectangle":{"y":204.29010009765625,"x":442.48166831697876,"width":32.557000000000016,"height":35.796951293945312}},{"text":"x","targetRectangle":{"y":376,"x":561.98881002255223,"width":8.5919999999999845,"height":18.535888671875}},{"text":"+","targetRectangle":{"y":541.79010009765625,"x":725.06442508694522,"width":4.2000000000000455,"height":8.7969512939453125}},{"text":"-y","targetRectangle":{"y":431,"x":829.77256274210936,"width":14.527999999999906,"height":18.535888671875}},{"text":"+","targetRectangle":{"y":542.9427490234375,"x":295.08057349388247,"width":3.6000000000000227,"height":6.825958251953125}},{"text":"yellow\/warm","targetRectangle":{"y":693.13555926084518,"x":127.20818328857422,"width":90.031999999999982,"height":17.552001953125}},{"text":"-x","targetRectangle":{"y":537.5,"x":775.5481794413281,"width":14.815999999999917,"height":18.535888671875}},{"text":"BRAND","targetRectangle":{"y":164.67636108398438,"x":660.16330115220649,"width":28.152000000000044,"height":9.7679443359375}},{"text":"x<0","targetRectangle":{"y":311,"x":283.15095676524601,"width":27.088000000000022,"height":18.535888671875}},{"text":"y>0","targetRectangle":{"y":330,"x":283.28821119506063,"width":26.800000000000011,"height":18.535888671875}},{"text":"+","targetRectangle":{"y":541.4427490234375,"x":400.97625139617196,"width":4.8000000000000114,"height":9.7679443359375}},{"text":"+","targetRectangle":{"y":541.79010009765625,"x":618.56802616116397,"width":4.2000000000000455,"height":8.7969512939453125}},{"text":"-z","targetRectangle":{"y":431,"x":775.92450170695304,"width":14.224000000000046,"height":18.535888671875}},{"text":"+","targetRectangle":{"y":487.2901611328125,"x":510.71187761687509,"width":4.8000000000000682,"height":9.7679443359375}},{"text":"green\/tepid whereby x,y,z ≥ 0","targetRectangle":{"y":676.74469012022018,"x":699.40142822265625,"width":210.49600000000009,"height":17.552001953125}},{"text":"x","targetRectangle":{"y":537.5,"x":886.15854879208348,"width":8.5919999999999845,"height":18.535888671875}},{"text":"NOMINAL WORTH","targetRectangle":{"y":158.3057861328125,"x":493.87580666706918,"width":39.120000000000061,"height":19.7679443359375}},{"text":"x<0","targetRectangle":{"y":311.5,"x":769.40092624766794,"width":27.087999999999965,"height":18.535888671875}},{"text":"y>0","targetRectangle":{"y":330.5,"x":769.5381806774825,"width":26.799999999999955,"height":18.535888671875}},{"text":"+","targetRectangle":{"y":594.62957763671875,"x":511.01211795803903,"width":4.1999999999999886,"height":8.7969512939453125}},{"text":"-z","targetRectangle":{"y":430.5,"x":289.67453222453116,"width":14.224000000000046,"height":18.535888671875}},{"text":"RELATIVE VALUE","targetRectangle":{"y":265.14520263671875,"x":493.94380666706917,"width":38.98399999999998,"height":19.7679443359375}},{"text":"CASH FLOW","targetRectangle":{"y":158.87039184570312,"x":123.24124817388429,"width":24.73553346543369,"height":19.7679443359375}},{"text":"-x","targetRectangle":{"y":375.5,"x":613.7178571757031,"width":14.815999999999917,"height":18.535888671875}},{"text":"+","targetRectangle":{"y":163.87042236328125,"x":456.35485247039071,"width":4.8000000000000114,"height":9.7679443359375}},{"text":"FLUCTU-ATION","targetRectangle":{"y":265.72549438476562,"x":117.45678914997934,"width":34.519999999999996,"height":19.7679443359375}},{"text":"x","targetRectangle":{"y":375.5,"x":724.32816549130223,"width":8.5919999999999845,"height":18.535888671875}},{"text":"+","targetRectangle":{"y":270.7098388671875,"x":456.35485247039071,"width":4.8000000000000114,"height":9.7679443359375}},{"text":"FREE FLOAT","targetRectangle":{"y":158.87039184570312,"x":228.84163947027102,"width":24.823533465433655,"height":19.7679443359375}},{"text":"+","targetRectangle":{"y":163.87042236328125,"x":562.85122087859384,"width":4.8000000000000682,"height":9.7679443359375}},{"text":"+","targetRectangle":{"y":434.62960815429688,"x":186.48940222923403,"width":3.5999999999999943,"height":6.825958251953125}},{"text":"DIVI-DENDS","targetRectangle":{"y":265.70986938476562,"x":227.445639470271,"width":27.551999999999992,"height":19.7679443359375}},{"text":"y","targetRectangle":{"y":321,"x":346.6328405401303,"width":8.3040000000000305,"height":18.535888671875}},{"text":"+","targetRectangle":{"y":326.87039184570312,"x":132.31733873748055,"width":4.8000000000000114,"height":9.7679443359375}},{"text":"balanced score criteria","targetRectangle":{"y":693.53259295225143,"x":451.8446044921875,"width":162.67200000000003,"height":17.552001953125}},{"text":"EXPLO-RATION","targetRectangle":{"y":267.25228881835938,"x":605.99362274952489,"width":29.343999999999937,"height":19.7679443359375}},{"text":"-y","targetRectangle":{"y":430.5,"x":343.52253222453118,"width":14.52800000000002,"height":18.535888671875}},{"text":" + unknown sidekick (placeholder)","targetRectangle":{"y":692.85076922178268,"x":675.1910400390625,"width":243.12000000000012,"height":17.552001953125}},{"text":"+","targetRectangle":{"y":327.79013061523438,"x":186.48940222923403,"width":3.5999999999999943,"height":6.825958251953125}},{"text":"+","targetRectangle":{"y":433.70986938476562,"x":132.31733873748055,"width":4.8000000000000114,"height":9.7679443359375}},{"text":"PENE-TRATION","targetRectangle":{"y":159.91287231445312,"x":710.27018683355232,"width":33.799999999999955,"height":19.7679443359375}},{"text":"-y","targetRectangle":{"y":430.5,"x":667.86185717570311,"width":14.527999999999906,"height":18.535888671875}},{"text":"+","targetRectangle":{"y":326.87039184570312,"x":238.81373003386727,"width":4.8000000000000114,"height":9.7679443359375}},{"text":"EXAMI-NATION","targetRectangle":{"y":267.25228881835938,"x":712.57057163360071,"width":29.199999999999932,"height":19.7679443359375}},{"text":"-z","targetRectangle":{"y":430.5,"x":614.01385717570304,"width":14.224000000000046,"height":18.535888671875}},{"text":"VALUE PER SHARE (PAR)","targetRectangle":{"y":148.79013061523438,"x":174.81297544219441,"width":29.192000000000007,"height":39.7679443359375}},{"text":"+","targetRectangle":{"y":433.70986938476562,"x":238.81373003386727,"width":4.8000000000000114,"height":9.7679443359375}},{"text":"© 2019-12-02 by Jens T. Hinrichs\/MathDIY – GitHub.com\/scifiltr","targetRectangle":{"y":285.86000606536868,"x":997.00002217292786,"width":17.564895629882812,"height":452.27999999999997}},{"text":"z","targetRectangle":{"y":321,"x":723.78481002255216,"width":8,"height":18.535888671875}},{"text":"+","targetRectangle":{"y":594.7098388671875,"x":457.14052751921884,"width":4.8000000000000114,"height":9.7679443359375}},{"text":"x<0","targetRectangle":{"y":311,"x":607.49028171641794,"width":27.087999999999965,"height":18.535888671875}},{"text":"y>0","targetRectangle":{"y":330,"x":607.6275361462325,"width":26.799999999999955,"height":18.535888671875}},{"text":"PRODUCT","targetRectangle":{"y":218.42630004882812,"x":707.60416877459329,"width":39.120000000000005,"height":9.7679443359375}},{"text":"VOTING RIGHT","targetRectangle":{"y":265.62960815429688,"x":173.39636444874361,"width":32.007999999999981,"height":19.7679443359375}},{"text":"+","targetRectangle":{"y":380.29013061523438,"x":238.81373003386727,"width":4.8000000000000114,"height":9.7679443359375}},{"text":"PROJECT","targetRectangle":{"y":218.42630004882812,"x":602.21583088396835,"width":36.903999999999996,"height":9.7679443359375}},{"text":"x>0","targetRectangle":{"y":420,"x":714.99028171641794,"width":27.087999999999965,"height":18.535888671875}},{"text":"y<0","targetRectangle":{"y":439,"x":715.1275361462325,"width":26.799999999999955,"height":18.535888671875}},{"text":"+","targetRectangle":{"y":270.7098388671875,"x":562.85122087859384,"width":4.8000000000000682,"height":9.7679443359375}},{"text":"FREEDOM OF INFOR-MATION","targetRectangle":{"y":154.9151611328125,"x":820.50332257458001,"width":36.959173859049429,"height":26.796951293945312}},{"text":"REAL WORTH","targetRectangle":{"y":212.29010009765625,"x":550.43728400152099,"width":29.639999999999986,"height":19.7679443359375}},{"text":"DISSO-LUTION OF BUREAU-CRACY","targetRectangle":{"y":257.12957763671875,"x":819.79059941881383,"width":38.905999999999949,"height":35.796951293945312}},{"text":"LACK OF INTE-GRITY","targetRectangle":{"y":153.87042236328125,"x":768.33910428292415,"width":36.455999999999904,"height":29.7679443359375}},{"text":"balanced score compass","targetRectangle":{"y":676.74469012022018,"x":452.34527587890625,"width":179.60000000000002,"height":17.552001953125}},{"text":"DEVELOP-MENT","targetRectangle":{"y":159.92849731445312,"x":600.73338991902233,"width":39.864000000000033,"height":19.7679443359375}},{"text":"CORRUPTION AND DISPERSAL","targetRectangle":{"y":262.3348388671875,"x":765.32704729750469,"width":38.765999999999963,"height":26.796951293945312}},{"text":"+","targetRectangle":{"y":487.87042236328125,"x":563.63692644500009,"width":4.8000000000000682,"height":9.7679443359375}},{"text":"LACK OF COM-","targetRectangle":{"y":153.87042236328125,"x":874.0354543805804,"width":36.455999999999904,"height":19.7679443359375}},{"text":"PETENCE","targetRectangle":{"y":173.87042236328125,"x":872.83142106450509,"width":36.752000000000066,"height":9.7679443359375}},{"text":"+","targetRectangle":{"y":594.7098388671875,"x":563.63692644500009,"width":4.8000000000000682,"height":9.7679443359375}},{"text":"x>0","targetRectangle":{"y":258,"x":390.65095676524601,"width":27.088000000000022,"height":18.535888671875}},{"text":"y<0","targetRectangle":{"y":277,"x":390.78821119506063,"width":26.800000000000011,"height":18.535888671875}},{"text":"INSTITU-TIONAL DISCRIMI-NATION","targetRectangle":{"y":258.4598388671875,"x":874.02540298775455,"width":34.355999999999995,"height":35.796951293945312}},{"text":"MathDIY presents: The Interaction Law in competing ecosystems using a Balanced Score Cube (7\/7)","targetRectangle":{"y":28.075897216796875,"x":62.829999999999927,"width":898.34000000000015,"height":23.44000244140625}},{"text":"+","targetRectangle":{"y":541.29010009765625,"x":563.63692644500009,"width":4.8000000000000682,"height":9.7679443359375}},{"text":"x>0","targetRectangle":{"y":420,"x":390.65095676524601,"width":27.088000000000022,"height":18.535888671875}},{"text":"y<0","targetRectangle":{"y":439,"x":390.78821119506063,"width":26.800000000000011,"height":18.535888671875}},{"text":"z","targetRectangle":{"y":159,"x":399.44551558895841,"width":8,"height":18.535888671875}},{"text":"NO BOO-KING WITH-OUT RECEIPT (PROPER BOOKLET","targetRectangle":{"y":204.79010009765625,"x":871.46723096458561,"width":41.129999999999995,"height":34.825958251953125}},{"text":"blue\/cold","targetRectangle":{"y":676.74469012022018,"x":126.40740203857422,"width":66.671999999999997,"height":17.552001953125}},{"text":"+","targetRectangle":{"y":541.29010009765625,"x":457.14052751921884,"width":4.8000000000000114,"height":9.7679443359375}},{"text":"-x","targetRectangle":{"y":213.5,"x":289.37853222453117,"width":14.816000000000031,"height":18.535888671875}},{"text":"NO LEGAL BASIS, NO LEGAL OPERATION","targetRectangle":{"y":208.44635009765625,"x":767.64347847131376,"width":34.134000000000015,"height":27.825958251953125}},{"text":"+","targetRectangle":{"y":487.7901611328125,"x":672.13937625882022,"width":4.2000000000000455,"height":8.7969512939453125}},{"text":"+","targetRectangle":{"y":594.62957763671875,"x":672.13937625882022,"width":4.2000000000000455,"height":8.7969512939453125}},{"text":"+","targetRectangle":{"y":487.87042236328125,"x":618.26778582000009,"width":4.8000000000000682,"height":9.7679443359375}},{"text":"+","targetRectangle":{"y":380.29013061523438,"x":132.31733873748055,"width":4.8000000000000114,"height":9.7679443359375}},{"text":"+","targetRectangle":{"y":594.7098388671875,"x":618.26778582000009,"width":4.8000000000000682,"height":9.7679443359375}},{"text":"+","targetRectangle":{"y":488.79013061523438,"x":185.23944800560122,"width":3.5999999999999943,"height":6.825958251953125}},{"text":"+","targetRectangle":{"y":595.62957763671875,"x":185.23944800560122,"width":3.5999999999999943,"height":6.825958251953125}},{"text":"INVEN-TION","targetRectangle":{"y":266.67202758789062,"x":660.82897284718115,"width":26.815999999999917,"height":19.7679443359375}},{"text":"+","targetRectangle":{"y":487.87042236328125,"x":457.14052751921884,"width":4.8000000000000114,"height":9.7679443359375}},{"text":"+","targetRectangle":{"y":594.7098388671875,"x":237.56377581023446,"width":4.8000000000000114,"height":9.7679443359375}},{"text":"+","targetRectangle":{"y":487.87039184570312,"x":131.06738451384774,"width":4.8000000000000114,"height":9.7679443359375}},{"text":"+","targetRectangle":{"y":542.79010009765625,"x":238.16449683372622,"width":3.5999999999999943,"height":6.825958251953125}},{"text":"z","targetRectangle":{"y":321,"x":399.44548507138029,"width":8,"height":18.535888671875}},{"text":"+","targetRectangle":{"y":594.7098388671875,"x":131.06738451384774,"width":4.8000000000000114,"height":9.7679443359375}},{"text":"+","targetRectangle":{"y":542.79010009765625,"x":131.6681055373395,"width":3.5999999999999943,"height":6.825958251953125}},{"text":"-x","targetRectangle":{"y":375.5,"x":289.37853222453117,"width":14.816000000000031,"height":18.535888671875}},{"text":"x","targetRectangle":{"y":213.5,"x":399.9888405401303,"width":8.5920000000000414,"height":18.535888671875}},{"text":"+","targetRectangle":{"y":487.87039184570312,"x":237.56377581023446,"width":4.8000000000000114,"height":9.7679443359375}},{"text":"+","targetRectangle":{"y":487.44277954101562,"x":348.05120256804696,"width":4.8000000000000114,"height":9.7679443359375}},{"text":"x","targetRectangle":{"y":375.5,"x":399.9888405401303,"width":8.5920000000000414,"height":18.535888671875}},{"text":"SHARE-HOLDER","targetRectangle":{"y":212.79013061523438,"x":224.77402427031942,"width":32.895999999999987,"height":19.7679443359375}},{"text":"+","targetRectangle":{"y":594.7822265625,"x":348.3514429092109,"width":4.1999999999999886,"height":8.7969512939453125}},{"text":"y","targetRectangle":{"y":159,"x":346.6328405401303,"width":8.3040000000000305,"height":18.535888671875}},{"text":"STAKE-HOLDER","targetRectangle":{"y":212.79013061523438,"x":118.27763297393271,"width":32.896000000000001,"height":19.7679443359375}},{"text":"y","targetRectangle":{"y":321,"x":670.97216549130223,"width":8.3039999999999736,"height":18.535888671875}},{"text":"+","targetRectangle":{"y":489.52304077148438,"x":295.08057349388247,"width":3.6000000000000227,"height":6.825958251953125}},{"text":"y","targetRectangle":{"y":483,"x":832.80254879208348,"width":8.3039999999999736,"height":18.535888671875}},{"text":"-y","targetRectangle":{"y":268.5,"x":343.52253222453118,"width":14.52800000000002,"height":18.535888671875}}],"baseLayer":{"animations":[],"initialState":{"affineTransform":[1,0,0,1,0,0],"masksToBounds":false,"rotation":0,"scale":1,"position":{"pointX":512,"pointY":384},"width":1024,"sublayerTransform":[1,0,0,0,0,1,0,0,0,0,1,0,0,0,0,1],"contentsRect":{"y":0,"x":0,"width":1,"height":1},"opacity":1,"edgeAntialiasingMask":251658240,"height":768,"hidden":false,"anchorPoint":{"pointX":0.5,"pointY":0.5}},"objectID":"0","layers":[{"animations":[],"initialState":{"affineTransform":[1,0,0,1,0,0],"masksToBounds":false,"rotation":0,"scale":1,"position":{"pointX":512,"pointY":384},"width":1024,"sublayerTransform":[1,0,0,0,0,1,0,0,0,0,1,-0.00049229876906403734,0,0,0,1],"contentsRect":{"y":0,"x":0,"width":1,"height":1},"opacity":1,"edgeAntialiasingMask":251658240,"height":768,"hidden":false,"anchorPoint":{"pointX":0.5,"pointY":0.5}},"layers":[{"animations":[],"layers":[],"texturedRectangle":{"isBackgroundTexture":false,"singleTextureOpacity":1,"textureType":0,"textBaseline":0,"textXHeight":0,"isVerticalText":false},"initialState":{"affineTransform":[1,0,0,1,0,0],"masksToBounds":false,"rotation":0,"scale":1,"position":{"pointX":512,"pointY":384},"width":1024,"sublayerTransform":[1,0,0,0,0,1,0,0,0,0,1,0,0,0,0,1],"contentsRect":{"y":0,"x":0,"width":1,"height":1},"opacity":1,"edgeAntialiasingMask":0,"height":768,"hidden":false,"anchorPoint":{"pointX":0.5,"pointY":0.5}},"texture":"6F5934745C8A12409285DED1008490D5"}]}]}}]}