{"assets":{"DB8451458D98EFA7506DBEBC2B1323F0":{"type":"texture","index":1,"assetRequest":{"type":"slide","state":"contents","slide":"none"},"url":{"native":"assets\/82B1CC33-FEF2-46B8-BEAA-A941C2D8153A.pdf"},"width":1024,"height":768},"87B3AB8DE2AC8299B478793C2159A73F":{"type":"texture","index":0,"assetRequest":{"type":"slide","state":"contents","slide":"none"},"url":{"native":"assets\/82B1CC33-FEF2-46B8-BEAA-A941C2D8153A.pdf"},"width":1024,"height":768}},"events":[{"effects":[{"beginTime":0,"baseLayer":{"animations":[],"initialState":{"affineTransform":[1,0,0,1,0,0],"masksToBounds":false,"rotation":0,"scale":1,"position":{"pointX":512,"pointY":384},"width":1024,"sublayerTransform":[1,0,0,0,0,1,0,0,0,0,1,0,0,0,0,1],"contentsRect":{"y":0,"x":0,"width":1,"height":1},"opacity":1,"edgeAntialiasingMask":251658240,"height":768,"hidden":false,"anchorPoint":{"pointX":0.5,"pointY":0.5}},"objectID":"0","layers":[{"animations":[],"initialState":{"affineTransform":[1,0,0,1,0,0],"masksToBounds":false,"rotation":0,"scale":1,"position":{"pointX":512,"pointY":384},"width":1024,"sublayerTransform":[1,0,0,0,0,1,0,0,0,0,1,-0.00049229876906403734,0,0,0,1],"contentsRect":{"y":0,"x":0,"width":1,"height":1},"opacity":1,"edgeAntialiasingMask":251658240,"height":768,"hidden":false,"anchorPoint":{"pointX":0.5,"pointY":0.5}},"layers":[{"animations":[],"layers":[],"texturedRectangle":{"isBackgroundTexture":false,"singleTextureOpacity":1,"textureType":0,"textBaseline":0,"textXHeight":0,"isVerticalText":false},"initialState":{"affineTransform":[1,0,0,1,0,0],"masksToBounds":false,"rotation":0,"scale":1,"position":{"pointX":512,"pointY":384},"width":1024,"sublayerTransform":[1,0,0,0,0,1,0,0,0,0,1,0,0,0,0,1],"contentsRect":{"y":0,"x":0,"width":1,"height":1},"opacity":1,"edgeAntialiasingMask":0,"height":768,"hidden":false,"anchorPoint":{"pointX":0.5,"pointY":0.5}},"texture":"DB8451458D98EFA7506DBEBC2B1323F0"},{"animations":[{"timeOffset":0,"from":{"scalar":false},"beginTime":0,"repeatCount":0,"fillMode":"both","property":"hidden","autoreverses":false,"duration":0.01,"to":{"scalar":true}}],"layers":[],"texturedRectangle":{"isBackgroundTexture":false,"singleTextureOpacity":1,"textureType":0,"textBaseline":0,"textXHeight":0,"isVerticalText":false},"initialState":{"affineTransform":[1,0,0,1,0,0],"masksToBounds":false,"rotation":0,"scale":1,"position":{"pointX":512,"pointY":384},"width":1024,"sublayerTransform":[1,0,0,0,0,1,0,0,0,0,1,0,0,0,0,1],"contentsRect":{"y":0,"x":0,"width":1,"height":1},"opacity":1,"edgeAntialiasingMask":0,"height":768,"hidden":false,"anchorPoint":{"pointX":0.5,"pointY":0.5}},"texture":"87B3AB8DE2AC8299B478793C2159A73F"}]}]},"effects":[],"duration":0.01,"type":"transition","attributes":{"direction":0},"name":"none","objectID":"0"}],"automaticPlay":false,"hyperlinks":[{"url":"http:\/\/GitHub.com\/scifiltr","targetRectangle":{"y":285.86000606536868,"x":997.00002217292786,"width":17.564895629882812,"height":135.49499999999995}}],"accessibility":[{"text":"Room Layer","targetRectangle":{"y":194.31027263402939,"x":849.7769775390625,"width":80.878000000000043,"height":16.593902587890625}},{"text":"180°","targetRectangle":{"y":552.12840244174004,"x":513.44342041015625,"width":28.951999999999998,"height":16.593902587890625}},{"text":"60°","targetRectangle":{"y":301.40608188509941,"x":354.89242553710938,"width":21.168000000000006,"height":16.593902587890625}},{"text":"c","targetRectangle":{"y":414.77871698141098,"x":521.53143349289894,"width":13.775999999999954,"height":28.3038330078125}},{"text":"∡","targetRectangle":{"y":544.50958168506622,"x":296.16232281923294,"width":39.0380859375,"height":58.57275390625}},{"text":"≤ 360 °","targetRectangle":{"y":191.31028020381927,"x":785.05419921875,"width":54.807999999999993,"height":20.506881713867188}},{"text":"TEPID","targetRectangle":{"y":607.15943412273828,"x":801.28350507556604,"width":43.324636480864569,"height":49.004110362369488}},{"text":"270°","targetRectangle":{"y":379.84931918978691,"x":693.96087646484375,"width":28.951999999999998,"height":16.593902587890625}},{"text":"Self Optimization ","targetRectangle":{"y":275.78515756130219,"x":76.705429077148438,"width":135.03999999999999,"height":18.535888671875}},{"text":"& Actualization ","targetRectangle":{"y":294.78515756130219,"x":76.705429077148438,"width":119.072,"height":18.535888671875}},{"text":"One’s Potential","targetRectangle":{"y":313.78515756130219,"x":76.705429077148438,"width":115.24800000000002,"height":18.535888671875}},{"text":"∡","targetRectangle":{"y":459.09582436084747,"x":355.61465436220169,"width":39.0380859375,"height":58.57275390625}},{"text":"a","targetRectangle":{"y":309.25750726461411,"x":585.44989052414894,"width":13.775999999999954,"height":28.3038330078125}},{"text":"≤ 24 h","targetRectangle":{"y":238.45523869991302,"x":788.13970947265625,"width":48.637000000000057,"height":20.506881713867188}},{"text":"T2","targetRectangle":{"y":377.31134033203125,"x":521.94035037112656,"width":15.418666843414258,"height":18.535888775346393}},{"text":"INFLUENCE OF SOCIAL NETWORK (DENSITY)","targetRectangle":{"y":685.4954833984375,"x":309.8017332763672,"width":387.75599999999991,"height":22.477874755859375}},{"text":"b","targetRectangle":{"y":309.25750726461411,"x":450.00589030981064,"width":14.663999999999987,"height":28.3038330078125}},{"text":"B","targetRectangle":{"y":409.99438470602036,"x":659.55840826034546,"width":16.895999999999958,"height":28.3038330078125}},{"text":"12h","targetRectangle":{"y":582.68974277377129,"x":512.98440551757812,"width":23.870000000000005,"height":16.593902587890625}},{"text":"WARM","targetRectangle":{"y":438.5664470621914,"x":675.33587323962854,"width":45.943735461622282,"height":52.479772102095353}},{"text":"Tier (T1) = 2r x π ","targetRectangle":{"y":734.26403766870499,"x":110.07986833953858,"width":124.25066684341429,"height":18.535888775346393}},{"text":"SHARE, LIKES, COMMENTS, REPUTATION, FREE WILL, DATA + INTERACTION, EDUCATION, VETO RIGHTS, SANCTIONS OR CUSTOMS, LOYALTY, STATUS, DEPRECIATION, ADDED VALUE, CONTRIBUTION MARGIN, REFUGIUM ","targetRectangle":{"y":441.59438180923462,"x":399.2574030761719,"width":261.38200000000001,"height":64.680923461914062}},{"text":"24h","targetRectangle":{"y":170.90882846713066,"x":515.936767578125,"width":23.870000000000005,"height":16.593902587890625}},{"text":"Target (T2) = Focus (F1), Forces (F2) ","targetRectangle":{"y":734.22753864526749,"x":375.92296221160888,"width":266.38400053024287,"height":18.535888775346393}},{"text":"Simple Psychology in MathDIY: Hierarchy of needs and its downsides using geometry (3\/3)\\u2028– The Squaring of the Circles –","targetRectangle":{"y":28.075897216796875,"x":107.47999999999996,"width":816.03999999999996,"height":47.44000244140625}},{"text":"COLD","targetRectangle":{"y":524.59040336101953,"x":739.98748456775354,"width":42.275071080487351,"height":47.611290032847023}},{"text":"Stability Triangle","targetRectangle":{"y":473.79978984594345,"x":851.3099365234375,"width":110.38999999999999,"height":16.593902587890625}},{"text":"6h","targetRectangle":{"y":379.25541660189629,"x":729.96087646484375,"width":16.086000000000013,"height":16.593902587890625}},{"text":"Safety Reasons ","targetRectangle":{"y":534.82037323713303,"x":77.147674560546875,"width":123.27999999999997,"height":18.535888671875}},{"text":"& Privacy Protection ","targetRectangle":{"y":553.82037323713303,"x":77.147674560546875,"width":159.72800000000004,"height":18.535888671875}},{"text":"Atomic Layers","targetRectangle":{"y":424.6986545920372,"x":851.2340087890625,"width":95.899999999999977,"height":16.593902587890625}},{"text":"B = { p1xp2 ∈ T1 | p1xp2 T2 ≤ r}","targetRectangle":{"y":733.99999952316284,"x":693.35284423828125,"width":211.27741790390019,"height":19.06396484375}},{"text":"© 2019-12-17 by Jens T. Hinrichs\/MathDIY – GitHub.com\/scifiltr","targetRectangle":{"y":285.86000606536868,"x":997.00002217292786,"width":17.564895629882812,"height":452.27999999999997}},{"text":"A","targetRectangle":{"y":409.99438470602036,"x":380.84042406082153,"width":16.439999999999998,"height":28.3038330078125}},{"text":"Blind Spot","targetRectangle":{"y":523.10716289281845,"x":851.2340087890625,"width":68.950000000000045,"height":16.593902587890625}},{"text":"18h","targetRectangle":{"y":379.57017490267754,"x":303.246337890625,"width":23.870000000000005,"height":16.593902587890625}},{"text":"Score Compass","targetRectangle":{"y":378.84931987524033,"x":851.2340087890625,"width":106.03600000000006,"height":16.593902587890625}},{"text":"d > 1 ","targetRectangle":{"y":734.22753864526749,"x":288.10044720077514,"width":41.616000000000042,"height":18.535888671875}},{"text":"To Be Loved by Others","targetRectangle":{"y":444.46672034263611,"x":76.705429077148438,"width":172.208,"height":18.535888671875}},{"text":"& Belonging to a Social Group ","targetRectangle":{"y":463.46672034263611,"x":76.705429077148438,"width":233.70800000000003,"height":22.477874755859375}},{"text":"‘‘There are more fair number of needs than any limited number of targets’’","targetRectangle":{"y":82.416778922080994,"x":297.36800000000005,"width":435.93599999999992,"height":57.3038330078125}},{"text":"∡","targetRectangle":{"y":373.60983192920685,"x":424.40127545595169,"width":39.0380859375,"height":58.57275390625}},{"text":"C","targetRectangle":{"y":228.09410089254379,"x":519.52743369340897,"width":17.783999999999992,"height":28.3038330078125}},{"text":"360°","targetRectangle":{"y":201.35299655795097,"x":513.44342041015625,"width":28.951999999999998,"height":16.593902587890625}},{"text":"∡","targetRectangle":{"y":627.51074135303497,"x":230.48095685243607,"width":39.0380859375,"height":58.57275390625}},{"text":"Appreciation & Recognition","targetRectangle":{"y":365.23205536603928,"x":76.705429077148438,"width":209.12,"height":18.535888671875}},{"text":"of One’s Accomplishment","targetRectangle":{"y":384.23205536603928,"x":76.705429077148438,"width":195.48800000000006,"height":18.535888671875}},{"text":"T1","targetRectangle":{"y":334.58010864257812,"x":404.9403503711265,"width":15.418666843414314,"height":18.535888775346393}},{"text":"FREE GOODS, WATER, AIR, RECREATION, SLEEP, STABLE INCOME AND PRICES, MEDIA LITERACY, VIOLENCE DIVISION, PRESUMPTION OF INNOCENCE, DATA PROTECTION, PUBLIC SECURITY, PEACE, WELFARE AND LIFE QUALITY, INFRASTRUCTURE, PRECAUTION, GOVERNMENTAL SPENDING, BIODIVERSITY, GAINFULLY BIOGRAPHY, CHEAP LIVING SPACE, RIGHT TO FORGET, ASYLUM","targetRectangle":{"y":515.99999117851257,"x":343.25793041992188,"width":375.83699999999999,"height":77.680923461914062}},{"text":"HIERARCHY OF INDIVIDUAL MOTIVATION (Intensity)","targetRectangle":{"y":154.42800000000011,"x":41.894989013671861,"width":22.477874755859403,"height":459.14399999999978}},{"text":"YIELD ≤ YOURS (Y)\\u2028YIELD = CONSUMPTION + SAVE","targetRectangle":{"y":604.15746164321899,"x":447.22505205267669,"width":170.18099999999993,"height":25.680923461914062}},{"text":"YIELD = CONSUMPTION + NET INVESTMENT\\u2028YOURS (Y )= DEMOCRACY x [FREE NATURE - BUILT UP\/ AND UNDERDEVELOPED AREA]\\u2028YOURS (Y) = DEMOCRACY + INTERNET","targetRectangle":{"y":630.15746164321899,"x":296.96321868896484,"width":477.70466672742373,"height":38.680923542559867}},{"text":"100°","targetRectangle":{"y":418.55802890658379,"x":336.49252319335938,"width":28.951999999999998,"height":16.593902587890625}},{"text":"Portfolio Bubble","targetRectangle":{"y":333.4709934592247,"x":850.7190146446228,"width":108.06600000000003,"height":16.593902587890625}},{"text":"∡","targetRectangle":{"y":265.39221107959747,"x":793.43914777040482,"width":39.0380859375,"height":58.57275390625}},{"text":"Time Layer","targetRectangle":{"y":240.41172832250595,"x":849.77001953125,"width":73.864000000000033,"height":16.593902587890625}},{"text":"90°","targetRectangle":{"y":379.35554477572441,"x":338.08816528320312,"width":21.168000000000006,"height":16.593902587890625}},{"text":"Distance Angle","targetRectangle":{"y":286.48338359594345,"x":850.3597412109375,"width":100.82799999999997,"height":16.593902587890625}},{"text":"Fundamental Basic & ","targetRectangle":{"y":621.23205536603928,"x":76.915679931640625,"width":166.19200000000001,"height":18.535888671875}},{"text":"Physiological Needs","targetRectangle":{"y":640.23205536603928,"x":76.915679931640625,"width":154.304,"height":18.535888671875}}],"baseLayer":{"animations":[],"initialState":{"affineTransform":[1,0,0,1,0,0],"masksToBounds":false,"rotation":0,"scale":1,"position":{"pointX":512,"pointY":384},"width":1024,"sublayerTransform":[1,0,0,0,0,1,0,0,0,0,1,0,0,0,0,1],"contentsRect":{"y":0,"x":0,"width":1,"height":1},"opacity":1,"edgeAntialiasingMask":251658240,"height":768,"hidden":false,"anchorPoint":{"pointX":0.5,"pointY":0.5}},"objectID":"0","layers":[{"animations":[],"initialState":{"affineTransform":[1,0,0,1,0,0],"masksToBounds":false,"rotation":0,"scale":1,"position":{"pointX":512,"pointY":384},"width":1024,"sublayerTransform":[1,0,0,0,0,1,0,0,0,0,1,-0.00049229876906403734,0,0,0,1],"contentsRect":{"y":0,"x":0,"width":1,"height":1},"opacity":1,"edgeAntialiasingMask":251658240,"height":768,"hidden":false,"anchorPoint":{"pointX":0.5,"pointY":0.5}},"layers":[{"animations":[],"layers":[],"texturedRectangle":{"isBackgroundTexture":false,"singleTextureOpacity":1,"textureType":0,"textBaseline":0,"textXHeight":0,"isVerticalText":false},"initialState":{"affineTransform":[1,0,0,1,0,0],"masksToBounds":false,"rotation":0,"scale":1,"position":{"pointX":512,"pointY":384},"width":1024,"sublayerTransform":[1,0,0,0,0,1,0,0,0,0,1,0,0,0,0,1],"contentsRect":{"y":0,"x":0,"width":1,"height":1},"opacity":1,"edgeAntialiasingMask":0,"height":768,"hidden":false,"anchorPoint":{"pointX":0.5,"pointY":0.5}},"texture":"87B3AB8DE2AC8299B478793C2159A73F"}]}]}}]}