{"assets":{"4EFE616F376BC78D68E8DAC69D4DDD53":{"type":"texture","index":1,"assetRequest":{"type":"slide","state":"contents","slide":"none"},"url":{"native":"assets\/E16B4782-8C56-4E8B-964B-F23823D33728.pdf"},"width":1024,"height":768},"AA3A281AE8F337E932C3F83DD264EECC":{"type":"texture","index":0,"assetRequest":{"type":"slide","state":"contents","slide":"none"},"url":{"native":"assets\/E16B4782-8C56-4E8B-964B-F23823D33728.pdf"},"width":1024,"height":768}},"events":[{"effects":[{"beginTime":0,"baseLayer":{"animations":[],"initialState":{"affineTransform":[1,0,0,1,0,0],"masksToBounds":false,"rotation":0,"scale":1,"position":{"pointX":512,"pointY":384},"width":1024,"sublayerTransform":[1,0,0,0,0,1,0,0,0,0,1,0,0,0,0,1],"contentsRect":{"y":0,"x":0,"width":1,"height":1},"opacity":1,"edgeAntialiasingMask":251658240,"height":768,"hidden":false,"anchorPoint":{"pointX":0.5,"pointY":0.5}},"objectID":"0","layers":[{"animations":[],"initialState":{"affineTransform":[1,0,0,1,0,0],"masksToBounds":false,"rotation":0,"scale":1,"position":{"pointX":512,"pointY":384},"width":1024,"sublayerTransform":[1,0,0,0,0,1,0,0,0,0,1,-0.00049229876906403734,0,0,0,1],"contentsRect":{"y":0,"x":0,"width":1,"height":1},"opacity":1,"edgeAntialiasingMask":251658240,"height":768,"hidden":false,"anchorPoint":{"pointX":0.5,"pointY":0.5}},"layers":[{"animations":[],"layers":[],"texturedRectangle":{"isBackgroundTexture":false,"singleTextureOpacity":1,"textureType":0,"textBaseline":0,"textXHeight":0,"isVerticalText":false},"initialState":{"affineTransform":[1,0,0,1,0,0],"masksToBounds":false,"rotation":0,"scale":1,"position":{"pointX":512,"pointY":384},"width":1024,"sublayerTransform":[1,0,0,0,0,1,0,0,0,0,1,0,0,0,0,1],"contentsRect":{"y":0,"x":0,"width":1,"height":1},"opacity":1,"edgeAntialiasingMask":0,"height":768,"hidden":false,"anchorPoint":{"pointX":0.5,"pointY":0.5}},"texture":"4EFE616F376BC78D68E8DAC69D4DDD53"},{"animations":[{"additive":false,"timeOffset":0,"beginTime":0,"from":{"scalar":false},"repeatCount":0,"fillMode":"both","duration":0.01,"autoreverses":false,"property":"hidden","to":{"scalar":true},"removedOnCompletion":false}],"layers":[],"texturedRectangle":{"isBackgroundTexture":false,"singleTextureOpacity":1,"textureType":0,"textBaseline":0,"textXHeight":0,"isVerticalText":false},"initialState":{"affineTransform":[1,0,0,1,0,0],"masksToBounds":false,"rotation":0,"scale":1,"position":{"pointX":512,"pointY":384},"width":1024,"sublayerTransform":[1,0,0,0,0,1,0,0,0,0,1,0,0,0,0,1],"contentsRect":{"y":0,"x":0,"width":1,"height":1},"opacity":1,"edgeAntialiasingMask":0,"height":768,"hidden":false,"anchorPoint":{"pointX":0.5,"pointY":0.5}},"texture":"AA3A281AE8F337E932C3F83DD264EECC"}]}]},"effects":[],"duration":0.01,"type":"transition","attributes":{"direction":0},"name":"none","objectID":"0"}],"automaticPlay":false,"hyperlinks":[{"url":"http:\/\/GitHub.com\/scifiltr","targetRectangle":{"y":285.86000606536868,"x":997.00002217292786,"width":17.564895629882812,"height":135.49499999999995}}],"accessibility":[{"text":"POPU-LATION","targetRectangle":{"y":158.2901611328125,"x":824.27153153028337,"width":28.015999999999963,"height":19.7679443359375}},{"text":"x>0","targetRectangle":{"y":420.5,"x":876.88769807410586,"width":27.087999999999965,"height":18.535888671875}},{"text":"y<0","targetRectangle":{"y":439.5,"x":877.03413362032234,"width":26.800000000000068,"height":18.535888671875}},{"text":"orange\/spotlight","targetRectangle":{"y":692.13555926084518,"x":274.130126953125,"width":117.04000000000002,"height":17.552001953125}},{"text":"OFFERS","targetRectangle":{"y":218.00888061523438,"x":119.01271306650355,"width":31.424000000000007,"height":9.7679443359375}},{"text":"+","targetRectangle":{"y":270.70986938476562,"x":238.8244472342621,"width":4.7999999999999829,"height":9.7679443359375}},{"text":"blue\/cold","targetRectangle":{"y":676.74469012022018,"x":126.40740203857422,"width":66.671999999999997,"height":17.552001953125}},{"text":"INFLATION","targetRectangle":{"y":542.19635009765625,"x":709.34043503762553,"width":35.664999999999964,"height":8.7969512939453125}},{"text":"+","targetRectangle":{"y":594.7098388671875,"x":131.076255400766,"width":4.7999999999999829,"height":9.7679443359375}},{"text":"DE-PRESSION","targetRectangle":{"y":589.26239013671875,"x":166.81778231907137,"width":40.455999999999989,"height":19.7679443359375}},{"text":"y","targetRectangle":{"y":159,"x":346.6343645763472,"width":8.3039999999999736,"height":18.535888671875}},{"text":"z","targetRectangle":{"y":321.5,"x":885.69703962517531,"width":8,"height":18.535888671875}},{"text":"DEMANDS","targetRectangle":{"y":217.38388061523438,"x":221.22443475890961,"width":39.999999999999972,"height":9.7679443359375}},{"text":"DEFLATION","targetRectangle":{"y":542.19635009765625,"x":601.6120361118443,"width":38.128999999999905,"height":8.7969512939453125}},{"text":"+","targetRectangle":{"y":487.87039184570312,"x":131.076255400766,"width":4.7999999999999829,"height":9.7679443359375}},{"text":"-y","targetRectangle":{"y":268.5,"x":343.52264400551633,"width":14.52800000000002,"height":18.535888671875}},{"text":"z","targetRectangle":{"y":321,"x":723.78633405876906,"width":8,"height":18.535888671875}},{"text":"x<0","targetRectangle":{"y":311,"x":607.47699250769961,"width":27.087999999999965,"height":18.535888671875}},{"text":"y>0","targetRectangle":{"y":330,"x":607.62342805391609,"width":26.800000000000068,"height":18.535888671875}},{"text":"-x","targetRectangle":{"y":376,"x":775.6286134879382,"width":14.816000000000031,"height":18.535888671875}},{"text":"PRODUCTI-VITY","targetRectangle":{"y":160.2589111328125,"x":492.88597682469577,"width":38.898999999999944,"height":17.796951293945312}},{"text":"-x","targetRectangle":{"y":375.5,"x":613.7179689566882,"width":14.816000000000031,"height":18.535888671875}},{"text":"SOUTH","targetRectangle":{"y":433.47335815429688,"x":174.51750634970139,"width":27.560000000000002,"height":9.7679443359375}},{"text":"-x","targetRectangle":{"y":537.5,"x":775.5482912223132,"width":14.816000000000031,"height":18.535888671875}},{"text":"x>0","targetRectangle":{"y":420,"x":714.97699250769961,"width":27.087999999999965,"height":18.535888671875}},{"text":"y<0","targetRectangle":{"y":439,"x":715.12342805391609,"width":26.800000000000068,"height":18.535888671875}},{"text":"x","targetRectangle":{"y":376,"x":886.24039509392526,"width":8.5919999999999845,"height":18.535888671875}},{"text":"green\/tepid whereby x,y,z ≥ 0","targetRectangle":{"y":676.74469012022018,"x":699.40142822265625,"width":210.49600000000009,"height":17.552001953125}},{"text":"+","targetRectangle":{"y":163.87039184570312,"x":238.8244472342621,"width":4.7999999999999829,"height":9.7679443359375}},{"text":"BOOM","targetRectangle":{"y":487.29013061523438,"x":174.5955978690277,"width":24.903999999999996,"height":9.7679443359375}},{"text":"PROFIT-ABILITY","targetRectangle":{"y":266.59832763671875,"x":498.84304335990907,"width":26.985000000000014,"height":17.796951293945312}},{"text":"THEN","targetRectangle":{"y":488.02304077148438,"x":392.71712228309019,"width":21.336000000000013,"height":9.7679443359375}},{"text":"MathDIY presents: The Interaction Law in competing ecosystems using a Balanced Score Cube (2\/7)","targetRectangle":{"y":28.075897216796875,"x":62.829999999999927,"width":898.34000000000015,"height":23.44000244140625}},{"text":"balanced score criteria","targetRectangle":{"y":693.53259295225143,"x":451.8446044921875,"width":162.67200000000003,"height":17.552001953125}},{"text":"x","targetRectangle":{"y":375.5,"x":724.32968952751901,"width":8.5919999999999845,"height":18.535888671875}},{"text":"balanced score compass","targetRectangle":{"y":676.74469012022018,"x":452.34527587890625,"width":179.60000000000002,"height":17.552001953125}},{"text":"+","targetRectangle":{"y":326.87039184570312,"x":132.32620962439881,"width":4.7999999999999829,"height":9.7679443359375}},{"text":"NORTH","targetRectangle":{"y":326.63388061523438,"x":174.36550634970138,"width":27.864000000000004,"height":9.7679443359375}},{"text":"x","targetRectangle":{"y":537.5,"x":886.16007282830026,"width":8.5919999999999845,"height":18.535888671875}},{"text":"x>0","targetRectangle":{"y":258,"x":390.63766755652773,"width":27.087999999999965,"height":18.535888671875}},{"text":"y<0","targetRectangle":{"y":277,"x":390.78410310274427,"width":26.799999999999955,"height":18.535888671875}},{"text":"+","targetRectangle":{"y":163.87042236328125,"x":456.36372335730897,"width":4.8000000000000114,"height":9.7679443359375}},{"text":" + unknown sidekick (placeholder)","targetRectangle":{"y":692.85076922178268,"x":675.1910400390625,"width":243.12000000000012,"height":17.552001953125}},{"text":"x<0","targetRectangle":{"y":149,"x":283.13766755652773,"width":27.087999999999965,"height":18.535888671875}},{"text":"y>0","targetRectangle":{"y":168,"x":283.28410310274427,"width":26.799999999999955,"height":18.535888671875}},{"text":"-y","targetRectangle":{"y":430.5,"x":343.52264400551633,"width":14.52800000000002,"height":18.535888671875}},{"text":"-z","targetRectangle":{"y":430,"x":289.67436457634716,"width":14.22399999999999,"height":18.535888671875}},{"text":"+","targetRectangle":{"y":433.70986938476562,"x":132.32620962439881,"width":4.7999999999999829,"height":9.7679443359375}},{"text":"x<0","targetRectangle":{"y":311,"x":283.13766755652773,"width":27.087999999999965,"height":18.535888671875}},{"text":"y>0","targetRectangle":{"y":330,"x":283.28410310274427,"width":26.799999999999955,"height":18.535888671875}},{"text":"+","targetRectangle":{"y":487.87039184570312,"x":237.57264669715272,"width":4.7999999999999829,"height":9.7679443359375}},{"text":"z","targetRectangle":{"y":159,"x":399.44703962517531,"width":8,"height":18.535888671875}},{"text":"x>0","targetRectangle":{"y":420,"x":390.63766755652773,"width":27.087999999999965,"height":18.535888671875}},{"text":"y<0","targetRectangle":{"y":439,"x":390.78410310274427,"width":26.799999999999955,"height":18.535888671875}},{"text":"z","targetRectangle":{"y":321,"x":399.44700910759718,"width":8,"height":18.535888671875}},{"text":"+","targetRectangle":{"y":270.7098388671875,"x":456.36372335730897,"width":4.8000000000000114,"height":9.7679443359375}},{"text":"-x","targetRectangle":{"y":375.5,"x":289.37864400551632,"width":14.816000000000031,"height":18.535888671875}},{"text":"ASSERTIVE-NESS OF LAW AND CLAIMS","targetRectangle":{"y":157.85263061523438,"x":168.14819048359556,"width":41.969999999999999,"height":20.825958251953125}},{"text":"x","targetRectangle":{"y":375.5,"x":399.99036457634719,"width":8.5919999999999845,"height":18.535888671875}},{"text":"NORTH-EAST","targetRectangle":{"y":322.37039184570312,"x":225.7351997377051,"width":30.975999999999999,"height":19.7679443359375}},{"text":"z","targetRectangle":{"y":483,"x":885.61671735955031,"width":8,"height":18.535888671875}},{"text":"+","targetRectangle":{"y":594.7098388671875,"x":237.57264669715272,"width":4.7999999999999829,"height":9.7679443359375}},{"text":"+","targetRectangle":{"y":163.87042236328125,"x":562.86009176551204,"width":4.8000000000000682,"height":9.7679443359375}},{"text":"ASSIGN-MENTS OF RIGHTS AND DUTIES","targetRectangle":{"y":261.12960815429688,"x":170.01751893700751,"width":38.226000000000028,"height":27.825958251953125}},{"text":"BIG BANG","targetRectangle":{"y":542.3489990234375,"x":277.401445363307,"width":38.968000000000018,"height":9.7679443359375}},{"text":"SOUTH-EAST","targetRectangle":{"y":429.20986938476562,"x":225.88719973770512,"width":30.671999999999997,"height":19.7679443359375}},{"text":"+","targetRectangle":{"y":487.87042236328125,"x":457.1493984061371,"width":4.8000000000000114,"height":9.7679443359375}},{"text":"UPTURN","targetRectangle":{"y":542.00885009765625,"x":223.4493038257809,"width":33.039999999999992,"height":9.7679443359375}},{"text":"y","targetRectangle":{"y":483,"x":832.80407282830026,"width":8.3039999999999736,"height":18.535888671875}},{"text":"+","targetRectangle":{"y":270.7098388671875,"x":562.86009176551204,"width":4.8000000000000682,"height":9.7679443359375}},{"text":"-x","targetRectangle":{"y":213.5,"x":289.37864400551632,"width":14.816000000000031,"height":18.535888671875}},{"text":"+","targetRectangle":{"y":163.87039184570312,"x":132.32805593787538,"width":4.7999999999999829,"height":9.7679443359375}},{"text":"EAST","targetRectangle":{"y":380.29013061523438,"x":231.07060092078552,"width":20.304000000000002,"height":9.7679443359375}},{"text":"SAVING DEPOSITS","targetRectangle":{"y":482.7901611328125,"x":493.335060005353,"width":39.567999999999927,"height":19.7679443359375}},{"text":"LOW","targetRectangle":{"y":594.7098388671875,"x":450.43739840613711,"width":18.22399999999999,"height":9.7679443359375}},{"text":"RE-CESSION","targetRectangle":{"y":536.29010009765625,"x":115.842393896006,"width":35.26400000000001,"height":19.7679443359375}},{"text":"-y","targetRectangle":{"y":592.5,"x":829.69235225746945,"width":14.52800000000002,"height":18.535888671875}},{"text":"MAKE","targetRectangle":{"y":217.29010009765625,"x":553.77609176551209,"width":22.967999999999961,"height":9.7679443359375}},{"text":"+","targetRectangle":{"y":270.70986938476562,"x":132.32805593787538,"width":4.7999999999999829,"height":9.7679443359375}},{"text":"INTEREST RATES","targetRectangle":{"y":589.14520263671875,"x":493.92941177670082,"width":40.607999999999947,"height":19.7679443359375}},{"text":"WEST","targetRectangle":{"y":380.29013061523438,"x":123.4662096243988,"width":22.52000000000001,"height":9.7679443359375}},{"text":"HIGH","targetRectangle":{"y":487.87042236328125,"x":556.12179733191829,"width":19.84800000000007,"height":9.7679443359375}},{"text":"-y","targetRectangle":{"y":431,"x":829.77267452309445,"width":14.52800000000002,"height":18.535888671875}},{"text":"y","targetRectangle":{"y":321,"x":346.6343645763472,"width":8.3039999999999736,"height":18.535888671875}},{"text":"CENTRI-FUGAL FORCE","targetRectangle":{"y":477.61465454101562,"x":334.26890754865627,"width":32.303999999999974,"height":29.7679443359375}},{"text":"© 2019-12-02 by Jens T. Hinrichs\/MathDIY – GitHub.com\/scifiltr","targetRectangle":{"y":285.86000606536868,"x":997.00002217292786,"width":17.564895629882812,"height":452.27999999999997}},{"text":"-z","targetRectangle":{"y":592,"x":775.84401179314409,"width":14.223999999999933,"height":18.535888671875}},{"text":"BUY","targetRectangle":{"y":217.29010009765625,"x":450.46772335730896,"width":16.591999999999985,"height":9.7679443359375}},{"text":"-z","targetRectangle":{"y":430.5,"x":775.92433405876909,"width":14.223999999999933,"height":18.535888671875}},{"text":"x","targetRectangle":{"y":213.5,"x":399.99036457634719,"width":8.5919999999999845,"height":18.535888671875}},{"text":"+","targetRectangle":{"y":594.7098388671875,"x":563.64579733191829,"width":4.8000000000000682,"height":9.7679443359375}},{"text":"y","targetRectangle":{"y":321.5,"x":832.88439509392526,"width":8.3039999999999736,"height":18.535888671875}},{"text":"GRAVITA-TIONAL","targetRectangle":{"y":584.4541015625,"x":332.36490754865628,"width":36.111999999999966,"height":19.7679443359375}},{"text":"FORCE","targetRectangle":{"y":604.4541015625,"x":336.81354372946578,"width":27.272000000000048,"height":9.7679443359375}},{"text":"x<0","targetRectangle":{"y":473,"x":769.30731477332461,"width":27.087999999999965,"height":18.535888671875}},{"text":"y>0","targetRectangle":{"y":492,"x":769.45375031954109,"width":26.800000000000068,"height":18.535888671875}},{"text":"STATE","targetRectangle":{"y":164.33261108398438,"x":662.46000680457462,"width":23.575999999999908,"height":9.7679443359375}},{"text":"INCOME","targetRectangle":{"y":542.00885009765625,"x":550.03845446054652,"width":32.008000000000038,"height":9.7679443359375}},{"text":"+","targetRectangle":{"y":488.02304077148438,"x":294.48872335730897,"width":4.8000000000000114,"height":9.7679443359375}},{"text":"x>0","targetRectangle":{"y":582,"x":876.80737580848086,"width":27.087999999999965,"height":18.535888671875}},{"text":"y<0","targetRectangle":{"y":601,"x":876.95381135469734,"width":26.800000000000068,"height":18.535888671875}},{"text":"REST OF THE WORLD","targetRectangle":{"y":261.17202758789062,"x":657.38062774616003,"width":35.871999999999957,"height":29.7679443359375}},{"text":"x","targetRectangle":{"y":376,"x":561.99033405876901,"width":8.5919999999999845,"height":18.535888671875}},{"text":"+","targetRectangle":{"y":163.87042236328125,"x":782.31004293738704,"width":4.8000000000000682,"height":9.7679443359375}},{"text":"TAXES","targetRectangle":{"y":541.29010009765625,"x":447.1733984061371,"width":24.75200000000001,"height":9.7679443359375}},{"text":"+","targetRectangle":{"y":594.86248779296875,"x":400.98512228309022,"width":4.8000000000000114,"height":9.7679443359375}},{"text":"NOW","targetRectangle":{"y":594.86248779296875,"x":287.18472335730894,"width":19.408000000000015,"height":9.7679443359375}},{"text":"+","targetRectangle":{"y":164.91287231445312,"x":618.27665670691829,"width":4.8000000000000682,"height":9.7679443359375}},{"text":"+","targetRectangle":{"y":270.7098388671875,"x":782.31004293738704,"width":4.8000000000000682,"height":9.7679443359375}},{"text":"DIPLO-MACY","targetRectangle":{"y":483.2901611328125,"x":662.38353908628085,"width":23.730000000000018,"height":17.796951293945312}},{"text":"APOCA-LYPSE","targetRectangle":{"y":536.9427490234375,"x":387.89772110000979,"width":30.975999999999999,"height":19.7679443359375}},{"text":"+","targetRectangle":{"y":271.75228881835938,"x":618.27665670691829,"width":4.8000000000000682,"height":9.7679443359375}},{"text":"+","targetRectangle":{"y":163.87042236328125,"x":888.80638082801204,"width":4.8000000000000682,"height":9.7679443359375}},{"text":"SANCTIONS","targetRectangle":{"y":595.03582763671875,"x":654.08788620950054,"width":40.319999999999936,"height":8.7969512939453125}},{"text":"+","targetRectangle":{"y":164.91287231445312,"x":724.77299459754329,"width":4.8000000000000682,"height":9.7679443359375}},{"text":"-x","targetRectangle":{"y":376,"x":451.37864400551632,"width":14.816000000000031,"height":18.535888671875}},{"text":"-z","targetRectangle":{"y":268,"x":289.67436457634716,"width":14.22399999999999,"height":18.535888671875}},{"text":"+","targetRectangle":{"y":487.87042236328125,"x":618.27665670691829,"width":4.8000000000000682,"height":9.7679443359375}},{"text":"y","targetRectangle":{"y":321.5,"x":508.6343645763472,"width":8.3039999999999168,"height":18.535888671875}},{"text":"z","targetRectangle":{"y":321.5,"x":561.44703962517531,"width":8,"height":18.535888671875}},{"text":"+","targetRectangle":{"y":270.7098388671875,"x":888.80638082801204,"width":4.8000000000000682,"height":9.7679443359375}},{"text":"+","targetRectangle":{"y":271.75228881835938,"x":724.77299459754329,"width":4.8000000000000682,"height":9.7679443359375}},{"text":"yellow\/warm","targetRectangle":{"y":693.13555926084518,"x":127.20818328857422,"width":90.031999999999982,"height":17.552001953125}},{"text":"x>0","targetRectangle":{"y":420.5,"x":552.63763703894961,"width":27.087999999999965,"height":18.535888671875}},{"text":"y<0","targetRectangle":{"y":439.5,"x":552.78407258516609,"width":26.800000000000068,"height":18.535888671875}},{"text":"OPT-OUT","targetRectangle":{"y":595.6160888671875,"x":603.2533787129164,"width":34.840000000000032,"height":9.7679443359375}},{"text":"-y","targetRectangle":{"y":431,"x":505.52264400551633,"width":14.52800000000002,"height":18.535888671875}},{"text":"-z","targetRectangle":{"y":430,"x":614.01368952751909,"width":14.223999999999933,"height":18.535888671875}},{"text":"BIRTH RATE","targetRectangle":{"y":212.29010009765625,"x":879.27504618014495,"width":26.087999999999965,"height":19.7679443359375}},{"text":"y","targetRectangle":{"y":321,"x":670.97368952751901,"width":8.3039999999999736,"height":18.535888671875}},{"text":"HOUSE-HOLDS","targetRectangle":{"y":213.83255004882812,"x":711.68959341446293,"width":30.967999999999961,"height":19.7679443359375}},{"text":"red\/hotspot","targetRectangle":{"y":675.74469012022018,"x":274.4705810546875,"width":83.279999999999973,"height":17.552001953125}},{"text":"x<0","targetRectangle":{"y":311.5,"x":769.38763703894961,"width":27.087999999999965,"height":18.535888671875}},{"text":"y>0","targetRectangle":{"y":330.5,"x":769.53407258516609,"width":26.800000000000068,"height":18.535888671875}},{"text":"OPT-IN","targetRectangle":{"y":487.87042236328125,"x":714.05305563269962,"width":26.240000000000009,"height":9.7679443359375}},{"text":"-z","targetRectangle":{"y":430.5,"x":451.67436457634716,"width":14.22399999999999,"height":18.535888671875}},{"text":"DEATH RATE","targetRectangle":{"y":212.29010009765625,"x":771.74270828952001,"width":28.159999999999968,"height":19.7679443359375}},{"text":"-y","targetRectangle":{"y":430.5,"x":667.8619689566882,"width":14.52800000000002,"height":18.535888671875}},{"text":"ENTER-PRISE","targetRectangle":{"y":213.83255004882812,"x":606.00525552383795,"width":29.343999999999937,"height":19.7679443359375}},{"text":"PROS-PERITY","targetRectangle":{"y":265.12957763671875,"x":824.19953153028337,"width":28.159999999999968,"height":19.7679443359375}},{"text":"+","targetRectangle":{"y":594.7098388671875,"x":724.77305563269954,"width":4.8000000000000682,"height":9.7679443359375}},{"text":"x<0","targetRectangle":{"y":311.5,"x":445.13766755652773,"width":27.087999999999965,"height":18.535888671875}},{"text":"y>0","targetRectangle":{"y":330.5,"x":445.28410310274427,"width":26.799999999999955,"height":18.535888671875}}],"baseLayer":{"animations":[],"initialState":{"affineTransform":[1,0,0,1,0,0],"masksToBounds":false,"rotation":0,"scale":1,"position":{"pointX":512,"pointY":384},"width":1024,"sublayerTransform":[1,0,0,0,0,1,0,0,0,0,1,0,0,0,0,1],"contentsRect":{"y":0,"x":0,"width":1,"height":1},"opacity":1,"edgeAntialiasingMask":251658240,"height":768,"hidden":false,"anchorPoint":{"pointX":0.5,"pointY":0.5}},"objectID":"0","layers":[{"animations":[],"initialState":{"affineTransform":[1,0,0,1,0,0],"masksToBounds":false,"rotation":0,"scale":1,"position":{"pointX":512,"pointY":384},"width":1024,"sublayerTransform":[1,0,0,0,0,1,0,0,0,0,1,-0.00049229876906403734,0,0,0,1],"contentsRect":{"y":0,"x":0,"width":1,"height":1},"opacity":1,"edgeAntialiasingMask":251658240,"height":768,"hidden":false,"anchorPoint":{"pointX":0.5,"pointY":0.5}},"layers":[{"animations":[],"layers":[],"texturedRectangle":{"isBackgroundTexture":false,"singleTextureOpacity":1,"textureType":0,"textBaseline":0,"textXHeight":0,"isVerticalText":false},"initialState":{"affineTransform":[1,0,0,1,0,0],"masksToBounds":false,"rotation":0,"scale":1,"position":{"pointX":512,"pointY":384},"width":1024,"sublayerTransform":[1,0,0,0,0,1,0,0,0,0,1,0,0,0,0,1],"contentsRect":{"y":0,"x":0,"width":1,"height":1},"opacity":1,"edgeAntialiasingMask":0,"height":768,"hidden":false,"anchorPoint":{"pointX":0.5,"pointY":0.5}},"texture":"AA3A281AE8F337E932C3F83DD264EECC"}]}]}}]}