{"assets":{"BDC7FC1C646EE970F14724B8DD88223A":{"type":"texture","index":0,"assetRequest":{"type":"slide","state":"contents","slide":"none"},"url":{"native":"assets\/77210F3A-B9F8-4154-8AE6-C1F0CEEDFC79.pdf"},"width":1024,"height":768},"4424D4B7CD3B9E8F3845D097B7587A89":{"type":"texture","index":1,"assetRequest":{"type":"slide","state":"contents","slide":"none"},"url":{"native":"assets\/77210F3A-B9F8-4154-8AE6-C1F0CEEDFC79.pdf"},"width":1024,"height":768}},"events":[{"effects":[{"beginTime":0,"baseLayer":{"animations":[],"initialState":{"affineTransform":[1,0,0,1,0,0],"masksToBounds":false,"rotation":0,"scale":1,"position":{"pointX":512,"pointY":384},"width":1024,"sublayerTransform":[1,0,0,0,0,1,0,0,0,0,1,0,0,0,0,1],"contentsRect":{"y":0,"x":0,"width":1,"height":1},"opacity":1,"edgeAntialiasingMask":251658240,"height":768,"hidden":false,"anchorPoint":{"pointX":0.5,"pointY":0.5}},"objectID":"0","layers":[{"animations":[],"initialState":{"affineTransform":[1,0,0,1,0,0],"masksToBounds":false,"rotation":0,"scale":1,"position":{"pointX":512,"pointY":384},"width":1024,"sublayerTransform":[1,0,0,0,0,1,0,0,0,0,1,-0.00049229876906403734,0,0,0,1],"contentsRect":{"y":0,"x":0,"width":1,"height":1},"opacity":1,"edgeAntialiasingMask":251658240,"height":768,"hidden":false,"anchorPoint":{"pointX":0.5,"pointY":0.5}},"layers":[{"animations":[],"layers":[],"texturedRectangle":{"isBackgroundTexture":false,"singleTextureOpacity":1,"textureType":0,"textBaseline":0,"textXHeight":0,"isVerticalText":false},"initialState":{"affineTransform":[1,0,0,1,0,0],"masksToBounds":false,"rotation":0,"scale":1,"position":{"pointX":512,"pointY":384},"width":1024,"sublayerTransform":[1,0,0,0,0,1,0,0,0,0,1,0,0,0,0,1],"contentsRect":{"y":0,"x":0,"width":1,"height":1},"opacity":1,"edgeAntialiasingMask":0,"height":768,"hidden":false,"anchorPoint":{"pointX":0.5,"pointY":0.5}},"texture":"4424D4B7CD3B9E8F3845D097B7587A89"},{"animations":[{"additive":false,"timeOffset":0,"beginTime":0,"from":{"scalar":false},"repeatCount":0,"fillMode":"both","duration":0.01,"autoreverses":false,"property":"hidden","to":{"scalar":true},"removedOnCompletion":false}],"layers":[],"texturedRectangle":{"isBackgroundTexture":false,"singleTextureOpacity":1,"textureType":0,"textBaseline":0,"textXHeight":0,"isVerticalText":false},"initialState":{"affineTransform":[1,0,0,1,0,0],"masksToBounds":false,"rotation":0,"scale":1,"position":{"pointX":512,"pointY":384},"width":1024,"sublayerTransform":[1,0,0,0,0,1,0,0,0,0,1,0,0,0,0,1],"contentsRect":{"y":0,"x":0,"width":1,"height":1},"opacity":1,"edgeAntialiasingMask":0,"height":768,"hidden":false,"anchorPoint":{"pointX":0.5,"pointY":0.5}},"texture":"BDC7FC1C646EE970F14724B8DD88223A"}]}]},"effects":[],"duration":0.01,"type":"transition","attributes":{"direction":0},"name":"none","objectID":"0"}],"automaticPlay":false,"hyperlinks":[{"url":"http:\/\/GitHub.com\/scifiltr","targetRectangle":{"y":285.86000606536868,"x":997.00002217292786,"width":17.564895629882812,"height":135.49499999999995}}],"accessibility":[{"text":"x<0","targetRectangle":{"y":149,"x":283.13766755652773,"width":27.087999999999965,"height":18.535888671875}},{"text":"y>0","targetRectangle":{"y":168,"x":283.28410310274427,"width":26.799999999999955,"height":18.535888671875}},{"text":"y","targetRectangle":{"y":159,"x":346.6343645763472,"width":8.3039999999999736,"height":18.535888671875}},{"text":"© 2019-12-02 by Jens T. Hinrichs\/MathDIY – GitHub.com\/scifiltr","targetRectangle":{"y":285.86000606536868,"x":997.00002217292786,"width":17.564895629882812,"height":452.27999999999997}},{"text":"MathDIY presents: The Interaction Law in competing ecosystems using a Balanced Score Cube (5\/7)","targetRectangle":{"y":28.075897216796875,"x":62.829999999999927,"width":898.34000000000015,"height":23.44000244140625}},{"text":"PRICE","targetRectangle":{"y":541.29010009765625,"x":608.67265670691836,"width":24.007999999999925,"height":9.7679443359375}},{"text":"-z","targetRectangle":{"y":268.25228881835938,"x":614.4541224534114,"width":12.445999999999913,"height":16.593902587890625}},{"text":"z","targetRectangle":{"y":321.5,"x":885.69703962517531,"width":8,"height":18.535888671875}},{"text":"LOW MARKET SHARE","targetRectangle":{"y":584.12957763671875,"x":496.44874850379335,"width":35.567999999999984,"height":29.7679443359375}},{"text":"x>0","targetRectangle":{"y":420.5,"x":552.63763703894961,"width":27.087999999999965,"height":18.535888671875}},{"text":"y<0","targetRectangle":{"y":439.5,"x":552.78407258516609,"width":26.800000000000068,"height":18.535888671875}},{"text":"ADDI-TIONS","targetRectangle":{"y":536.29010009765625,"x":227.96678519239271,"width":24.00800000000001,"height":19.7679443359375}},{"text":" + unknown sidekick (placeholder)","targetRectangle":{"y":692.85076922178268,"x":675.1910400390625,"width":243.12000000000012,"height":17.552001953125}},{"text":"HIGH MARKET GROWTH","targetRectangle":{"y":531.29010009765625,"x":548.1176658903546,"width":36.824131441563736,"height":29.7679443359375}},{"text":"x","targetRectangle":{"y":375.5,"x":399.99036457634719,"width":8.5919999999999845,"height":18.535888671875}},{"text":"x>0","targetRectangle":{"y":257.2098388671875,"x":877.6900954537,"width":27.087999999999965,"height":18.535888671875}},{"text":"y<0","targetRectangle":{"y":276.2098388671875,"x":877.93647901361635,"width":26.800000000000068,"height":18.535888671875}},{"text":"JURASSIC PARK","targetRectangle":{"y":589.7254638671875,"x":546.34246060482576,"width":41.632000000000062,"height":19.7679443359375}},{"text":"-x","targetRectangle":{"y":376,"x":775.6286134879382,"width":14.816000000000031,"height":18.535888671875}},{"text":"PHYSICAL EVIDENCE","targetRectangle":{"y":538.25885009765625,"x":709.86369335181871,"width":36.496765650611451,"height":17.796951293945312}},{"text":"yellow\/warm","targetRectangle":{"y":693.13555926084518,"x":127.20818328857422,"width":90.031999999999982,"height":17.552001953125}},{"text":"CASH FARM","targetRectangle":{"y":482.87042236328125,"x":448.35553690137709,"width":24.454526856892869,"height":19.7679443359375}},{"text":"LOW MARKET GROWTH","targetRectangle":{"y":531.29010009765625,"x":441.62126696457335,"width":36.824131441563736,"height":29.7679443359375}},{"text":"balanced score compass","targetRectangle":{"y":676.74469012022018,"x":452.34527587890625,"width":179.60000000000002,"height":17.552001953125}},{"text":"S\\u2028Skills","targetRectangle":{"y":209.29010009765625,"x":877.57755736116985,"width":27.255999999999972,"height":25.7679443359375}},{"text":"orange\/spotlight","targetRectangle":{"y":692.13555926084518,"x":274.130126953125,"width":117.04000000000002,"height":17.552001953125}},{"text":"x","targetRectangle":{"y":376,"x":886.24039509392526,"width":8.5919999999999845,"height":18.535888671875}},{"text":"z","targetRectangle":{"y":321.5,"x":561.44703962517531,"width":8,"height":18.535888671875}},{"text":"x>0","targetRectangle":{"y":420,"x":714.97699250769961,"width":27.087999999999965,"height":18.535888671875}},{"text":"y<0","targetRectangle":{"y":439,"x":715.12342805391609,"width":26.800000000000068,"height":18.535888671875}},{"text":"T","targetRectangle":{"y":207.29010009765625,"x":780.81216387897257,"width":7.7089999999999463,"height":15.622909545898438}},{"text":"Team or Technique","targetRectangle":{"y":223.29010009765625,"x":767.37293156937153,"width":34.674000000000092,"height":13.825958251953125}},{"text":"-x","targetRectangle":{"y":376,"x":451.37864400551632,"width":14.816000000000031,"height":18.535888671875}},{"text":"LOBBYIST","targetRectangle":{"y":326.96414184570312,"x":115.09019714904632,"width":39.272000000000006,"height":9.7679443359375}},{"text":"x","targetRectangle":{"y":375.5,"x":724.32968952751901,"width":8.5919999999999845,"height":18.535888671875}},{"text":"PROGRESS","targetRectangle":{"y":164.19638061523438,"x":168.97927781106301,"width":38.639999999999986,"height":8.7969512939453125}},{"text":"z","targetRectangle":{"y":321,"x":723.78633405876906,"width":8,"height":18.535888671875}},{"text":"PROCESS","targetRectangle":{"y":487.96417236328125,"x":708.05704315734715,"width":38.231999999999971,"height":9.7679443359375}},{"text":"y","targetRectangle":{"y":321,"x":670.97368952751901,"width":8.3039999999999736,"height":18.535888671875}},{"text":"UNI-FICATION \/ CENTRA-LIZATION","targetRectangle":{"y":581.86248779296875,"x":278.86075563901528,"width":38.002999999999986,"height":35.796951293945312}},{"text":"AUTO-CRACY \/ MONAR-CHY","targetRectangle":{"y":149.37042236328125,"x":442.23803485886862,"width":35.122287315359927,"height":39.7679443359375}},{"text":"BACK-WARDS","targetRectangle":{"y":265.12960815429688,"x":173.65753690137709,"width":29.280000000000001,"height":19.7679443359375}},{"text":"OPPOSER","targetRectangle":{"y":433.22335815429688,"x":168.95353961730802,"width":38.688000000000017,"height":9.7679443359375}},{"text":"-x","targetRectangle":{"y":375.5,"x":613.7179689566882,"width":14.816000000000031,"height":18.535888671875}},{"text":"POLICY","targetRectangle":{"y":488.21417236328125,"x":606.0806109639592,"width":29.192000000000007,"height":9.7679443359375}},{"text":"DICTATORSHIP","targetRectangle":{"y":265.7254638671875,"x":439.34438663021643,"width":38.839999999999975,"height":19.7679443359375}},{"text":"-y","targetRectangle":{"y":430.5,"x":667.8619689566882,"width":14.52800000000002,"height":18.535888671875}},{"text":"PLACE","targetRectangle":{"y":594.7098388671875,"x":607.6366567069183,"width":26.080000000000041,"height":9.7679443359375}},{"text":"DISTRI-BUTION","targetRectangle":{"y":590.36248779296875,"x":388.26743378464982,"width":30.232000000000028,"height":19.7679443359375}},{"text":"IN-STINCTS","targetRectangle":{"y":158.87039184570312,"x":117.91019443311538,"width":33.632000000000005,"height":19.7679443359375}},{"text":"-z","targetRectangle":{"y":430,"x":614.01368952751909,"width":14.223999999999933,"height":18.535888671875}},{"text":"DE-CREASE","targetRectangle":{"y":589.12957763671875,"x":171.04173636426771,"width":32.00800000000001,"height":19.7679443359375}},{"text":"HORI-ZONTAL DEVISION","targetRectangle":{"y":531.4427490234375,"x":278.29259191574528,"width":37.19199999999995,"height":29.7679443359375}},{"text":"x>0","targetRectangle":{"y":582,"x":876.80737580848086,"width":27.087999999999965,"height":18.535888671875}},{"text":"y<0","targetRectangle":{"y":601,"x":876.95381135469734,"width":26.800000000000068,"height":18.535888671875}},{"text":"SHRINK-AGE","targetRectangle":{"y":265.72549438476562,"x":118.13671921078283,"width":33.184000000000012,"height":19.7679443359375}},{"text":"y","targetRectangle":{"y":321.5,"x":832.88439509392526,"width":8.3039999999999736,"height":18.535888671875}},{"text":"PROMO-TION","targetRectangle":{"y":590.59832763671875,"x":659.6569767095184,"width":29.182999999999993,"height":17.796951293945312}},{"text":"x<0","targetRectangle":{"y":311,"x":607.47699250769961,"width":27.087999999999965,"height":18.535888671875}},{"text":"y>0","targetRectangle":{"y":330,"x":607.62342805391609,"width":26.800000000000068,"height":18.535888671875}},{"text":"+","targetRectangle":{"y":487.87039184570312,"x":131.076255400766,"width":4.7999999999999829,"height":9.7679443359375}},{"text":"x","targetRectangle":{"y":537.5,"x":886.16007282830026,"width":8.5919999999999845,"height":18.535888671875}},{"text":"z","targetRectangle":{"y":483,"x":885.61671735955031,"width":8,"height":18.535888671875}},{"text":"DEVELOP-MENT","targetRectangle":{"y":158.88601684570312,"x":221.29311050716956,"width":39.863999999999976,"height":19.7679443359375}},{"text":"-y","targetRectangle":{"y":431,"x":829.77267452309445,"width":14.52800000000002,"height":18.535888671875}},{"text":"x>0","targetRectangle":{"y":258,"x":390.63766755652773,"width":27.087999999999965,"height":18.535888671875}},{"text":"y<0","targetRectangle":{"y":277,"x":390.78410310274427,"width":26.799999999999955,"height":18.535888671875}},{"text":"+","targetRectangle":{"y":594.7098388671875,"x":131.076255400766,"width":4.7999999999999829,"height":9.7679443359375}},{"text":"-z","targetRectangle":{"y":592,"x":775.84401179314409,"width":14.223999999999933,"height":18.535888671875}},{"text":"VALUE CHAIN","targetRectangle":{"y":482.44277954101562,"x":337.86473880709809,"width":27.415999999999997,"height":19.7679443359375}},{"text":"-x","targetRectangle":{"y":537.5,"x":775.5482912223132,"width":14.816000000000031,"height":18.535888671875}},{"text":"FINISH-ING \/  DECENTRA-LIZATION","targetRectangle":{"y":475.02304077148438,"x":383.15642480246504,"width":40.453000000000031,"height":35.796951293945312}},{"text":"BLENDER","targetRectangle":{"y":433.80361938476562,"x":115.98219714904631,"width":37.488000000000014,"height":9.7679443359375}},{"text":"y","targetRectangle":{"y":483,"x":832.80407282830026,"width":8.3039999999999736,"height":18.535888671875}},{"text":"-z","targetRectangle":{"y":430.5,"x":775.92433405876909,"width":14.223999999999933,"height":18.535888671875}},{"text":"SHARK TANK","targetRectangle":{"y":483.37042236328125,"x":552.34239614883791,"width":29.632000000000062,"height":19.7679443359375}},{"text":"z","targetRectangle":{"y":159,"x":399.44703962517531,"width":8,"height":18.535888671875}},{"text":"ADDED VALUE","targetRectangle":{"y":536.9427490234375,"x":389.53372110000981,"width":29.927999999999997,"height":19.7679443359375}},{"text":"-y","targetRectangle":{"y":592.5,"x":829.69235225746945,"width":14.52800000000002,"height":18.535888671875}},{"text":"INFLUEN-CER","targetRectangle":{"y":321.88601684570312,"x":222.703264193693,"width":37.039999999999992,"height":19.7679443359375}},{"text":"VERTICAL DEVISION","targetRectangle":{"y":589.7275390625,"x":331.41667954917375,"width":40.312000000000012,"height":19.7679443359375}},{"text":"T","targetRectangle":{"y":208.83255004882812,"x":615.90153409099275,"width":9.4880000000000564,"height":18.535888671875}},{"text":"THREATS","targetRectangle":{"y":227.83255004882812,"x":602.81635225903494,"width":35.720000000000027,"height":9.7679443359375}},{"text":"x<0","targetRectangle":{"y":311.5,"x":769.38763703894961,"width":27.087999999999965,"height":18.535888671875}},{"text":"y>0","targetRectangle":{"y":330.5,"x":769.53407258516609,"width":26.800000000000068,"height":18.535888671875}},{"text":"green\/tepid whereby x,y,z ≥ 0","targetRectangle":{"y":676.74469012022018,"x":699.40142822265625,"width":210.49600000000009,"height":17.552001953125}},{"text":"-x","targetRectangle":{"y":213.5,"x":289.37864400551632,"width":14.816000000000031,"height":18.535888671875}},{"text":"A","targetRectangle":{"y":151.2901611328125,"x":833.85348820667275,"width":8.6710000000000491,"height":15.622909545898438}},{"text":"Action to be taken","targetRectangle":{"y":167.2901611328125,"x":819.47334954177893,"width":39.557000000000016,"height":17.796951293945312}},{"text":"ACTIVIST","targetRectangle":{"y":433.80361938476562,"x":223.66258844543304,"width":35.119999999999976,"height":9.7679443359375}},{"text":"x>0","targetRectangle":{"y":420.5,"x":876.88769807410586,"width":27.087999999999965,"height":18.535888671875}},{"text":"y<0","targetRectangle":{"y":439.5,"x":877.03413362032234,"width":26.800000000000068,"height":18.535888671875}},{"text":"x","targetRectangle":{"y":213.5,"x":399.99036457634719,"width":8.5919999999999845,"height":18.535888671875}},{"text":"W\\u2028Willingness to change","targetRectangle":{"y":258.28582763671875,"x":817.94722161774939,"width":42.330000000000041,"height":31.796951293945312}},{"text":"FOLLO-WER","targetRectangle":{"y":375.79013061523438,"x":226.62319973770511,"width":29.200000000000017,"height":19.7679443359375}},{"text":"HIGH MARKET SHARE","targetRectangle":{"y":477.2901611328125,"x":496.44874850379335,"width":35.567999999999984,"height":29.7679443359375}},{"text":"DISPO-SALS","targetRectangle":{"y":536.79010009765625,"x":119.62085421768558,"width":27.711999999999989,"height":19.7679443359375}},{"text":"REPUBLIC","targetRectangle":{"y":270.8035888671875,"x":545.25607929015962,"width":40.007999999999925,"height":9.7679443359375}},{"text":"x<0","targetRectangle":{"y":150.37042236328125,"x":771.193757563075,"width":27.087999999999965,"height":18.535888671875}},{"text":"y>0","targetRectangle":{"y":169.37042236328125,"x":771.44014112299135,"width":26.800000000000068,"height":18.535888671875}},{"text":"BY-STANDER","targetRectangle":{"y":375.29013061523438,"x":116.34834811963881,"width":36.75200000000001,"height":19.7679443359375}},{"text":"+z","targetRectangle":{"y":161.41287231445312,"x":719.47346034403631,"width":15.400000000000091,"height":16.593902587890625}},{"text":"PRODUCT","targetRectangle":{"y":488.4776611328125,"x":657.12949015076231,"width":34.229999999999905,"height":8.7969512939453125}},{"text":"INCREASE","targetRectangle":{"y":487.38388061523438,"x":167.04358539367522,"width":40.00800000000001,"height":9.7679443359375}},{"text":"EXPE-RIENCES","targetRectangle":{"y":265.70986938476562,"x":223.88658572950209,"width":34.672000000000025,"height":19.7679443359375}},{"text":"DEMO-CRACY","targetRectangle":{"y":159.37042236328125,"x":551.40640326707171,"width":27.703999999999951,"height":19.7679443359375}},{"text":"SCALE-ABILITY","targetRectangle":{"y":483.52304077148438,"x":281.9190348588686,"width":29.935999999999979,"height":19.7679443359375}},{"text":"GOVERN-MENT: PARLIAMEN-TARY OCCU-PATION","targetRectangle":{"y":205.52447509765625,"x":546.91725535517708,"width":36.677999999999997,"height":34.825958251953125}},{"text":"x>0","targetRectangle":{"y":258.25228881835938,"x":713.65670922323125,"width":27.087999999999965,"height":18.535888671875}},{"text":"y<0","targetRectangle":{"y":277.25228881835938,"x":713.9030927831476,"width":26.800000000000068,"height":18.535888671875}},{"text":"-z","targetRectangle":{"y":267.2098388671875,"x":778.48750868388015,"width":12.445999999999913,"height":16.593902587890625}},{"text":"PAST","targetRectangle":{"y":217.29013061523438,"x":124.72405593787536,"width":20.00800000000001,"height":9.7679443359375}},{"text":"blue\/cold","targetRectangle":{"y":676.74469012022018,"x":126.40740203857422,"width":66.671999999999997,"height":17.552001953125}},{"text":"-y","targetRectangle":{"y":430.5,"x":343.52264400551633,"width":14.52800000000002,"height":18.535888671875}},{"text":"-z","targetRectangle":{"y":430,"x":289.67436457634716,"width":14.22399999999999,"height":18.535888671875}},{"text":"x<0","targetRectangle":{"y":473,"x":769.30731477332461,"width":27.087999999999965,"height":18.535888671875}},{"text":"y>0","targetRectangle":{"y":492,"x":769.45375031954109,"width":26.800000000000068,"height":18.535888671875}},{"text":"FUTURE","targetRectangle":{"y":218.00888061523438,"x":225.36510436289029,"width":31.711999999999989,"height":9.7679443359375}},{"text":"POLITY: TERRITORIAL ORGANI-SATION","targetRectangle":{"y":208.29010009765625,"x":439.30898949816213,"width":40.577999999999975,"height":27.825958251953125}},{"text":"+z","targetRectangle":{"y":160.37042236328125,"x":883.50684657450506,"width":15.400000000000091,"height":16.593902587890625}},{"text":"O","targetRectangle":{"y":208.83255004882812,"x":721.06187198161774,"width":12.160000000000082,"height":18.535888671875}},{"text":"OPTIONS","targetRectangle":{"y":227.83255004882812,"x":709.46069014965997,"width":35.423999999999978,"height":9.7679443359375}},{"text":"COMMU-NISM \/  SOCIALISM","targetRectangle":{"y":262.23895263671875,"x":493.21064388266876,"width":38.24799999999999,"height":26.796951293945312}},{"text":"CAPITA-LISM","targetRectangle":{"y":158.7901611328125,"x":496.77167227188482,"width":31.127999999999986,"height":19.7679443359375}},{"text":"x<0","targetRectangle":{"y":311,"x":283.13766755652773,"width":27.087999999999965,"height":18.535888671875}},{"text":"y>0","targetRectangle":{"y":330,"x":283.28410310274427,"width":26.799999999999955,"height":18.535888671875}},{"text":"red\/hotspot","targetRectangle":{"y":675.74469012022018,"x":274.4705810546875,"width":83.279999999999973,"height":17.552001953125}},{"text":"S","targetRectangle":{"y":155.33261108398438,"x":669.045140631138,"width":10.368000000000052,"height":18.535888671875}},{"text":"STRENGHT","targetRectangle":{"y":174.33261108398438,"x":655.44903938714572,"width":37.59699999999998,"height":8.7969512939453125}},{"text":"x","targetRectangle":{"y":376,"x":561.99033405876901,"width":8.5919999999999845,"height":18.535888671875}},{"text":"-x","targetRectangle":{"y":375.5,"x":289.37864400551632,"width":14.816000000000031,"height":18.535888671875}},{"text":"PETTING ZOO","targetRectangle":{"y":589.7254638671875,"x":442.58206167904456,"width":36.160000000000025,"height":19.7679443359375}},{"text":"x>0","targetRectangle":{"y":420,"x":390.63766755652773,"width":27.087999999999965,"height":18.535888671875}},{"text":"y<0","targetRectangle":{"y":439,"x":390.78410310274427,"width":26.799999999999955,"height":18.535888671875}},{"text":"y","targetRectangle":{"y":321,"x":346.6343645763472,"width":8.3039999999999736,"height":18.535888671875}},{"text":"-y","targetRectangle":{"y":268.5,"x":343.52264400551633,"width":14.52800000000002,"height":18.535888671875}},{"text":"W","targetRectangle":{"y":262.17202758789062,"x":666.67714063113806,"width":15.103999999999928,"height":18.535888671875}},{"text":"WEAKNESS","targetRectangle":{"y":281.17202758789062,"x":654.73853938714569,"width":39.018000000000029,"height":8.7969512939453125}},{"text":"balanced score criteria","targetRectangle":{"y":693.53259295225143,"x":451.8446044921875,"width":162.67200000000003,"height":17.552001953125}},{"text":"-z","targetRectangle":{"y":430.5,"x":451.67436457634716,"width":14.22399999999999,"height":18.535888671875}},{"text":"y","targetRectangle":{"y":321.5,"x":508.6343645763472,"width":8.3039999999999168,"height":18.535888671875}},{"text":"MOVER","targetRectangle":{"y":326.63388061523438,"x":173.92150634970139,"width":28.751999999999981,"height":9.7679443359375}},{"text":"z","targetRectangle":{"y":321,"x":399.44700910759718,"width":8,"height":18.535888671875}},{"text":"+","targetRectangle":{"y":487.87039184570312,"x":237.57264669715272,"width":4.7999999999999829,"height":9.7679443359375}},{"text":"-z","targetRectangle":{"y":268,"x":289.67436457634716,"width":14.22399999999999,"height":18.535888671875}},{"text":"PEOPLE","targetRectangle":{"y":595.4285888671875,"x":711.4577127613278,"width":31.423999999999978,"height":9.7679443359375}},{"text":"x<0","targetRectangle":{"y":151.41287231445312,"x":607.16037133260625,"width":27.087999999999965,"height":18.535888671875}},{"text":"y>0","targetRectangle":{"y":170.41287231445312,"x":607.4067548925226,"width":26.800000000000068,"height":18.535888671875}},{"text":"x<0","targetRectangle":{"y":311.5,"x":445.13766755652773,"width":27.087999999999965,"height":18.535888671875}},{"text":"y>0","targetRectangle":{"y":330.5,"x":445.28410310274427,"width":26.799999999999955,"height":18.535888671875}},{"text":"-y","targetRectangle":{"y":431,"x":505.52264400551633,"width":14.52800000000002,"height":18.535888671875}},{"text":"+","targetRectangle":{"y":594.7098388671875,"x":237.57264669715272,"width":4.7999999999999829,"height":9.7679443359375}}],"baseLayer":{"animations":[],"initialState":{"affineTransform":[1,0,0,1,0,0],"masksToBounds":false,"rotation":0,"scale":1,"position":{"pointX":512,"pointY":384},"width":1024,"sublayerTransform":[1,0,0,0,0,1,0,0,0,0,1,0,0,0,0,1],"contentsRect":{"y":0,"x":0,"width":1,"height":1},"opacity":1,"edgeAntialiasingMask":251658240,"height":768,"hidden":false,"anchorPoint":{"pointX":0.5,"pointY":0.5}},"objectID":"0","layers":[{"animations":[],"initialState":{"affineTransform":[1,0,0,1,0,0],"masksToBounds":false,"rotation":0,"scale":1,"position":{"pointX":512,"pointY":384},"width":1024,"sublayerTransform":[1,0,0,0,0,1,0,0,0,0,1,-0.00049229876906403734,0,0,0,1],"contentsRect":{"y":0,"x":0,"width":1,"height":1},"opacity":1,"edgeAntialiasingMask":251658240,"height":768,"hidden":false,"anchorPoint":{"pointX":0.5,"pointY":0.5}},"layers":[{"animations":[],"layers":[],"texturedRectangle":{"isBackgroundTexture":false,"singleTextureOpacity":1,"textureType":0,"textBaseline":0,"textXHeight":0,"isVerticalText":false},"initialState":{"affineTransform":[1,0,0,1,0,0],"masksToBounds":false,"rotation":0,"scale":1,"position":{"pointX":512,"pointY":384},"width":1024,"sublayerTransform":[1,0,0,0,0,1,0,0,0,0,1,0,0,0,0,1],"contentsRect":{"y":0,"x":0,"width":1,"height":1},"opacity":1,"edgeAntialiasingMask":0,"height":768,"hidden":false,"anchorPoint":{"pointX":0.5,"pointY":0.5}},"texture":"BDC7FC1C646EE970F14724B8DD88223A"}]}]}}]}