{"assets":{"DB26795421988C037B7A12C78489D364":{"type":"texture","index":0,"assetRequest":{"type":"slide","state":"contents","slide":"none"},"url":{"native":"assets\/48F174D6-289B-457C-89EC-A51404BEFF39.pdf"},"width":1024,"height":768},"3439FDE196FA94349F90745E21D8C57E":{"type":"texture","index":1,"assetRequest":{"type":"slide","state":"contents","slide":"none"},"url":{"native":"assets\/48F174D6-289B-457C-89EC-A51404BEFF39.pdf"},"width":1024,"height":768}},"events":[{"effects":[{"beginTime":0,"baseLayer":{"animations":[],"initialState":{"affineTransform":[1,0,0,1,0,0],"masksToBounds":false,"rotation":0,"scale":1,"position":{"pointX":512,"pointY":384},"width":1024,"sublayerTransform":[1,0,0,0,0,1,0,0,0,0,1,0,0,0,0,1],"contentsRect":{"y":0,"x":0,"width":1,"height":1},"opacity":1,"edgeAntialiasingMask":251658240,"height":768,"hidden":false,"anchorPoint":{"pointX":0.5,"pointY":0.5}},"objectID":"0","layers":[{"animations":[],"initialState":{"affineTransform":[1,0,0,1,0,0],"masksToBounds":false,"rotation":0,"scale":1,"position":{"pointX":512,"pointY":384},"width":1024,"sublayerTransform":[1,0,0,0,0,1,0,0,0,0,1,-0.00049229876906403734,0,0,0,1],"contentsRect":{"y":0,"x":0,"width":1,"height":1},"opacity":1,"edgeAntialiasingMask":251658240,"height":768,"hidden":false,"anchorPoint":{"pointX":0.5,"pointY":0.5}},"layers":[{"animations":[],"layers":[],"texturedRectangle":{"isBackgroundTexture":false,"singleTextureOpacity":1,"textureType":0,"textBaseline":0,"textXHeight":0,"isVerticalText":false},"initialState":{"affineTransform":[1,0,0,1,0,0],"masksToBounds":false,"rotation":0,"scale":1,"position":{"pointX":512,"pointY":384},"width":1024,"sublayerTransform":[1,0,0,0,0,1,0,0,0,0,1,0,0,0,0,1],"contentsRect":{"y":0,"x":0,"width":1,"height":1},"opacity":1,"edgeAntialiasingMask":0,"height":768,"hidden":false,"anchorPoint":{"pointX":0.5,"pointY":0.5}},"texture":"3439FDE196FA94349F90745E21D8C57E"},{"animations":[{"timeOffset":0,"from":{"scalar":false},"beginTime":0,"repeatCount":0,"fillMode":"both","property":"hidden","autoreverses":false,"duration":0.01,"to":{"scalar":true}}],"layers":[],"texturedRectangle":{"isBackgroundTexture":false,"singleTextureOpacity":1,"textureType":0,"textBaseline":0,"textXHeight":0,"isVerticalText":false},"initialState":{"affineTransform":[1,0,0,1,0,0],"masksToBounds":false,"rotation":0,"scale":1,"position":{"pointX":512,"pointY":384},"width":1024,"sublayerTransform":[1,0,0,0,0,1,0,0,0,0,1,0,0,0,0,1],"contentsRect":{"y":0,"x":0,"width":1,"height":1},"opacity":1,"edgeAntialiasingMask":0,"height":768,"hidden":false,"anchorPoint":{"pointX":0.5,"pointY":0.5}},"texture":"DB26795421988C037B7A12C78489D364"}]}]},"effects":[],"duration":0.01,"type":"transition","attributes":{"direction":0},"name":"none","objectID":"0"}],"automaticPlay":false,"hyperlinks":[{"url":"http:\/\/GitHub.com\/scifiltr","targetRectangle":{"y":285.86000606536868,"x":997.00002217292786,"width":17.564895629882812,"height":135.49499999999995}}],"accessibility":[{"text":"Interaction Theory briefly mentioned: The Origin of Species in the Internet Age and beyond (1\/2)","targetRectangle":{"y":24.476741790771484,"x":86.180000000000121,"width":851.63999999999987,"height":23.44000244140625}},{"text":"yellow\/warm","targetRectangle":{"y":180.00622576475143,"x":530.103515625,"width":90.032000000000039,"height":17.552001953125}},{"text":"HOMO FAMILIA EPITHETA","targetRectangle":{"y":666.34805285930634,"x":451.7301025390625,"width":150.86400000000003,"height":14.65191650390625}},{"text":"2000","targetRectangle":{"y":357.60914576053619,"x":651.62151235342026,"width":40.032000000000039,"height":22.477874755859375}},{"text":"HOMO DEUS","targetRectangle":{"y":231.90599048137665,"x":240.43424987792969,"width":75.132000000000005,"height":14.65191650390625}},{"text":"HOMO ","targetRectangle":{"y":222.32778918743134,"x":759.5306396484375,"width":41.783999999999992,"height":14.65191650390625}},{"text":"FUTURUM ","targetRectangle":{"y":237.32778918743134,"x":759.5306396484375,"width":64.008000000000038,"height":14.65191650390625}},{"text":"TEMPUS ","targetRectangle":{"y":252.32778918743134,"x":759.5306396484375,"width":54.567999999999984,"height":16.593902587890625}},{"text":"HOMO SOCIOLOGICUS","targetRectangle":{"y":523.67299609375004,"x":508.14504992961884,"width":14.65191650390625,"height":135.34799999999996}},{"text":"THEOLOGICO-ANTHROPOLOGICAL","targetRectangle":{"y":87.609375,"x":375.77810937499999,"width":303.76800000000003,"height":22.477874755859375}},{"text":"HOMO ","targetRectangle":{"y":492.22883623838425,"x":263.86111450195312,"width":41.783999999999992,"height":14.65191650390625}},{"text":"ACTUM TEMPUS ","targetRectangle":{"y":507.22883623838425,"x":263.86111450195312,"width":102.12400000000002,"height":16.593902587890625}},{"text":"Human on a crossroads","targetRectangle":{"y":195.19967669248581,"x":291.30224609375,"width":170.72000000000003,"height":17.552001953125}},{"text":"HOMO FRAGILUS","targetRectangle":{"y":544.57101123046868,"x":777.54269367456436,"width":14.65191650390625,"height":102.22800000000007}},{"text":"(the vitreous human)","targetRectangle":{"y":529.89501123046875,"x":792.54269367456436,"width":14.65191650390625,"height":116.904}},{"text":"blue\/cold","targetRectangle":{"y":163.6153718829155,"x":529.302734375,"width":66.672000000000025,"height":17.552001953125}},{"text":"HOMO CETERIS PARIBUS","targetRectangle":{"y":174.34334790039063,"x":126.47929355502129,"width":16.593902587890625,"height":174.482}},{"text":"HOMO PONGIDAE ","targetRectangle":{"y":549.99597216796872,"x":539.34811359643936,"width":14.65191650390625,"height":108.88800000000003}},{"text":"(spider monkey)","targetRectangle":{"y":567.35997216796875,"x":554.34811359643936,"width":14.65191650390625,"height":91.524000000000001}},{"text":"HOMO ","targetRectangle":{"y":350.20822101831436,"x":372.78423828697203,"width":41.783999999999992,"height":14.65191650390625}},{"text":"NEMESIS","targetRectangle":{"y":365.20822101831436,"x":356.78823828697205,"width":54.444000000000017,"height":14.65191650390625}},{"text":"HOMO ZOON POLITICON","targetRectangle":{"y":266.17733752727509,"x":239.56306457519531,"width":146.44799999999998,"height":14.65191650390625}},{"text":"HOMO FABER","targetRectangle":{"y":402.68347179889679,"x":404.56708088493349,"width":94.906000000000006,"height":16.593902587890625}},{"text":"(creatively motivated)","targetRectangle":{"y":419.68347179889679,"x":395.23608088493347,"width":113.56800000000004,"height":13.66400146484375}},{"text":"1984","targetRectangle":{"y":423.76106226444244,"x":527.98400014638901,"width":40.032000000000039,"height":22.477874755859375}},{"text":"HOMO DEUS CONSILIUM","targetRectangle":{"y":231.90599048137665,"x":468.15570068359375,"width":147.34799999999996,"height":14.65191650390625}},{"text":"HOMO OECONOMICUS","targetRectangle":{"y":523.67299609375004,"x":481.45028674602509,"width":14.65191650390625,"height":135.34799999999996}},{"text":"Focus on Privacy (Hotspot)","targetRectangle":{"y":180.00622576475143,"x":291.15826416015625,"width":193.48799999999994,"height":17.552001953125}},{"text":"PHILOSOPHICO-SOCIOLOGICAL","targetRectangle":{"y":246.959,"x":917.41708374023426,"width":22.477874755859489,"height":278.08199999999994}},{"text":"HOMO SOCIOS OECONOMICUS","targetRectangle":{"y":429.71907986831667,"x":627.20304843783379,"width":16.593902587890625,"height":216.25799999999998}},{"text":"HOMO ERECTUS","targetRectangle":{"y":643.90274035930634,"x":368.736083984375,"width":98.903999999999996,"height":14.65191650390625}},{"text":"HOMO ANTHROPOID","targetRectangle":{"y":523.90096874999995,"x":577.34811359643936,"width":14.65191650390625,"height":122.89200000000005}},{"text":"(mention family)","targetRectangle":{"y":555.53296875000001,"x":592.34811359643936,"width":14.65191650390625,"height":91.259999999999991}},{"text":"HOMO ","targetRectangle":{"y":298.90304523706436,"x":430.73687744140625,"width":41.783999999999992,"height":14.65191650390625}},{"text":"GENESIS","targetRectangle":{"y":313.90304523706436,"x":430.73687744140625,"width":52.668000000000006,"height":14.65191650390625}},{"text":"HOMO ","targetRectangle":{"y":208.34326153993607,"x":877.32028871536261,"width":34.819999999999936,"height":11.709930419921875}},{"text":"VICTORIA ","targetRectangle":{"y":220.34326153993607,"x":861.79028871536252,"width":50.350000000000023,"height":11.709930419921875}},{"text":"REGULA","targetRectangle":{"y":232.34326153993607,"x":867.88028871536255,"width":41.480000000000018,"height":11.709930419921875}},{"text":"Target on Data (Spotlight)","targetRectangle":{"y":162.6153718829155,"x":291.30224609375,"width":181.19999999999999,"height":17.552001953125}},{"text":"© 2019-11-22 by Jens T. Hinrichs\/MathDIY – GitHub.com\/scifiltr","targetRectangle":{"y":285.86000606536868,"x":997.00002217292786,"width":17.564895629882812,"height":452.27999999999997}},{"text":"HOMO LUDENS ","targetRectangle":{"y":402.16799938678741,"x":225.66312636947632,"width":110.22200000000001,"height":16.593902587890625}},{"text":"(playfully motivated)","targetRectangle":{"y":419.16799938678741,"x":225.4881263694763,"width":106.68000000000004,"height":13.66400146484375}},{"text":"HOMO FRAGILUS LIBERTATE","targetRectangle":{"y":448.48906787109377,"x":871.38835117220879,"width":16.593902587890625,"height":197.56799999999998}},{"text":"green\/tepid","targetRectangle":{"y":195.19967669248581,"x":528.60400390625,"width":81.79200000000003,"height":17.552001953125}},{"text":"0","targetRectangle":{"y":472.76106226444244,"x":93.929013818502426,"width":10.007999999999996,"height":22.477874755859375}},{"text":"HOMO HABILIS","targetRectangle":{"y":643.90274035930634,"x":263.23825073242188,"width":89.327999999999975,"height":14.65191650390625}},{"text":"HOMO INSCRIPTUS CONSCIUS","targetRectangle":{"y":650.51858508586884,"x":653.30059814453125,"width":182.47199999999998,"height":14.65191650390625}},{"text":"HOMO ZOON COSMOPOLITICON","targetRectangle":{"y":265.27871692180634,"x":468.44613647460938,"width":192.68399999999997,"height":14.65191650390625}},{"text":"HOMO ANDROID ERECTUS","targetRectangle":{"y":461.28708575057988,"x":735.73966953158379,"width":16.593902587890625,"height":185.12199999999996}},{"text":"HOMO SAPIENS SAPIENS","targetRectangle":{"y":445.23401318359379,"x":126.47929355502129,"width":16.593902587890625,"height":173.99199999999996}},{"text":"HOMO ","targetRectangle":{"y":307.92414838075638,"x":829.17698014736175,"width":34.82000000000005,"height":11.709930419921875}},{"text":"VICTOR ","targetRectangle":{"y":319.92414838075638,"x":823.44698014736173,"width":40.550000000000068,"height":11.709930419921875}},{"text":"PRISCA","targetRectangle":{"y":331.92414838075638,"x":823.62698014736179,"width":37.589999999999918,"height":11.709930419921875}},{"text":"HUMANOID","targetRectangle":{"y":643.90274035930634,"x":164.13325500488281,"width":67.548000000000002,"height":14.65191650390625}},{"text":"HOMO FRAGILUS IMMUTABILIS","targetRectangle":{"y":431.25210498046874,"x":843.30522128939629,"width":16.593902587890625,"height":215.41800000000001}}],"baseLayer":{"animations":[],"initialState":{"affineTransform":[1,0,0,1,0,0],"masksToBounds":false,"rotation":0,"scale":1,"position":{"pointX":512,"pointY":384},"width":1024,"sublayerTransform":[1,0,0,0,0,1,0,0,0,0,1,0,0,0,0,1],"contentsRect":{"y":0,"x":0,"width":1,"height":1},"opacity":1,"edgeAntialiasingMask":251658240,"height":768,"hidden":false,"anchorPoint":{"pointX":0.5,"pointY":0.5}},"objectID":"0","layers":[{"animations":[],"initialState":{"affineTransform":[1,0,0,1,0,0],"masksToBounds":false,"rotation":0,"scale":1,"position":{"pointX":512,"pointY":384},"width":1024,"sublayerTransform":[1,0,0,0,0,1,0,0,0,0,1,-0.00049229876906403734,0,0,0,1],"contentsRect":{"y":0,"x":0,"width":1,"height":1},"opacity":1,"edgeAntialiasingMask":251658240,"height":768,"hidden":false,"anchorPoint":{"pointX":0.5,"pointY":0.5}},"layers":[{"animations":[],"layers":[],"texturedRectangle":{"isBackgroundTexture":false,"singleTextureOpacity":1,"textureType":0,"textBaseline":0,"textXHeight":0,"isVerticalText":false},"initialState":{"affineTransform":[1,0,0,1,0,0],"masksToBounds":false,"rotation":0,"scale":1,"position":{"pointX":512,"pointY":384},"width":1024,"sublayerTransform":[1,0,0,0,0,1,0,0,0,0,1,0,0,0,0,1],"contentsRect":{"y":0,"x":0,"width":1,"height":1},"opacity":1,"edgeAntialiasingMask":0,"height":768,"hidden":false,"anchorPoint":{"pointX":0.5,"pointY":0.5}},"texture":"DB26795421988C037B7A12C78489D364"}]}]}}]}