{"assets":{"F60A6609B011C54B5EC2C782737C05A9":{"type":"texture","index":1,"assetRequest":{"type":"slide","state":"contents","slide":"none"},"url":{"native":"assets\/D3CE55C5-36C9-48A8-8587-28991805E1E4.pdf"},"width":1024,"height":768},"4EFE616F376BC78D68E8DAC69D4DDD53":{"type":"texture","index":0,"assetRequest":{"type":"slide","state":"contents","slide":"none"},"url":{"native":"assets\/D3CE55C5-36C9-48A8-8587-28991805E1E4.pdf"},"width":1024,"height":768}},"events":[{"effects":[{"beginTime":0,"baseLayer":{"animations":[],"initialState":{"affineTransform":[1,0,0,1,0,0],"masksToBounds":false,"rotation":0,"scale":1,"position":{"pointX":512,"pointY":384},"width":1024,"sublayerTransform":[1,0,0,0,0,1,0,0,0,0,1,0,0,0,0,1],"contentsRect":{"y":0,"x":0,"width":1,"height":1},"opacity":1,"edgeAntialiasingMask":251658240,"height":768,"hidden":false,"anchorPoint":{"pointX":0.5,"pointY":0.5}},"objectID":"0","layers":[{"animations":[],"initialState":{"affineTransform":[1,0,0,1,0,0],"masksToBounds":false,"rotation":0,"scale":1,"position":{"pointX":512,"pointY":384},"width":1024,"sublayerTransform":[1,0,0,0,0,1,0,0,0,0,1,-0.00049229876906403734,0,0,0,1],"contentsRect":{"y":0,"x":0,"width":1,"height":1},"opacity":1,"edgeAntialiasingMask":251658240,"height":768,"hidden":false,"anchorPoint":{"pointX":0.5,"pointY":0.5}},"layers":[{"animations":[],"layers":[],"texturedRectangle":{"isBackgroundTexture":false,"singleTextureOpacity":1,"textureType":0,"textBaseline":0,"textXHeight":0,"isVerticalText":false},"initialState":{"affineTransform":[1,0,0,1,0,0],"masksToBounds":false,"rotation":0,"scale":1,"position":{"pointX":512,"pointY":384},"width":1024,"sublayerTransform":[1,0,0,0,0,1,0,0,0,0,1,0,0,0,0,1],"contentsRect":{"y":0,"x":0,"width":1,"height":1},"opacity":1,"edgeAntialiasingMask":0,"height":768,"hidden":false,"anchorPoint":{"pointX":0.5,"pointY":0.5}},"texture":"F60A6609B011C54B5EC2C782737C05A9"},{"animations":[{"additive":false,"timeOffset":0,"beginTime":0,"from":{"scalar":false},"repeatCount":0,"fillMode":"both","duration":0.01,"autoreverses":false,"property":"hidden","to":{"scalar":true},"removedOnCompletion":false}],"layers":[],"texturedRectangle":{"isBackgroundTexture":false,"singleTextureOpacity":1,"textureType":0,"textBaseline":0,"textXHeight":0,"isVerticalText":false},"initialState":{"affineTransform":[1,0,0,1,0,0],"masksToBounds":false,"rotation":0,"scale":1,"position":{"pointX":512,"pointY":384},"width":1024,"sublayerTransform":[1,0,0,0,0,1,0,0,0,0,1,0,0,0,0,1],"contentsRect":{"y":0,"x":0,"width":1,"height":1},"opacity":1,"edgeAntialiasingMask":0,"height":768,"hidden":false,"anchorPoint":{"pointX":0.5,"pointY":0.5}},"texture":"4EFE616F376BC78D68E8DAC69D4DDD53"}]}]},"effects":[],"duration":0.01,"type":"transition","attributes":{"direction":0},"name":"none","objectID":"0"}],"automaticPlay":false,"hyperlinks":[{"url":"http:\/\/GitHub.com\/scifiltr","targetRectangle":{"y":285.86000606536868,"x":997.00002217292786,"width":17.564895629882812,"height":135.49499999999995}}],"accessibility":[{"text":"PRO","targetRectangle":{"y":218.33255004882812,"x":718.64899459754338,"width":17.048000000000002,"height":9.7679443359375}},{"text":"CONSUMP-TION","targetRectangle":{"y":268.97335815429688,"x":171.7425522688178,"width":33.114000000000004,"height":13.825958251953125}},{"text":"WELFARE","targetRectangle":{"y":270.22332763671875,"x":493.58706097961272,"width":37.495999999999981,"height":9.7679443359375}},{"text":"PRICE ON POLUTANT EMISSION","targetRectangle":{"y":586.06707763671875,"x":494.8996237502684,"width":38.387999999999977,"height":26.796951293945312}},{"text":"x<0","targetRectangle":{"y":311,"x":283.13766755652773,"width":27.087999999999965,"height":18.535888671875}},{"text":"y>0","targetRectangle":{"y":330,"x":283.28410310274427,"width":26.799999999999955,"height":18.535888671875}},{"text":"GENERALI-ZATION","targetRectangle":{"y":214.25885009765625,"x":765.97494630711765,"width":37.471000000000004,"height":17.796951293945312}},{"text":"+","targetRectangle":{"y":326.87039184570312,"x":238.82260092078553,"width":4.7999999999999829,"height":9.7679443359375}},{"text":"CONTRA","targetRectangle":{"y":219.05130004882812,"x":604.00131383554651,"width":33.344000000000051,"height":9.7679443359375}},{"text":"CURRENT BALANCE","targetRectangle":{"y":159.31570434570312,"x":115.54066203208392,"width":40.600000000000009,"height":19.7679443359375}},{"text":"+","targetRectangle":{"y":163.87042236328125,"x":456.36372335730897,"width":4.8000000000000114,"height":9.7679443359375}},{"text":"-z","targetRectangle":{"y":430,"x":289.67436457634716,"width":14.22399999999999,"height":18.535888671875}},{"text":"orange\/spotlight","targetRectangle":{"y":692.13555926084518,"x":274.130126953125,"width":117.04000000000002,"height":17.552001953125}},{"text":"red\/hotspot","targetRectangle":{"y":675.74469012022018,"x":274.4705810546875,"width":83.279999999999973,"height":17.552001953125}},{"text":"x>0","targetRectangle":{"y":420,"x":390.63766755652773,"width":27.087999999999965,"height":18.535888671875}},{"text":"y<0","targetRectangle":{"y":439,"x":390.78410310274427,"width":26.799999999999955,"height":18.535888671875}},{"text":"+","targetRectangle":{"y":433.70986938476562,"x":238.82260092078553,"width":4.7999999999999829,"height":9.7679443359375}},{"text":"EN-LIGHTEN-MENT","targetRectangle":{"y":207.29010009765625,"x":872.53838082801212,"width":37.336000000000013,"height":29.7679443359375}},{"text":"NAUGHTY BY NATURE","targetRectangle":{"y":591.2509765625,"x":330.94221117408432,"width":39.032000000000039,"height":17.796951293945312}},{"text":"EMANCI-PATION","targetRectangle":{"y":158.3057861328125,"x":821.09405630795084,"width":34.375999999999976,"height":19.7679443359375}},{"text":"+","targetRectangle":{"y":270.7098388671875,"x":456.36372335730897,"width":4.8000000000000114,"height":9.7679443359375}},{"text":"y","targetRectangle":{"y":321.5,"x":508.6343645763472,"width":8.3039999999999168,"height":18.535888671875}},{"text":"y","targetRectangle":{"y":159,"x":346.6343645763472,"width":8.3039999999999736,"height":18.535888671875}},{"text":"ASSI-MILATION","targetRectangle":{"y":536.29010009765625,"x":601.99879520215836,"width":37.351999999999975,"height":19.7679443359375}},{"text":"z","targetRectangle":{"y":321,"x":399.44700910759718,"width":8,"height":18.535888671875}},{"text":"WEL(L)-COME CULTURE","targetRectangle":{"y":370.94638061523438,"x":222.88304053219881,"width":36.599999999999994,"height":29.7679443359375}},{"text":"PRE-JUDICE","targetRectangle":{"y":265.12957763671875,"x":823.83553153028333,"width":28.888000000000034,"height":19.7679443359375}},{"text":"x<0","targetRectangle":{"y":311.5,"x":445.13766755652773,"width":27.087999999999965,"height":18.535888671875}},{"text":"y>0","targetRectangle":{"y":330.5,"x":445.28410310274427,"width":26.799999999999955,"height":18.535888671875}},{"text":"DO-NATION","targetRectangle":{"y":158.87042236328125,"x":550.65823026075213,"width":29.199999999999932,"height":19.7679443359375}},{"text":"-y","targetRectangle":{"y":431,"x":505.52264400551633,"width":14.52800000000002,"height":18.535888671875}},{"text":"-y","targetRectangle":{"y":268.5,"x":343.52264400551633,"width":14.52800000000002,"height":18.535888671875}},{"text":"PROS-PERITY","targetRectangle":{"y":158.2901611328125,"x":498.25321195020524,"width":28.159999999999968,"height":19.7679443359375}},{"text":"-x","targetRectangle":{"y":375.5,"x":289.37864400551632,"width":14.816000000000031,"height":18.535888671875}},{"text":"INTER-","targetRectangle":{"y":532.29010009765625,"x":123.50938922732945,"width":19.896000000000015,"height":6.825958251953125}},{"text":"GENE-RATIONAL ","targetRectangle":{"y":539.29010009765625,"x":118.85437593163643,"width":30.905999999999992,"height":13.825958251953125}},{"text":"JUSTICE","targetRectangle":{"y":553.29010009765625,"x":121.08579802011121,"width":24.780000000000001,"height":6.825958251953125}},{"text":"BEDS ","targetRectangle":{"y":370.29013061523438,"x":123.86683056598426,"width":23.855999999999995,"height":9.7679443359375}},{"text":"ARE BURNING","targetRectangle":{"y":380.29013061523438,"x":116.28207818283509,"width":36.887999999999991,"height":19.7679443359375}},{"text":"+","targetRectangle":{"y":163.87042236328125,"x":782.31004293738704,"width":4.8000000000000682,"height":9.7679443359375}},{"text":"x>0","targetRectangle":{"y":420.5,"x":552.63763703894961,"width":27.087999999999965,"height":18.535888671875}},{"text":"y<0","targetRectangle":{"y":439.5,"x":552.78407258516609,"width":26.800000000000068,"height":18.535888671875}},{"text":"-z","targetRectangle":{"y":430.5,"x":451.67436457634716,"width":14.22399999999999,"height":18.535888671875}},{"text":"y","targetRectangle":{"y":321,"x":670.97368952751901,"width":8.3039999999999736,"height":18.535888671875}},{"text":"x","targetRectangle":{"y":375.5,"x":399.99036457634719,"width":8.5919999999999845,"height":18.535888671875}},{"text":"z","targetRectangle":{"y":321.5,"x":561.44703962517531,"width":8,"height":18.535888671875}},{"text":"HOMO-PHOBIA","targetRectangle":{"y":266.2098388671875,"x":769.51635443894668,"width":30.384000000000015,"height":19.7679443359375}},{"text":" + unknown sidekick (placeholder)","targetRectangle":{"y":692.85076922178268,"x":675.1910400390625,"width":243.12000000000012,"height":17.552001953125}},{"text":"-y","targetRectangle":{"y":430.5,"x":667.8619689566882,"width":14.52800000000002,"height":18.535888671875}},{"text":"balanced score criteria","targetRectangle":{"y":693.53259295225143,"x":451.8446044921875,"width":162.67200000000003,"height":17.552001953125}},{"text":"-x","targetRectangle":{"y":376,"x":451.37864400551632,"width":14.816000000000031,"height":18.535888671875}},{"text":"balanced score compass","targetRectangle":{"y":676.74469012022018,"x":452.34527587890625,"width":179.60000000000002,"height":17.552001953125}},{"text":"FEMINISM","targetRectangle":{"y":163.96417236328125,"x":871.49836835265955,"width":39.416000000000054,"height":9.7679443359375}},{"text":"FUCK THE POLICY","targetRectangle":{"y":478.02304077148438,"x":388.78899084152647,"width":29.192000000000007,"height":29.7679443359375}},{"text":"-z","targetRectangle":{"y":430,"x":614.01368952751909,"width":14.223999999999933,"height":18.535888671875}},{"text":"© 2019-12-02 by Jens T. Hinrichs\/MathDIY – GitHub.com\/scifiltr","targetRectangle":{"y":285.86000606536868,"x":997.00002217292786,"width":17.564895629882812,"height":452.27999999999997}},{"text":"yellow\/warm","targetRectangle":{"y":693.13555926084518,"x":127.20818328857422,"width":90.031999999999982,"height":17.552001953125}},{"text":"x","targetRectangle":{"y":376,"x":561.99033405876901,"width":8.5919999999999845,"height":18.535888671875}},{"text":"+","targetRectangle":{"y":270.7098388671875,"x":888.80638082801204,"width":4.8000000000000682,"height":9.7679443359375}},{"text":"LEAK AND OCCUPY THE LOOPHOLES","targetRectangle":{"y":590.29998779296875,"x":383.98935615657257,"width":40.451999999999998,"height":20.825958251953125}},{"text":"x<0","targetRectangle":{"y":311,"x":607.47699250769961,"width":27.087999999999965,"height":18.535888671875}},{"text":"y>0","targetRectangle":{"y":330,"x":607.62342805391609,"width":26.800000000000068,"height":18.535888671875}},{"text":"-x","targetRectangle":{"y":213.5,"x":289.37864400551632,"width":14.816000000000031,"height":18.535888671875}},{"text":"green\/tepid whereby x,y,z ≥ 0","targetRectangle":{"y":676.74469012022018,"x":699.40142822265625,"width":210.49600000000009,"height":17.552001953125}},{"text":"I, NATURE OBJECT","targetRectangle":{"y":537.1458740234375,"x":384.26569407007941,"width":40.463999999999999,"height":19.7679443359375}},{"text":"-y","targetRectangle":{"y":431,"x":829.77267452309445,"width":14.52800000000002,"height":18.535888671875}},{"text":"x>0","targetRectangle":{"y":420,"x":714.97699250769961,"width":27.087999999999965,"height":18.535888671875}},{"text":"y<0","targetRectangle":{"y":439,"x":715.12342805391609,"width":26.800000000000068,"height":18.535888671875}},{"text":"blue\/cold","targetRectangle":{"y":676.74469012022018,"x":126.40740203857422,"width":66.671999999999997,"height":17.552001953125}},{"text":"x","targetRectangle":{"y":213.5,"x":399.99036457634719,"width":8.5919999999999845,"height":18.535888671875}},{"text":"MathDIY presents: The Interaction Law in competing ecosystems using a Balanced Score Cube (3\/7)","targetRectangle":{"y":28.075897216796875,"x":62.829999999999927,"width":898.34000000000015,"height":23.44000244140625}},{"text":"y","targetRectangle":{"y":321.5,"x":832.88439509392526,"width":8.3039999999999736,"height":18.535888671875}},{"text":"APPLAU-DING ","targetRectangle":{"y":528.9427490234375,"x":283.76397742223975,"width":26.117999999999995,"height":13.825958251953125}},{"text":"GREEN-HOUSE EFFECT","targetRectangle":{"y":542.9427490234375,"x":285.38652375166907,"width":23.61453118074769,"height":20.825958251953125}},{"text":"-z","targetRectangle":{"y":430.5,"x":775.92433405876909,"width":14.223999999999933,"height":18.535888671875}},{"text":"z","targetRectangle":{"y":321,"x":723.78633405876906,"width":8,"height":18.535888671875}},{"text":"INTER-CESSION","targetRectangle":{"y":265.7098388671875,"x":547.6262302607521,"width":35.26400000000001,"height":19.7679443359375}},{"text":"DIGITAL TAX","targetRectangle":{"y":482.7901611328125,"x":498.00534732071293,"width":32.45599999999996,"height":19.7679443359375}},{"text":"CHARITY","targetRectangle":{"y":218.00885009765625,"x":547.92074889414027,"width":34.672000000000025,"height":9.7679443359375}},{"text":"-x","targetRectangle":{"y":375.5,"x":613.7179689566882,"width":14.816000000000031,"height":18.535888671875}},{"text":"+","targetRectangle":{"y":487.87042236328125,"x":457.1493984061371,"width":4.8000000000000114,"height":9.7679443359375}},{"text":"y","targetRectangle":{"y":483,"x":832.80407282830026,"width":8.3039999999999736,"height":18.535888671875}},{"text":"-z","targetRectangle":{"y":592,"x":775.84401179314409,"width":14.223999999999933,"height":18.535888671875}},{"text":"z","targetRectangle":{"y":483,"x":885.61671735955031,"width":8,"height":18.535888671875}},{"text":"DIRECT INVESTMENT & GOVERN-MENT GRANT","targetRectangle":{"y":261.70986938476562,"x":115.0565985572206,"width":40.287723521507914,"height":27.825958251953125}},{"text":"XENO-PHOBIA","targetRectangle":{"y":212.29010009765625,"x":443.56986185254897,"width":30.384000000000015,"height":19.7679443359375}},{"text":"x","targetRectangle":{"y":375.5,"x":724.32968952751901,"width":8.5919999999999845,"height":18.535888671875}},{"text":"MATCHING: TAX INCOME ","targetRectangle":{"y":474.79013061523438,"x":168.76332975637388,"width":38.238,"height":13.825958251953125}},{"text":"& GOVERN-MENTAL EXPENSE","targetRectangle":{"y":488.79013061523438,"x":170.54439826338785,"width":33.006,"height":20.825958251953125}},{"text":"RIGHT","targetRectangle":{"y":594.7098388671875,"x":447.32539840613708,"width":24.447999999999979,"height":9.7679443359375}},{"text":"x<0","targetRectangle":{"y":473,"x":769.30731477332461,"width":27.087999999999965,"height":18.535888671875}},{"text":"y>0","targetRectangle":{"y":492,"x":769.45375031954109,"width":26.800000000000068,"height":18.535888671875}},{"text":"-x","targetRectangle":{"y":537.5,"x":775.5482912223132,"width":14.816000000000031,"height":18.535888671875}},{"text":"INTERNET & INFRA-STRUCTURE","targetRectangle":{"y":158.88601684570312,"x":223.10895722213704,"width":37.178153285032494,"height":20.825958251953125}},{"text":"PARTI-CIPATION","targetRectangle":{"y":159.33261108398438,"x":656.1621452998146,"width":36.168000000000006,"height":19.7679443359375}},{"text":"MATCHING: ","targetRectangle":{"y":581.62957763671875,"x":170.36785193395849,"width":34.896000000000015,"height":6.825958251953125}},{"text":"DEFICIT SPENDING ","targetRectangle":{"y":588.62957763671875,"x":171.60339826338785,"width":32.556000000000012,"height":13.825958251953125}},{"text":"& STEADY STATE","targetRectangle":{"y":602.62957763671875,"x":172.54392944413553,"width":30.672000000000025,"height":13.825958251953125}},{"text":"+","targetRectangle":{"y":594.7098388671875,"x":131.076255400766,"width":4.7999999999999829,"height":9.7679443359375}},{"text":"WRONG","targetRectangle":{"y":488.21417236328125,"x":550.48975158895917,"width":31.11200000000008,"height":9.7679443359375}},{"text":"APARTHEID","targetRectangle":{"y":595.03582763671875,"x":654.79488620950053,"width":38.905999999999949,"height":8.7969512939453125}},{"text":"DEMO-CRACY","targetRectangle":{"y":266.20986938476562,"x":227.37075873582171,"width":27.704000000000008,"height":19.7679443359375}},{"text":"y","targetRectangle":{"y":321,"x":346.6343645763472,"width":8.3039999999999736,"height":18.535888671875}},{"text":"ABSTEN-TION","targetRectangle":{"y":266.18765258789062,"x":656.83667007748204,"width":34.824000000000069,"height":19.7679443359375}},{"text":"-x","targetRectangle":{"y":376,"x":775.6286134879382,"width":14.816000000000031,"height":18.535888671875}},{"text":"+","targetRectangle":{"y":487.87039184570312,"x":131.076255400766,"width":4.7999999999999829,"height":9.7679443359375}},{"text":"+","targetRectangle":{"y":487.87039184570312,"x":237.57264669715272,"width":4.7999999999999829,"height":9.7679443359375}},{"text":"+","targetRectangle":{"y":594.7098388671875,"x":563.64579733191829,"width":4.8000000000000682,"height":9.7679443359375}},{"text":"RIGHT POPULISM","targetRectangle":{"y":483.87042236328125,"x":602.45695922629318,"width":36.435000000000059,"height":17.796951293945312}},{"text":"-y","targetRectangle":{"y":430.5,"x":343.52264400551633,"width":14.52800000000002,"height":18.535888671875}},{"text":"+","targetRectangle":{"y":164.91287231445312,"x":618.27665670691829,"width":4.8000000000000682,"height":9.7679443359375}},{"text":"x","targetRectangle":{"y":376,"x":886.24039509392526,"width":8.5919999999999845,"height":18.535888671875}},{"text":"+","targetRectangle":{"y":594.7098388671875,"x":237.57264669715272,"width":4.7999999999999829,"height":9.7679443359375}},{"text":"POOR","targetRectangle":{"y":541.29010009765625,"x":554.4817973319183,"width":23.128000000000043,"height":9.7679443359375}},{"text":"-z","targetRectangle":{"y":268,"x":289.67436457634716,"width":14.22399999999999,"height":18.535888671875}},{"text":"RASSIM\/SLAVERY","targetRectangle":{"y":589.7254638671875,"x":603.14280060860585,"width":35.063999999999965,"height":19.7679443359375}},{"text":"x<0","targetRectangle":{"y":311.5,"x":769.38763703894961,"width":27.087999999999965,"height":18.535888671875}},{"text":"y>0","targetRectangle":{"y":330.5,"x":769.53407258516609,"width":26.800000000000068,"height":18.535888671875}},{"text":"FRIDAYS ","targetRectangle":{"y":477.61465454101562,"x":333.67690754865623,"width":35.712000000000046,"height":9.7679443359375}},{"text":"FOR FUTURE","targetRectangle":{"y":487.61465454101562,"x":334.59354372946581,"width":31.711999999999989,"height":19.7679443359375}},{"text":"+","targetRectangle":{"y":271.75228881835938,"x":618.27665670691829,"width":4.8000000000000682,"height":9.7679443359375}},{"text":"BRIGHT SIGHT ","targetRectangle":{"y":528.79010009765625,"x":228.62690076208349,"width":24.228000000000009,"height":13.825958251953125}},{"text":"OF FUTURE ","targetRectangle":{"y":542.79010009765625,"x":223.18744709151284,"width":35.238000000000028,"height":6.825958251953125}},{"text":"WITHOUT RELIEF","targetRectangle":{"y":549.79010009765625,"x":226.13497827226055,"width":29.340000000000003,"height":13.825958251953125}},{"text":"RICH","targetRectangle":{"y":541.29010009765625,"x":449.84539840613706,"width":19.408000000000015,"height":9.7679443359375}},{"text":"x<0","targetRectangle":{"y":149,"x":283.13766755652773,"width":27.087999999999965,"height":18.535888671875}},{"text":"y>0","targetRectangle":{"y":168,"x":283.28410310274427,"width":26.799999999999955,"height":18.535888671875}},{"text":"x>0","targetRectangle":{"y":420.5,"x":876.88769807410586,"width":27.087999999999965,"height":18.535888671875}},{"text":"y<0","targetRectangle":{"y":439.5,"x":877.03413362032234,"width":26.800000000000068,"height":18.535888671875}},{"text":"SEMITISM (PLURALITY)","targetRectangle":{"y":485.77667236328125,"x":709.22183575016356,"width":36.882998498741699,"height":15.825958251953125}},{"text":"POLITICAL SURVIVAL ","targetRectangle":{"y":479.64804077148438,"x":281.55083782213154,"width":32.346000000000004,"height":13.825958251953125}},{"text":"& COMMON OWNERSHIP","targetRectangle":{"y":493.64804077148438,"x":278.66348223455373,"width":36.894577911525175,"height":13.825958251953125}},{"text":"THE OCCIDENT WORLD","targetRectangle":{"y":427.62960815429688,"x":172.85035248702064,"width":32.562000000000012,"height":20.825958251953125}},{"text":"+","targetRectangle":{"y":164.91287231445312,"x":724.77299459754329,"width":4.8000000000000682,"height":9.7679443359375}},{"text":"YOURS","targetRectangle":{"y":217.63388061523438,"x":227.29640149130296,"width":27.855999999999995,"height":9.7679443359375}},{"text":"TOLE-RANCE","targetRectangle":{"y":483.2901611328125,"x":662.1883093239494,"width":24.115000000000009,"height":17.796951293945312}},{"text":"x>0","targetRectangle":{"y":258,"x":390.63766755652773,"width":27.087999999999965,"height":18.535888671875}},{"text":"y<0","targetRectangle":{"y":277,"x":390.78410310274427,"width":26.799999999999955,"height":18.535888671875}},{"text":"LEFT POPULISM","targetRectangle":{"y":590.7098388671875,"x":708.95335815207443,"width":36.435000000000059,"height":17.796951293945312}},{"text":"z","targetRectangle":{"y":321.5,"x":885.69703962517531,"width":8,"height":18.535888671875}},{"text":"FAKE SCIENCE","targetRectangle":{"y":589.86248779296875,"x":279.47886185254896,"width":34.816000000000031,"height":19.7679443359375}},{"text":"+","targetRectangle":{"y":326.87039184570312,"x":132.32620962439881,"width":4.7999999999999829,"height":9.7679443359375}},{"text":"INTER-CULTURAL","targetRectangle":{"y":320.79013061523438,"x":172.73935248702065,"width":31.115999999999985,"height":13.825958251953125}},{"text":"EXCHANGE","targetRectangle":{"y":334.79013061523438,"x":171.79588366776835,"width":33,"height":6.825958251953125}},{"text":"+","targetRectangle":{"y":271.75228881835938,"x":724.77299459754329,"width":4.8000000000000682,"height":9.7679443359375}},{"text":"YIELD","targetRectangle":{"y":217.29013061523438,"x":123.32005593787537,"width":22.816000000000003,"height":9.7679443359375}},{"text":"SAVE","targetRectangle":{"y":164.79013061523438,"x":180.81719880049721,"width":14.964000000000027,"height":6.825958251953125}},{"text":"z","targetRectangle":{"y":159,"x":399.44703962517531,"width":8,"height":18.535888671875}},{"text":"-y","targetRectangle":{"y":592.5,"x":829.69235225746945,"width":14.52800000000002,"height":18.535888671875}},{"text":"x>0","targetRectangle":{"y":582,"x":876.80737580848086,"width":27.087999999999965,"height":18.535888671875}},{"text":"y<0","targetRectangle":{"y":601,"x":876.95381135469734,"width":26.800000000000068,"height":18.535888671875}},{"text":"INTE-GRATION","targetRectangle":{"y":536.29010009765625,"x":709.60719412793958,"width":35.128000000000043,"height":19.7679443359375}},{"text":"x","targetRectangle":{"y":537.5,"x":886.16007282830026,"width":8.5919999999999845,"height":18.535888671875}},{"text":"+","targetRectangle":{"y":433.70986938476562,"x":132.32620962439881,"width":4.7999999999999829,"height":9.7679443359375}}],"baseLayer":{"animations":[],"initialState":{"affineTransform":[1,0,0,1,0,0],"masksToBounds":false,"rotation":0,"scale":1,"position":{"pointX":512,"pointY":384},"width":1024,"sublayerTransform":[1,0,0,0,0,1,0,0,0,0,1,0,0,0,0,1],"contentsRect":{"y":0,"x":0,"width":1,"height":1},"opacity":1,"edgeAntialiasingMask":251658240,"height":768,"hidden":false,"anchorPoint":{"pointX":0.5,"pointY":0.5}},"objectID":"0","layers":[{"animations":[],"initialState":{"affineTransform":[1,0,0,1,0,0],"masksToBounds":false,"rotation":0,"scale":1,"position":{"pointX":512,"pointY":384},"width":1024,"sublayerTransform":[1,0,0,0,0,1,0,0,0,0,1,-0.00049229876906403734,0,0,0,1],"contentsRect":{"y":0,"x":0,"width":1,"height":1},"opacity":1,"edgeAntialiasingMask":251658240,"height":768,"hidden":false,"anchorPoint":{"pointX":0.5,"pointY":0.5}},"layers":[{"animations":[],"layers":[],"texturedRectangle":{"isBackgroundTexture":false,"singleTextureOpacity":1,"textureType":0,"textBaseline":0,"textXHeight":0,"isVerticalText":false},"initialState":{"affineTransform":[1,0,0,1,0,0],"masksToBounds":false,"rotation":0,"scale":1,"position":{"pointX":512,"pointY":384},"width":1024,"sublayerTransform":[1,0,0,0,0,1,0,0,0,0,1,0,0,0,0,1],"contentsRect":{"y":0,"x":0,"width":1,"height":1},"opacity":1,"edgeAntialiasingMask":0,"height":768,"hidden":false,"anchorPoint":{"pointX":0.5,"pointY":0.5}},"texture":"4EFE616F376BC78D68E8DAC69D4DDD53"}]}]}}]}