{"assets":{"864B78264091B3C31C61FE854AD77873":{"type":"texture","index":0,"assetRequest":{"type":"slide","state":"contents","slide":"none"},"url":{"native":"assets\/E16B4782-8C56-4E8B-964B-F23823D33728.pdf"},"width":1024,"height":768},"61F7FE50EAA76EEEB62E4D3142533B52":{"type":"texture","index":1,"assetRequest":{"type":"slide","state":"contents","slide":"none"},"url":{"native":"assets\/E16B4782-8C56-4E8B-964B-F23823D33728.pdf"},"width":1024,"height":768}},"events":[{"effects":[{"beginTime":0,"baseLayer":{"animations":[],"initialState":{"affineTransform":[1,0,0,1,0,0],"masksToBounds":false,"rotation":0,"scale":1,"position":{"pointX":512,"pointY":384},"width":1024,"sublayerTransform":[1,0,0,0,0,1,0,0,0,0,1,0,0,0,0,1],"contentsRect":{"y":0,"x":0,"width":1,"height":1},"opacity":1,"edgeAntialiasingMask":251658240,"height":768,"hidden":false,"anchorPoint":{"pointX":0.5,"pointY":0.5}},"objectID":"0","layers":[{"animations":[],"initialState":{"affineTransform":[1,0,0,1,0,0],"masksToBounds":false,"rotation":0,"scale":1,"position":{"pointX":512,"pointY":384},"width":1024,"sublayerTransform":[1,0,0,0,0,1,0,0,0,0,1,-0.00049229876906403734,0,0,0,1],"contentsRect":{"y":0,"x":0,"width":1,"height":1},"opacity":1,"edgeAntialiasingMask":251658240,"height":768,"hidden":false,"anchorPoint":{"pointX":0.5,"pointY":0.5}},"layers":[{"animations":[],"layers":[],"texturedRectangle":{"isBackgroundTexture":false,"singleTextureOpacity":1,"textureType":0,"textBaseline":0,"textXHeight":0,"isVerticalText":false},"initialState":{"affineTransform":[1,0,0,1,0,0],"masksToBounds":false,"rotation":0,"scale":1,"position":{"pointX":512,"pointY":384},"width":1024,"sublayerTransform":[1,0,0,0,0,1,0,0,0,0,1,0,0,0,0,1],"contentsRect":{"y":0,"x":0,"width":1,"height":1},"opacity":1,"edgeAntialiasingMask":0,"height":768,"hidden":false,"anchorPoint":{"pointX":0.5,"pointY":0.5}},"texture":"61F7FE50EAA76EEEB62E4D3142533B52"},{"animations":[{"timeOffset":0,"from":{"scalar":false},"beginTime":0,"repeatCount":0,"fillMode":"both","property":"hidden","autoreverses":false,"duration":0.01,"to":{"scalar":true}}],"layers":[],"texturedRectangle":{"isBackgroundTexture":false,"singleTextureOpacity":1,"textureType":0,"textBaseline":0,"textXHeight":0,"isVerticalText":false},"initialState":{"affineTransform":[1,0,0,1,0,0],"masksToBounds":false,"rotation":0,"scale":1,"position":{"pointX":512,"pointY":384},"width":1024,"sublayerTransform":[1,0,0,0,0,1,0,0,0,0,1,0,0,0,0,1],"contentsRect":{"y":0,"x":0,"width":1,"height":1},"opacity":1,"edgeAntialiasingMask":0,"height":768,"hidden":false,"anchorPoint":{"pointX":0.5,"pointY":0.5}},"texture":"864B78264091B3C31C61FE854AD77873"}]}]},"effects":[],"duration":0.01,"type":"transition","attributes":{"direction":0},"name":"none","objectID":"0"}],"automaticPlay":false,"hyperlinks":[{"url":"http:\/\/GitHub.com\/scifiltr","targetRectangle":{"y":285.86000606536868,"x":997.00002217292786,"width":17.564895629882812,"height":135.49499999999995}}],"accessibility":[{"text":"z","targetRectangle":{"y":321,"x":399.44548507138029,"width":8,"height":18.535888671875}},{"text":"+","targetRectangle":{"y":326.87039184570312,"x":132.31733873748055,"width":4.8000000000000114,"height":9.7679443359375}},{"text":"orange\/spotlight","targetRectangle":{"y":692.13555926084518,"x":274.130126953125,"width":117.04000000000002,"height":17.552001953125}},{"text":"PRODUCTI-VITY","targetRectangle":{"y":160.2589111328125,"x":492.87524549974074,"width":38.898999999999944,"height":17.796951293945312}},{"text":"+","targetRectangle":{"y":487.87042236328125,"x":618.26778582000009,"width":4.8000000000000682,"height":9.7679443359375}},{"text":"-x","targetRectangle":{"y":375.5,"x":289.37853222453117,"width":14.816000000000031,"height":18.535888671875}},{"text":"DE-PRESSION","targetRectangle":{"y":589.26239013671875,"x":166.8168923175495,"width":40.455999999999989,"height":19.7679443359375}},{"text":"+","targetRectangle":{"y":433.70986938476562,"x":132.31733873748055,"width":4.8000000000000114,"height":9.7679443359375}},{"text":"red\/hotspot","targetRectangle":{"y":675.74469012022018,"x":274.4705810546875,"width":83.279999999999973,"height":17.552001953125}},{"text":"PROFIT-ABILITY","targetRectangle":{"y":266.59832763671875,"x":498.83200515857681,"width":26.98500000000007,"height":17.796951293945312}},{"text":"OPT-OUT","targetRectangle":{"y":595.6160888671875,"x":603.25069839253092,"width":34.840000000000032,"height":9.7679443359375}},{"text":"ENTER-PRISE","targetRectangle":{"y":213.83255004882812,"x":605.99362274952489,"width":29.343999999999937,"height":19.7679443359375}},{"text":"+","targetRectangle":{"y":487.87039184570312,"x":131.06738451384774,"width":4.8000000000000114,"height":9.7679443359375}},{"text":"NORTH-EAST","targetRectangle":{"y":322.37039184570312,"x":225.72356696339205,"width":30.975999999999999,"height":19.7679443359375}},{"text":"+","targetRectangle":{"y":163.87042236328125,"x":456.35485247039071,"width":4.8000000000000114,"height":9.7679443359375}},{"text":"BUY","targetRectangle":{"y":217.29010009765625,"x":450.45885247039075,"width":16.591999999999985,"height":9.7679443359375}},{"text":"+","targetRectangle":{"y":594.7098388671875,"x":131.06738451384774,"width":4.8000000000000114,"height":9.7679443359375}},{"text":"STATE","targetRectangle":{"y":164.33261108398438,"x":662.4511359176563,"width":23.576000000000022,"height":9.7679443359375}},{"text":"+","targetRectangle":{"y":270.7098388671875,"x":456.35485247039071,"width":4.8000000000000114,"height":9.7679443359375}},{"text":"REST OF THE WORLD","targetRectangle":{"y":261.17202758789062,"x":657.36908035714282,"width":35.872000000000071,"height":29.7679443359375}},{"text":"+","targetRectangle":{"y":487.87039184570312,"x":237.56377581023446,"width":4.8000000000000114,"height":9.7679443359375}},{"text":"+","targetRectangle":{"y":271.75228881835938,"x":618.26778582000009,"width":4.8000000000000682,"height":9.7679443359375}},{"text":"+","targetRectangle":{"y":163.87042236328125,"x":562.85122087859384,"width":4.8000000000000682,"height":9.7679443359375}},{"text":"x>0","targetRectangle":{"y":420.5,"x":552.65092624766794,"width":27.087999999999965,"height":18.535888671875}},{"text":"y<0","targetRectangle":{"y":439.5,"x":552.7881806774825,"width":26.799999999999955,"height":18.535888671875}},{"text":"+","targetRectangle":{"y":594.7098388671875,"x":237.56377581023446,"width":4.8000000000000114,"height":9.7679443359375}},{"text":"+","targetRectangle":{"y":270.7098388671875,"x":562.85122087859384,"width":4.8000000000000682,"height":9.7679443359375}},{"text":"z","targetRectangle":{"y":321,"x":723.78481002255216,"width":8,"height":18.535888671875}},{"text":"y","targetRectangle":{"y":483,"x":832.80254879208348,"width":8.3039999999999736,"height":18.535888671875}},{"text":"UPTURN","targetRectangle":{"y":542.00885009765625,"x":223.44654408274712,"width":33.039999999999992,"height":9.7679443359375}},{"text":"blue\/cold","targetRectangle":{"y":676.74469012022018,"x":126.40740203857422,"width":66.671999999999997,"height":17.552001953125}},{"text":"y","targetRectangle":{"y":159,"x":346.6328405401303,"width":8.3040000000000305,"height":18.535888671875}},{"text":"-y","targetRectangle":{"y":592.5,"x":829.69224047648436,"width":14.527999999999906,"height":18.535888671875}},{"text":"CENTRI-FUGAL FORCE","targetRectangle":{"y":477.61465454101562,"x":334.25832627650669,"width":32.30400000000003,"height":29.7679443359375}},{"text":"-y","targetRectangle":{"y":268.5,"x":343.52253222453118,"width":14.52800000000002,"height":18.535888671875}},{"text":"-z","targetRectangle":{"y":592.5,"x":775.84417944132804,"width":14.224000000000046,"height":18.535888671875}},{"text":"-y","targetRectangle":{"y":431,"x":505.52253222453118,"width":14.527999999999963,"height":18.535888671875}},{"text":"GRAVITA-TIONAL","targetRectangle":{"y":584.4541015625,"x":332.3543262765067,"width":36.112000000000023,"height":19.7679443359375}},{"text":"FORCE","targetRectangle":{"y":604.4541015625,"x":336.82451631021536,"width":27.272000000000048,"height":9.7679443359375}},{"text":"MAKE","targetRectangle":{"y":217.29010009765625,"x":553.76722087859389,"width":22.967999999999961,"height":9.7679443359375}},{"text":"-z","targetRectangle":{"y":268.5,"x":289.67453222453116,"width":14.224000000000046,"height":18.535888671875}},{"text":"RE-CESSION","targetRectangle":{"y":536.29010009765625,"x":115.84144763677493,"width":35.263999999999996,"height":19.7679443359375}},{"text":"-z","targetRectangle":{"y":431,"x":451.67453222453116,"width":14.224000000000046,"height":18.535888671875}},{"text":"-z","targetRectangle":{"y":431,"x":775.92450170695304,"width":14.224000000000046,"height":18.535888671875}},{"text":"x<0","targetRectangle":{"y":149,"x":283.15095676524601,"width":27.088000000000022,"height":18.535888671875}},{"text":"y>0","targetRectangle":{"y":168,"x":283.28821119506063,"width":26.800000000000011,"height":18.535888671875}},{"text":"+","targetRectangle":{"y":488.02304077148438,"x":294.47985247039071,"width":4.8000000000000114,"height":9.7679443359375}},{"text":"x<0","targetRectangle":{"y":311.5,"x":445.15095676524601,"width":27.088000000000022,"height":18.535888671875}},{"text":"y>0","targetRectangle":{"y":330.5,"x":445.28821119506063,"width":26.800000000000011,"height":18.535888671875}},{"text":"x<0","targetRectangle":{"y":311.5,"x":769.40092624766794,"width":27.087999999999965,"height":18.535888671875}},{"text":"y>0","targetRectangle":{"y":330.5,"x":769.5381806774825,"width":26.799999999999955,"height":18.535888671875}},{"text":"x","targetRectangle":{"y":375.5,"x":399.9888405401303,"width":8.5920000000000414,"height":18.535888671875}},{"text":"y","targetRectangle":{"y":321,"x":670.97216549130223,"width":8.3039999999999736,"height":18.535888671875}},{"text":"APOCA-LYPSE","targetRectangle":{"y":536.9427490234375,"x":387.88608832569673,"width":30.975999999999999,"height":19.7679443359375}},{"text":"y","targetRectangle":{"y":321.5,"x":508.6328405401303,"width":8.3040000000000305,"height":18.535888671875}},{"text":"x>0","targetRectangle":{"y":258,"x":390.65095676524601,"width":27.088000000000022,"height":18.535888671875}},{"text":"y<0","targetRectangle":{"y":277,"x":390.78821119506063,"width":26.800000000000011,"height":18.535888671875}},{"text":"HOUSE-HOLDS","targetRectangle":{"y":213.83255004882812,"x":711.67796064014988,"width":30.967999999999961,"height":19.7679443359375}},{"text":"-y","targetRectangle":{"y":430.5,"x":667.86185717570311,"width":14.527999999999906,"height":18.535888671875}},{"text":"BIG BANG","targetRectangle":{"y":542.3489990234375,"x":277.39876504292153,"width":38.968000000000018,"height":9.7679443359375}},{"text":"z","targetRectangle":{"y":159,"x":399.44551558895841,"width":8,"height":18.535888671875}},{"text":"© 2019-12-02 by Jens T. Hinrichs\/MathDIY – GitHub.com\/scifiltr","targetRectangle":{"y":285.86000606536868,"x":997.00002217292786,"width":17.564895629882812,"height":452.27999999999997}},{"text":"-z","targetRectangle":{"y":430.5,"x":614.01385717570304,"width":14.224000000000046,"height":18.535888671875}},{"text":"SAVING DEPOSITS","targetRectangle":{"y":482.7901611328125,"x":493.33432553985068,"width":39.56800000000004,"height":19.7679443359375}},{"text":"+","targetRectangle":{"y":163.87042236328125,"x":888.79750994109384,"width":4.8000000000000682,"height":9.7679443359375}},{"text":"+","targetRectangle":{"y":164.91287231445312,"x":618.26778582000009,"width":4.8000000000000682,"height":9.7679443359375}},{"text":"y","targetRectangle":{"y":321,"x":346.6328405401303,"width":8.3040000000000305,"height":18.535888671875}},{"text":"INTEREST RATES","targetRectangle":{"y":589.14520263671875,"x":493.91748171589728,"width":40.608000000000004,"height":19.7679443359375}},{"text":"+","targetRectangle":{"y":270.7098388671875,"x":888.79750994109384,"width":4.8000000000000682,"height":9.7679443359375}},{"text":" + unknown sidekick (placeholder)","targetRectangle":{"y":692.85076922178268,"x":675.1910400390625,"width":243.12000000000012,"height":17.552001953125}},{"text":"BIRTH RATE","targetRectangle":{"y":212.29010009765625,"x":879.26310652945472,"width":26.087999999999965,"height":19.7679443359375}},{"text":"MathDIY presents: The Interaction Law in competing ecosystems using a Balanced Score Cube (2\/7)","targetRectangle":{"y":28.075897216796875,"x":62.829999999999927,"width":898.34000000000015,"height":23.44000244140625}},{"text":"ASSERTIVE-NESS OF LAW AND CLAIMS","targetRectangle":{"y":157.85263061523438,"x":168.1402785853561,"width":41.96999999999997,"height":20.825958251953125}},{"text":"DEATH RATE","targetRectangle":{"y":212.29010009765625,"x":771.73076863882966,"width":28.160000000000082,"height":19.7679443359375}},{"text":"ASSIGN-MENTS OF RIGHTS AND DUTIES","targetRectangle":{"y":261.12960815429688,"x":170.01532648937095,"width":38.225999999999971,"height":27.825958251953125}},{"text":"+","targetRectangle":{"y":163.87039184570312,"x":132.31918505095712,"width":4.8000000000000114,"height":9.7679443359375}},{"text":"NOW","targetRectangle":{"y":594.86248779296875,"x":287.17585247039074,"width":19.408000000000015,"height":9.7679443359375}},{"text":"+","targetRectangle":{"y":487.87042236328125,"x":457.14052751921884,"width":4.8000000000000114,"height":9.7679443359375}},{"text":"THEN","targetRectangle":{"y":488.02304077148438,"x":392.70825139617199,"width":21.335999999999956,"height":9.7679443359375}},{"text":"+","targetRectangle":{"y":270.70986938476562,"x":132.31918505095712,"width":4.8000000000000114,"height":9.7679443359375}},{"text":"LOW","targetRectangle":{"y":594.7098388671875,"x":450.42852751921885,"width":18.22399999999999,"height":9.7679443359375}},{"text":"+","targetRectangle":{"y":594.86248779296875,"x":400.97625139617196,"width":4.8000000000000114,"height":9.7679443359375}},{"text":"+","targetRectangle":{"y":163.87039184570312,"x":238.81557634734384,"width":4.8000000000000114,"height":9.7679443359375}},{"text":"+","targetRectangle":{"y":271.75228881835938,"x":724.76412371062509,"width":4.8000000000000682,"height":9.7679443359375}},{"text":"HIGH","targetRectangle":{"y":487.87042236328125,"x":556.11292644500008,"width":19.847999999999956,"height":9.7679443359375}},{"text":"+","targetRectangle":{"y":270.70986938476562,"x":238.81557634734384,"width":4.8000000000000114,"height":9.7679443359375}},{"text":"y","targetRectangle":{"y":321.5,"x":832.88287105770848,"width":8.3039999999999736,"height":18.535888671875}},{"text":"+","targetRectangle":{"y":594.7098388671875,"x":563.63692644500009,"width":4.8000000000000682,"height":9.7679443359375}},{"text":"SOUTH","targetRectangle":{"y":433.47335815429688,"x":174.50884644029247,"width":27.560000000000002,"height":9.7679443359375}},{"text":"DEMANDS","targetRectangle":{"y":217.38388061523438,"x":221.2156214113121,"width":40,"height":9.7679443359375}},{"text":"-y","targetRectangle":{"y":431,"x":829.77256274210936,"width":14.527999999999906,"height":18.535888671875}},{"text":"INCOME","targetRectangle":{"y":542.00885009765625,"x":550.0356947175128,"width":32.007999999999925,"height":9.7679443359375}},{"text":"OFFERS","targetRectangle":{"y":218.00888061523438,"x":119.00995332346977,"width":31.424000000000007,"height":9.7679443359375}},{"text":"TAXES","targetRectangle":{"y":541.29010009765625,"x":447.16452751921884,"width":24.75200000000001,"height":9.7679443359375}},{"text":"z","targetRectangle":{"y":321.5,"x":561.44551558895841,"width":8,"height":18.535888671875}},{"text":"NORTH","targetRectangle":{"y":326.63388061523438,"x":174.35684644029249,"width":27.863999999999976,"height":9.7679443359375}},{"text":"PROS-PERITY","targetRectangle":{"y":265.12957763671875,"x":824.19858527105225,"width":28.159999999999968,"height":19.7679443359375}},{"text":"yellow\/warm","targetRectangle":{"y":693.13555926084518,"x":127.20818328857422,"width":90.031999999999982,"height":17.552001953125}},{"text":"x>0","targetRectangle":{"y":420,"x":714.99028171641794,"width":27.087999999999965,"height":18.535888671875}},{"text":"y<0","targetRectangle":{"y":439,"x":715.1275361462325,"width":26.799999999999955,"height":18.535888671875}},{"text":"-x","targetRectangle":{"y":376,"x":451.37853222453117,"width":14.816000000000031,"height":18.535888671875}},{"text":"+","targetRectangle":{"y":163.87042236328125,"x":782.30117205046884,"width":4.8000000000000682,"height":9.7679443359375}},{"text":"+","targetRectangle":{"y":270.7098388671875,"x":782.30117205046884,"width":4.8000000000000682,"height":9.7679443359375}},{"text":"green\/tepid whereby x,y,z ≥ 0","targetRectangle":{"y":676.74469012022018,"x":699.40142822265625,"width":210.49600000000009,"height":17.552001953125}},{"text":"-x","targetRectangle":{"y":375.5,"x":613.7178571757031,"width":14.815999999999917,"height":18.535888671875}},{"text":"x","targetRectangle":{"y":376,"x":561.98881002255223,"width":8.5919999999999845,"height":18.535888671875}},{"text":"-x","targetRectangle":{"y":213.5,"x":289.37853222453117,"width":14.816000000000031,"height":18.535888671875}},{"text":"DIPLO-MACY","targetRectangle":{"y":483.2901611328125,"x":662.37221318834497,"width":23.730000000000018,"height":17.796951293945312}},{"text":"x","targetRectangle":{"y":375.5,"x":724.32816549130223,"width":8.5919999999999845,"height":18.535888671875}},{"text":"z","targetRectangle":{"y":483,"x":885.61519332333341,"width":8,"height":18.535888671875}},{"text":"x","targetRectangle":{"y":213.5,"x":399.9888405401303,"width":8.5920000000000414,"height":18.535888671875}},{"text":"POPU-LATION","targetRectangle":{"y":158.2901611328125,"x":824.27058527105225,"width":28.015999999999963,"height":19.7679443359375}},{"text":"OPT-IN","targetRectangle":{"y":487.87042236328125,"x":714.04418474578131,"width":26.240000000000009,"height":9.7679443359375}},{"text":"-x","targetRectangle":{"y":376,"x":775.6285017069531,"width":14.815999999999917,"height":18.535888671875}},{"text":"SOUTH-EAST","targetRectangle":{"y":429.20986938476562,"x":225.87556696339203,"width":30.672000000000025,"height":19.7679443359375}},{"text":"-x","targetRectangle":{"y":537.5,"x":775.5481794413281,"width":14.815999999999917,"height":18.535888671875}},{"text":"+","targetRectangle":{"y":594.7098388671875,"x":724.76418474578134,"width":4.8000000000000682,"height":9.7679443359375}},{"text":"EAST","targetRectangle":{"y":380.29013061523438,"x":231.06173003386729,"width":20.304000000000002,"height":9.7679443359375}},{"text":"x<0","targetRectangle":{"y":473,"x":769.32060398204294,"width":27.087999999999965,"height":18.535888671875}},{"text":"y>0","targetRectangle":{"y":492,"x":769.4578584118575,"width":26.799999999999955,"height":18.535888671875}},{"text":"x","targetRectangle":{"y":376,"x":886.23887105770848,"width":8.5919999999999845,"height":18.535888671875}},{"text":"x","targetRectangle":{"y":537.5,"x":886.15854879208348,"width":8.5919999999999845,"height":18.535888671875}},{"text":"INFLATION","targetRectangle":{"y":542.19635009765625,"x":709.33212036414091,"width":35.665000000000077,"height":8.7969512939453125}},{"text":"+","targetRectangle":{"y":164.91287231445312,"x":724.76412371062509,"width":4.8000000000000682,"height":9.7679443359375}},{"text":"WEST","targetRectangle":{"y":380.29013061523438,"x":123.45733873748057,"width":22.52000000000001,"height":9.7679443359375}},{"text":"x>0","targetRectangle":{"y":582,"x":876.82066501719919,"width":27.087999999999965,"height":18.535888671875}},{"text":"y<0","targetRectangle":{"y":601,"x":876.95791944701375,"width":26.799999999999955,"height":18.535888671875}},{"text":"DEFLATION","targetRectangle":{"y":542.19635009765625,"x":601.60372143835968,"width":38.129000000000019,"height":8.7969512939453125}},{"text":"x>0","targetRectangle":{"y":420.5,"x":876.90098728282419,"width":27.087999999999965,"height":18.535888671875}},{"text":"y<0","targetRectangle":{"y":439.5,"x":877.03824171263875,"width":26.799999999999955,"height":18.535888671875}},{"text":"BOOM","targetRectangle":{"y":487.29013061523438,"x":174.58672698210947,"width":24.904000000000025,"height":9.7679443359375}},{"text":"z","targetRectangle":{"y":321.5,"x":885.69551558895841,"width":8,"height":18.535888671875}},{"text":"-z","targetRectangle":{"y":430.5,"x":289.67453222453116,"width":14.224000000000046,"height":18.535888671875}},{"text":"x<0","targetRectangle":{"y":311,"x":283.15095676524601,"width":27.088000000000022,"height":18.535888671875}},{"text":"y>0","targetRectangle":{"y":330,"x":283.28821119506063,"width":26.800000000000011,"height":18.535888671875}},{"text":"balanced score criteria","targetRectangle":{"y":693.53259295225143,"x":451.8446044921875,"width":162.67200000000003,"height":17.552001953125}},{"text":"x<0","targetRectangle":{"y":311,"x":607.49028171641794,"width":27.087999999999965,"height":18.535888671875}},{"text":"y>0","targetRectangle":{"y":330,"x":607.6275361462325,"width":26.799999999999955,"height":18.535888671875}},{"text":"x>0","targetRectangle":{"y":420,"x":390.65095676524601,"width":27.088000000000022,"height":18.535888671875}},{"text":"y<0","targetRectangle":{"y":439,"x":390.78821119506063,"width":26.800000000000011,"height":18.535888671875}},{"text":"balanced score compass","targetRectangle":{"y":676.74469012022018,"x":452.34527587890625,"width":179.60000000000002,"height":17.552001953125}},{"text":"-y","targetRectangle":{"y":430.5,"x":343.52253222453118,"width":14.52800000000002,"height":18.535888671875}},{"text":"SANCTIONS","targetRectangle":{"y":595.03582763671875,"x":654.07957153601592,"width":40.32000000000005,"height":8.7969512939453125}}],"baseLayer":{"animations":[],"initialState":{"affineTransform":[1,0,0,1,0,0],"masksToBounds":false,"rotation":0,"scale":1,"position":{"pointX":512,"pointY":384},"width":1024,"sublayerTransform":[1,0,0,0,0,1,0,0,0,0,1,0,0,0,0,1],"contentsRect":{"y":0,"x":0,"width":1,"height":1},"opacity":1,"edgeAntialiasingMask":251658240,"height":768,"hidden":false,"anchorPoint":{"pointX":0.5,"pointY":0.5}},"objectID":"0","layers":[{"animations":[],"initialState":{"affineTransform":[1,0,0,1,0,0],"masksToBounds":false,"rotation":0,"scale":1,"position":{"pointX":512,"pointY":384},"width":1024,"sublayerTransform":[1,0,0,0,0,1,0,0,0,0,1,-0.00049229876906403734,0,0,0,1],"contentsRect":{"y":0,"x":0,"width":1,"height":1},"opacity":1,"edgeAntialiasingMask":251658240,"height":768,"hidden":false,"anchorPoint":{"pointX":0.5,"pointY":0.5}},"layers":[{"animations":[],"layers":[],"texturedRectangle":{"isBackgroundTexture":false,"singleTextureOpacity":1,"textureType":0,"textBaseline":0,"textXHeight":0,"isVerticalText":false},"initialState":{"affineTransform":[1,0,0,1,0,0],"masksToBounds":false,"rotation":0,"scale":1,"position":{"pointX":512,"pointY":384},"width":1024,"sublayerTransform":[1,0,0,0,0,1,0,0,0,0,1,0,0,0,0,1],"contentsRect":{"y":0,"x":0,"width":1,"height":1},"opacity":1,"edgeAntialiasingMask":0,"height":768,"hidden":false,"anchorPoint":{"pointX":0.5,"pointY":0.5}},"texture":"864B78264091B3C31C61FE854AD77873"}]}]}}]}