{"assets":{"4424D4B7CD3B9E8F3845D097B7587A89":{"type":"texture","index":0,"assetRequest":{"type":"slide","state":"contents","slide":"none"},"url":{"native":"assets\/13B20704-C48B-44E7-8A85-321369F7CBC9.pdf"},"width":1024,"height":768},"801F822E1FFC65BA69BD110E59D0DB1F":{"type":"texture","index":1,"assetRequest":{"type":"slide","state":"contents","slide":"none"},"url":{"native":"assets\/13B20704-C48B-44E7-8A85-321369F7CBC9.pdf"},"width":1024,"height":768}},"events":[{"effects":[{"beginTime":0,"baseLayer":{"animations":[],"initialState":{"affineTransform":[1,0,0,1,0,0],"masksToBounds":false,"rotation":0,"scale":1,"position":{"pointX":512,"pointY":384},"width":1024,"sublayerTransform":[1,0,0,0,0,1,0,0,0,0,1,0,0,0,0,1],"contentsRect":{"y":0,"x":0,"width":1,"height":1},"opacity":1,"edgeAntialiasingMask":251658240,"height":768,"hidden":false,"anchorPoint":{"pointX":0.5,"pointY":0.5}},"objectID":"0","layers":[{"animations":[],"initialState":{"affineTransform":[1,0,0,1,0,0],"masksToBounds":false,"rotation":0,"scale":1,"position":{"pointX":512,"pointY":384},"width":1024,"sublayerTransform":[1,0,0,0,0,1,0,0,0,0,1,-0.00049229876906403734,0,0,0,1],"contentsRect":{"y":0,"x":0,"width":1,"height":1},"opacity":1,"edgeAntialiasingMask":251658240,"height":768,"hidden":false,"anchorPoint":{"pointX":0.5,"pointY":0.5}},"layers":[{"animations":[],"layers":[],"texturedRectangle":{"isBackgroundTexture":false,"singleTextureOpacity":1,"textureType":0,"textBaseline":0,"textXHeight":0,"isVerticalText":false},"initialState":{"affineTransform":[1,0,0,1,0,0],"masksToBounds":false,"rotation":0,"scale":1,"position":{"pointX":512,"pointY":384},"width":1024,"sublayerTransform":[1,0,0,0,0,1,0,0,0,0,1,0,0,0,0,1],"contentsRect":{"y":0,"x":0,"width":1,"height":1},"opacity":1,"edgeAntialiasingMask":0,"height":768,"hidden":false,"anchorPoint":{"pointX":0.5,"pointY":0.5}},"texture":"801F822E1FFC65BA69BD110E59D0DB1F"},{"animations":[{"additive":false,"timeOffset":0,"beginTime":0,"from":{"scalar":false},"repeatCount":0,"fillMode":"both","duration":0.01,"autoreverses":false,"property":"hidden","to":{"scalar":true},"removedOnCompletion":false}],"layers":[],"texturedRectangle":{"isBackgroundTexture":false,"singleTextureOpacity":1,"textureType":0,"textBaseline":0,"textXHeight":0,"isVerticalText":false},"initialState":{"affineTransform":[1,0,0,1,0,0],"masksToBounds":false,"rotation":0,"scale":1,"position":{"pointX":512,"pointY":384},"width":1024,"sublayerTransform":[1,0,0,0,0,1,0,0,0,0,1,0,0,0,0,1],"contentsRect":{"y":0,"x":0,"width":1,"height":1},"opacity":1,"edgeAntialiasingMask":0,"height":768,"hidden":false,"anchorPoint":{"pointX":0.5,"pointY":0.5}},"texture":"4424D4B7CD3B9E8F3845D097B7587A89"}]}]},"effects":[],"duration":0.01,"type":"transition","attributes":{"direction":0},"name":"none","objectID":"0"}],"automaticPlay":false,"hyperlinks":[{"url":"http:\/\/GitHub.com\/scifiltr","targetRectangle":{"y":285.86000606536868,"x":997.00002217292786,"width":17.564895629882812,"height":135.49499999999995}}],"accessibility":[{"text":"x<0","targetRectangle":{"y":311,"x":283.13766755652773,"width":27.087999999999965,"height":18.535888671875}},{"text":"y>0","targetRectangle":{"y":330,"x":283.28410310274427,"width":26.799999999999955,"height":18.535888671875}},{"text":"-z","targetRectangle":{"y":430,"x":614.01368952751909,"width":14.223999999999933,"height":18.535888671875}},{"text":"-z","targetRectangle":{"y":430,"x":289.67436457634716,"width":14.22399999999999,"height":18.535888671875}},{"text":"z","targetRectangle":{"y":321,"x":723.78633405876906,"width":8,"height":18.535888671875}},{"text":"MORAL","targetRectangle":{"y":541.63385009765625,"x":119.10020965780686,"width":28.751999999999981,"height":9.7679443359375}},{"text":"MathDIY presents: The Interaction Law in competing ecosystems using a Balanced Score Cube (6\/7)","targetRectangle":{"y":28.075897216796875,"x":62.829999999999927,"width":898.34000000000015,"height":23.44000244140625}},{"text":"ENTITY","targetRectangle":{"y":218.67630004882812,"x":606.82061096395921,"width":27.711999999999989,"height":9.7679443359375}},{"text":"balanced score criteria","targetRectangle":{"y":693.53259295225143,"x":451.8446044921875,"width":162.67200000000003,"height":17.552001953125}},{"text":"x>0","targetRectangle":{"y":420,"x":390.63766755652773,"width":27.087999999999965,"height":18.535888671875}},{"text":"y<0","targetRectangle":{"y":439,"x":390.78410310274427,"width":26.799999999999955,"height":18.535888671875}},{"text":"x<0","targetRectangle":{"y":311,"x":607.47699250769961,"width":27.087999999999965,"height":18.535888671875}},{"text":"y>0","targetRectangle":{"y":330,"x":607.62342805391609,"width":26.800000000000068,"height":18.535888671875}},{"text":"+","targetRectangle":{"y":270.7098388671875,"x":456.36372335730897,"width":4.8000000000000114,"height":9.7679443359375}},{"text":"+","targetRectangle":{"y":163.87042236328125,"x":888.80638082801204,"width":4.8000000000000682,"height":9.7679443359375}},{"text":"-x","targetRectangle":{"y":376,"x":775.6286134879382,"width":14.816000000000031,"height":18.535888671875}},{"text":"-y","targetRectangle":{"y":431,"x":829.77267452309445,"width":14.52800000000002,"height":18.535888671875}},{"text":"HABITAT","targetRectangle":{"y":164.0089111328125,"x":822.11805016367157,"width":32.319999999999936,"height":9.7679443359375}},{"text":"FOREIGN TRADE","targetRectangle":{"y":265.14520263671875,"x":494.55173672787265,"width":37.792000000000087,"height":19.7679443359375}},{"text":"RETURN ON INVEST-MENT","targetRectangle":{"y":479.55215454101562,"x":331.20125779173958,"width":38.51400000000001,"height":26.796951293945312}},{"text":"y","targetRectangle":{"y":321,"x":346.6343645763472,"width":8.3039999999999736,"height":18.535888671875}},{"text":" + unknown sidekick (placeholder)","targetRectangle":{"y":692.85076922178268,"x":675.1910400390625,"width":243.12000000000012,"height":17.552001953125}},{"text":"z","targetRectangle":{"y":321,"x":399.44700910759718,"width":8,"height":18.535888671875}},{"text":"+","targetRectangle":{"y":163.87042236328125,"x":562.86009176551204,"width":4.8000000000000682,"height":9.7679443359375}},{"text":"+","targetRectangle":{"y":270.7098388671875,"x":888.80638082801204,"width":4.8000000000000682,"height":9.7679443359375}},{"text":"x","targetRectangle":{"y":537.5,"x":886.16007282830026,"width":8.5919999999999845,"height":18.535888671875}},{"text":"y","targetRectangle":{"y":159,"x":346.6343645763472,"width":8.3039999999999736,"height":18.535888671875}},{"text":"y","targetRectangle":{"y":483,"x":832.80407282830026,"width":8.3039999999999736,"height":18.535888671875}},{"text":"+","targetRectangle":{"y":163.87042236328125,"x":456.36372335730897,"width":4.8000000000000114,"height":9.7679443359375}},{"text":"ECONOMY OF SCALES","targetRectangle":{"y":590.4072265625,"x":331.13791922591997,"width":39.22716987694821,"height":17.796951293945312}},{"text":"-y","targetRectangle":{"y":430.5,"x":343.52264400551633,"width":14.52800000000002,"height":18.535888671875}},{"text":"-x","targetRectangle":{"y":375.5,"x":289.37864400551632,"width":14.816000000000031,"height":18.535888671875}},{"text":"+","targetRectangle":{"y":326.87039184570312,"x":238.82260092078553,"width":4.7999999999999829,"height":9.7679443359375}},{"text":"+","targetRectangle":{"y":270.7098388671875,"x":562.86009176551204,"width":4.8000000000000682,"height":9.7679443359375}},{"text":"BIODI-VERSITY","targetRectangle":{"y":212.29010009765625,"x":874.75651932325206,"width":32.896000000000072,"height":19.7679443359375}},{"text":"-y","targetRectangle":{"y":592.5,"x":829.69235225746945,"width":14.52800000000002,"height":18.535888671875}},{"text":"+","targetRectangle":{"y":489.52304077148438,"x":295.08852375166907,"width":3.6000000000000227,"height":6.825958251953125}},{"text":"x","targetRectangle":{"y":375.5,"x":399.99036457634719,"width":8.5919999999999845,"height":18.535888671875}},{"text":"-x","targetRectangle":{"y":213.5,"x":289.37864400551632,"width":14.816000000000031,"height":18.535888671875}},{"text":"+","targetRectangle":{"y":433.70986938476562,"x":238.82260092078553,"width":4.7999999999999829,"height":9.7679443359375}},{"text":"HOUSE-HOLDS","targetRectangle":{"y":212.79010009765625,"x":549.77669058243168,"width":30.967999999999961,"height":19.7679443359375}},{"text":"FREE NATURE","targetRectangle":{"y":212.29010009765625,"x":768.92418143262705,"width":31.568000000000097,"height":19.7679443359375}},{"text":"-z","targetRectangle":{"y":592,"x":775.84401179314409,"width":14.223999999999933,"height":18.535888671875}},{"text":"x","targetRectangle":{"y":376,"x":886.24039509392526,"width":8.5919999999999845,"height":18.535888671875}},{"text":"+","targetRectangle":{"y":594.86248779296875,"x":294.48872335730897,"width":4.8000000000000114,"height":9.7679443359375}},{"text":"NATIONA-LISM (LOCKED)","targetRectangle":{"y":532.91510009765625,"x":604.20677117174091,"width":32.942000000000007,"height":26.796951293945312}},{"text":"ANALYSIS \/ PROFILING","targetRectangle":{"y":267.87728881835938,"x":601.87867235482133,"width":39.543000000000006,"height":17.796951293945312}},{"text":"DATA RETEN-TION","targetRectangle":{"y":261.17202758789062,"x":659.5760068045746,"width":29.343999999999937,"height":29.7679443359375}},{"text":"-x","targetRectangle":{"y":375.5,"x":613.7179689566882,"width":14.816000000000031,"height":18.535888671875}},{"text":"ARGU-MENTS","targetRectangle":{"y":375.29013061523438,"x":227.29273941602554,"width":27.855999999999995,"height":19.7679443359375}},{"text":"x","targetRectangle":{"y":213.5,"x":399.99036457634719,"width":8.5919999999999845,"height":18.535888671875}},{"text":"STATE","targetRectangle":{"y":217.29010009765625,"x":446.97572335730894,"width":23.576000000000022,"height":9.7679443359375}},{"text":"PATENT TROLLS","targetRectangle":{"y":265.62960815429688,"x":172.88570990769671,"width":32.462287315359958,"height":19.7679443359375}},{"text":"x<0","targetRectangle":{"y":473,"x":769.30731477332461,"width":27.087999999999965,"height":18.535888671875}},{"text":"y>0","targetRectangle":{"y":492,"x":769.45375031954109,"width":26.800000000000068,"height":18.535888671875}},{"text":"+","targetRectangle":{"y":488.02304077148438,"x":400.98512228309022,"width":4.8000000000000114,"height":9.7679443359375}},{"text":"-z","targetRectangle":{"y":430.5,"x":775.92433405876909,"width":14.223999999999933,"height":18.535888671875}},{"text":"DIAG-NOSTIC \/ EVALUA-TION","targetRectangle":{"y":150.41287231445312,"x":603.26525552383794,"width":37.048000000000002,"height":39.7679443359375}},{"text":"SURVEIL-LANCE \/ SECURITY","targetRectangle":{"y":261.92416381835938,"x":707.3824648720439,"width":39.560000000000059,"height":29.7679443359375}},{"text":"x","targetRectangle":{"y":375.5,"x":724.32968952751901,"width":8.5919999999999845,"height":18.535888671875}},{"text":"SYM-PATHY","targetRectangle":{"y":375.29013061523438,"x":122.20034811963882,"width":25.048000000000002,"height":19.7679443359375}},{"text":"+","targetRectangle":{"y":487.87042236328125,"x":724.77305563269954,"width":4.8000000000000682,"height":9.7679443359375}},{"text":"PRIVACY PROTEC-TION","targetRectangle":{"y":154.50448608398438,"x":656.38798393309503,"width":37.012856965170613,"height":29.7679443359375}},{"text":"+","targetRectangle":{"y":163.87039184570312,"x":132.32805593787538,"width":4.7999999999999829,"height":9.7679443359375}},{"text":"OUTPUT","targetRectangle":{"y":542.1614990234375,"x":387.1537794117184,"width":32.456000000000017,"height":9.7679443359375}},{"text":"+","targetRectangle":{"y":596.36248779296875,"x":401.58492267745032,"width":3.6000000000000227,"height":6.825958251953125}},{"text":"x<0","targetRectangle":{"y":149,"x":283.13766755652773,"width":27.087999999999965,"height":18.535888671875}},{"text":"y>0","targetRectangle":{"y":168,"x":283.28410310274427,"width":26.799999999999955,"height":18.535888671875}},{"text":"TECHNO-LOGY","targetRectangle":{"y":482.30575561523438,"x":168.89626114193518,"width":36.304000000000002,"height":19.7679443359375}},{"text":"+","targetRectangle":{"y":594.7098388671875,"x":724.77305563269954,"width":4.8000000000000682,"height":9.7679443359375}},{"text":"+","targetRectangle":{"y":487.87039184570312,"x":237.57264669715272,"width":4.7999999999999829,"height":9.7679443359375}},{"text":"y","targetRectangle":{"y":321.5,"x":508.6343645763472,"width":8.3039999999999168,"height":18.535888671875}},{"text":"x","targetRectangle":{"y":376,"x":561.99033405876901,"width":8.5919999999999845,"height":18.535888671875}},{"text":"+","targetRectangle":{"y":272.20986938476562,"x":132.92785633223551,"width":3.5999999999999943,"height":6.825958251953125}},{"text":"x<0","targetRectangle":{"y":311.5,"x":769.38763703894961,"width":27.087999999999965,"height":18.535888671875}},{"text":"y>0","targetRectangle":{"y":330.5,"x":769.53407258516609,"width":26.800000000000068,"height":18.535888671875}},{"text":"INPUT","targetRectangle":{"y":541.4427490234375,"x":284.96072335730895,"width":23.855999999999995,"height":9.7679443359375}},{"text":"-y","targetRectangle":{"y":268.5,"x":343.52264400551633,"width":14.52800000000002,"height":18.535888671875}},{"text":"x>0","targetRectangle":{"y":258,"x":390.63766755652773,"width":27.087999999999965,"height":18.535888671875}},{"text":"y<0","targetRectangle":{"y":277,"x":390.78410310274427,"width":26.799999999999955,"height":18.535888671875}},{"text":"CRAFTS","targetRectangle":{"y":594.84832763671875,"x":171.33625499765591,"width":31.415999999999997,"height":9.7679443359375}},{"text":"x<0","targetRectangle":{"y":311.5,"x":445.13766755652773,"width":27.087999999999965,"height":18.535888671875}},{"text":"y>0","targetRectangle":{"y":330.5,"x":445.28410310274427,"width":26.799999999999955,"height":18.535888671875}},{"text":"GLOBA-LIZATION (OPEN-MINDED)","targetRectangle":{"y":529.04010009765625,"x":711.73848811158598,"width":32.816000000000031,"height":35.796951293945312}},{"text":"x>0","targetRectangle":{"y":582,"x":876.80737580848086,"width":27.087999999999965,"height":18.535888671875}},{"text":"y<0","targetRectangle":{"y":601,"x":876.95381135469734,"width":26.800000000000068,"height":18.535888671875}},{"text":"+","targetRectangle":{"y":594.7098388671875,"x":237.57264669715272,"width":4.7999999999999829,"height":9.7679443359375}},{"text":"-y","targetRectangle":{"y":431,"x":505.52264400551633,"width":14.52800000000002,"height":18.535888671875}},{"text":"+","targetRectangle":{"y":487.87042236328125,"x":618.27665670691829,"width":4.8000000000000682,"height":9.7679443359375}},{"text":"+","targetRectangle":{"y":165.37039184570312,"x":239.42424762862223,"width":3.5999999999999943,"height":6.825958251953125}},{"text":"x>0","targetRectangle":{"y":420.5,"x":876.88769807410586,"width":27.087999999999965,"height":18.535888671875}},{"text":"y<0","targetRectangle":{"y":439.5,"x":877.03413362032234,"width":26.800000000000068,"height":18.535888671875}},{"text":"IMPER-FECT MARKET","targetRectangle":{"y":477.9464111328125,"x":496.40918811520663,"width":33.343999999999994,"height":29.7679443359375}},{"text":"-z","targetRectangle":{"y":268,"x":289.67436457634716,"width":14.22399999999999,"height":18.535888671875}},{"text":"z","targetRectangle":{"y":159,"x":399.44703962517531,"width":8,"height":18.535888671875}},{"text":"+","targetRectangle":{"y":487.87039184570312,"x":131.076255400766,"width":4.7999999999999829,"height":9.7679443359375}},{"text":"x>0","targetRectangle":{"y":420.5,"x":552.63763703894961,"width":27.087999999999965,"height":18.535888671875}},{"text":"y<0","targetRectangle":{"y":439.5,"x":552.78407258516609,"width":26.800000000000068,"height":18.535888671875}},{"text":"ETHICS","targetRectangle":{"y":541.63385009765625,"x":225.60060095419357,"width":28.744,"height":9.7679443359375}},{"text":"-z","targetRectangle":{"y":430.5,"x":451.67436457634716,"width":14.22399999999999,"height":18.535888671875}},{"text":"+","targetRectangle":{"y":594.7098388671875,"x":618.27665670691829,"width":4.8000000000000682,"height":9.7679443359375}},{"text":"+","targetRectangle":{"y":270.70986938476562,"x":238.8244472342621,"width":4.7999999999999829,"height":9.7679443359375}},{"text":"OPEN COMPETI-TION","targetRectangle":{"y":585.62957763671875,"x":495.87268196858003,"width":34.496000000000038,"height":26.796951293945312}},{"text":"z","targetRectangle":{"y":321.5,"x":885.69703962517531,"width":8,"height":18.535888671875}},{"text":"blue\/cold","targetRectangle":{"y":676.74469012022018,"x":126.40740203857422,"width":66.671999999999997,"height":17.552001953125}},{"text":"© 2019-12-02 by Jens T. Hinrichs\/MathDIY – GitHub.com\/scifiltr","targetRectangle":{"y":285.86000606536868,"x":997.00002217292786,"width":17.564895629882812,"height":452.27999999999997}},{"text":"MAIN-STREAM","targetRectangle":{"y":428.12960815429688,"x":171.77169058790054,"width":33.048000000000002,"height":19.7679443359375}},{"text":"FREE WORLD TRADE","targetRectangle":{"y":478.7901611328125,"x":661.28394026936132,"width":27.874000000000024,"height":26.796951293945312}},{"text":"z","targetRectangle":{"y":321.5,"x":561.44703962517531,"width":8,"height":18.535888671875}},{"text":"COMMON OWNER-SHIP","targetRectangle":{"y":477.74932861328125,"x":440.53505099055724,"width":40.159999999999968,"height":29.7679443359375}},{"text":"PROTEC-TIONISM","targetRectangle":{"y":591.09832763671875,"x":658.6209101743051,"width":31.254999999999995,"height":17.796951293945312}},{"text":"-x","targetRectangle":{"y":376,"x":451.37864400551632,"width":14.816000000000031,"height":18.535888671875}},{"text":"PUBLIC VALUE","targetRectangle":{"y":590.2098388671875,"x":444.88199722305666,"width":31.560000000000002,"height":19.7679443359375}},{"text":"red\/hotspot","targetRectangle":{"y":675.74469012022018,"x":274.4705810546875,"width":83.279999999999973,"height":17.552001953125}},{"text":"PIONEERS","targetRectangle":{"y":163.38388061523438,"x":168.1433859307846,"width":40.311999999999983,"height":9.7679443359375}},{"text":"yellow\/warm","targetRectangle":{"y":693.13555926084518,"x":127.20818328857422,"width":90.031999999999982,"height":17.552001953125}},{"text":"CON-SENSUS","targetRectangle":{"y":482.87042236328125,"x":549.9719358271584,"width":32.143999999999892,"height":19.7679443359375}},{"text":"green\/tepid whereby x,y,z ≥ 0","targetRectangle":{"y":676.74469012022018,"x":699.40142822265625,"width":210.49600000000009,"height":17.552001953125}},{"text":"y","targetRectangle":{"y":321.5,"x":832.88439509392526,"width":8.3039999999999736,"height":18.535888671875}},{"text":"z","targetRectangle":{"y":483,"x":885.61671735955031,"width":8,"height":18.535888671875}},{"text":"ENTER-PRISE","targetRectangle":{"y":158.7901611328125,"x":497.66367227188482,"width":29.343999999999937,"height":19.7679443359375}},{"text":"-x","targetRectangle":{"y":537.5,"x":775.5482912223132,"width":14.816000000000031,"height":18.535888671875}},{"text":"PUBLIC PARTICI-PATION","targetRectangle":{"y":585.3660888671875,"x":549.21843283475653,"width":33.692072019514058,"height":29.7679443359375}},{"text":"LICEN-CING","targetRectangle":{"y":212.29013061523438,"x":227.96511258639498,"width":26.519999999999982,"height":19.7679443359375}},{"text":"+","targetRectangle":{"y":326.87039184570312,"x":132.32620962439881,"width":4.7999999999999829,"height":9.7679443359375}},{"text":"(UNDER)","targetRectangle":{"y":260.00848388671875,"x":822.01104561946352,"width":32.447999999999979,"height":9.7679443359375}},{"text":"DEVELO-PED AREA","targetRectangle":{"y":270.00848388671875,"x":818.4212196935116,"width":39.720000000000027,"height":19.7679443359375}},{"text":"y","targetRectangle":{"y":321,"x":670.97368952751901,"width":8.3039999999999736,"height":18.535888671875}},{"text":"+","targetRectangle":{"y":594.7098388671875,"x":131.076255400766,"width":4.7999999999999829,"height":9.7679443359375}},{"text":"FREE WILL","targetRectangle":{"y":536.29010009765625,"x":555.81846268405127,"width":22.67999999999995,"height":19.7679443359375}},{"text":"FREE-DOM OF SPEECH","targetRectangle":{"y":316.29013061523438,"x":172.22142065109682,"width":34.308131441563717,"height":29.7679443359375}},{"text":"PATENTS","targetRectangle":{"y":218.00888061523438,"x":117.30871306650356,"width":34.832000000000008,"height":9.7679443359375}},{"text":"+","targetRectangle":{"y":433.70986938476562,"x":132.32620962439881,"width":4.7999999999999829,"height":9.7679443359375}},{"text":"STATIS-TICAL SURVEY","targetRectangle":{"y":155.56912231445312,"x":711.35343420895663,"width":31.560000000000059,"height":29.7679443359375}},{"text":"+","targetRectangle":{"y":163.87042236328125,"x":782.31004293738704,"width":4.8000000000000682,"height":9.7679443359375}},{"text":"-y","targetRectangle":{"y":430.5,"x":667.8619689566882,"width":14.52800000000002,"height":18.535888671875}},{"text":"balanced score compass","targetRectangle":{"y":676.74469012022018,"x":452.34527587890625,"width":179.60000000000002,"height":17.552001953125}},{"text":"SOCIAL ENGINE-ERING","targetRectangle":{"y":531.94635009765625,"x":443.02603390897531,"width":33.316072019514024,"height":29.7679443359375}},{"text":"orange\/spotlight","targetRectangle":{"y":692.13555926084518,"x":274.130126953125,"width":117.04000000000002,"height":17.552001953125}},{"text":"IDENTITY","targetRectangle":{"y":218.42630004882812,"x":709.31698212219089,"width":35.711999999999989,"height":9.7679443359375}},{"text":"x>0","targetRectangle":{"y":420,"x":714.97699250769961,"width":27.087999999999965,"height":18.535888671875}},{"text":"y<0","targetRectangle":{"y":439,"x":715.12342805391609,"width":26.800000000000068,"height":18.535888671875}},{"text":"+","targetRectangle":{"y":270.7098388671875,"x":782.31004293738704,"width":4.8000000000000682,"height":9.7679443359375}}],"baseLayer":{"animations":[],"initialState":{"affineTransform":[1,0,0,1,0,0],"masksToBounds":false,"rotation":0,"scale":1,"position":{"pointX":512,"pointY":384},"width":1024,"sublayerTransform":[1,0,0,0,0,1,0,0,0,0,1,0,0,0,0,1],"contentsRect":{"y":0,"x":0,"width":1,"height":1},"opacity":1,"edgeAntialiasingMask":251658240,"height":768,"hidden":false,"anchorPoint":{"pointX":0.5,"pointY":0.5}},"objectID":"0","layers":[{"animations":[],"initialState":{"affineTransform":[1,0,0,1,0,0],"masksToBounds":false,"rotation":0,"scale":1,"position":{"pointX":512,"pointY":384},"width":1024,"sublayerTransform":[1,0,0,0,0,1,0,0,0,0,1,-0.00049229876906403734,0,0,0,1],"contentsRect":{"y":0,"x":0,"width":1,"height":1},"opacity":1,"edgeAntialiasingMask":251658240,"height":768,"hidden":false,"anchorPoint":{"pointX":0.5,"pointY":0.5}},"layers":[{"animations":[],"layers":[],"texturedRectangle":{"isBackgroundTexture":false,"singleTextureOpacity":1,"textureType":0,"textBaseline":0,"textXHeight":0,"isVerticalText":false},"initialState":{"affineTransform":[1,0,0,1,0,0],"masksToBounds":false,"rotation":0,"scale":1,"position":{"pointX":512,"pointY":384},"width":1024,"sublayerTransform":[1,0,0,0,0,1,0,0,0,0,1,0,0,0,0,1],"contentsRect":{"y":0,"x":0,"width":1,"height":1},"opacity":1,"edgeAntialiasingMask":0,"height":768,"hidden":false,"anchorPoint":{"pointX":0.5,"pointY":0.5}},"texture":"4424D4B7CD3B9E8F3845D097B7587A89"}]}]}}]}