{"assets":{"F37971E0C26719E1ADF468122F777128":{"type":"texture","index":1,"assetRequest":{"type":"slide","state":"contents","slide":"none"},"url":{"native":"assets\/68B1E814-230B-4202-9067-08ED332626C3.pdf"},"width":1024,"height":768},"1FE91D98CF00D04535CAE5D02EBED6BD":{"type":"texture","index":0,"assetRequest":{"type":"slide","state":"contents","slide":"none"},"url":{"native":"assets\/68B1E814-230B-4202-9067-08ED332626C3.pdf"},"width":1024,"height":768}},"events":[{"effects":[{"beginTime":0,"baseLayer":{"animations":[],"initialState":{"affineTransform":[1,0,0,1,0,0],"masksToBounds":false,"rotation":0,"scale":1,"position":{"pointX":512,"pointY":384},"width":1024,"sublayerTransform":[1,0,0,0,0,1,0,0,0,0,1,0,0,0,0,1],"contentsRect":{"y":0,"x":0,"width":1,"height":1},"opacity":1,"edgeAntialiasingMask":251658240,"height":768,"hidden":false,"anchorPoint":{"pointX":0.5,"pointY":0.5}},"objectID":"0","layers":[{"animations":[],"initialState":{"affineTransform":[1,0,0,1,0,0],"masksToBounds":false,"rotation":0,"scale":1,"position":{"pointX":512,"pointY":384},"width":1024,"sublayerTransform":[1,0,0,0,0,1,0,0,0,0,1,-0.00049229876906403734,0,0,0,1],"contentsRect":{"y":0,"x":0,"width":1,"height":1},"opacity":1,"edgeAntialiasingMask":251658240,"height":768,"hidden":false,"anchorPoint":{"pointX":0.5,"pointY":0.5}},"layers":[{"animations":[],"layers":[],"texturedRectangle":{"isBackgroundTexture":false,"singleTextureOpacity":1,"textureType":0,"textBaseline":0,"textXHeight":0,"isVerticalText":false},"initialState":{"affineTransform":[1,0,0,1,0,0],"masksToBounds":false,"rotation":0,"scale":1,"position":{"pointX":512,"pointY":384},"width":1024,"sublayerTransform":[1,0,0,0,0,1,0,0,0,0,1,0,0,0,0,1],"contentsRect":{"y":0,"x":0,"width":1,"height":1},"opacity":1,"edgeAntialiasingMask":0,"height":768,"hidden":false,"anchorPoint":{"pointX":0.5,"pointY":0.5}},"texture":"F37971E0C26719E1ADF468122F777128"},{"animations":[{"timeOffset":0,"from":{"scalar":false},"beginTime":0,"repeatCount":0,"fillMode":"both","property":"hidden","autoreverses":false,"duration":0.01,"to":{"scalar":true}}],"layers":[],"texturedRectangle":{"isBackgroundTexture":false,"singleTextureOpacity":1,"textureType":0,"textBaseline":0,"textXHeight":0,"isVerticalText":false},"initialState":{"affineTransform":[1,0,0,1,0,0],"masksToBounds":false,"rotation":0,"scale":1,"position":{"pointX":512,"pointY":384},"width":1024,"sublayerTransform":[1,0,0,0,0,1,0,0,0,0,1,0,0,0,0,1],"contentsRect":{"y":0,"x":0,"width":1,"height":1},"opacity":1,"edgeAntialiasingMask":0,"height":768,"hidden":false,"anchorPoint":{"pointX":0.5,"pointY":0.5}},"texture":"1FE91D98CF00D04535CAE5D02EBED6BD"}]}]},"effects":[],"duration":0.01,"type":"transition","attributes":{"direction":0},"name":"none","objectID":"0"}],"automaticPlay":false,"hyperlinks":[{"url":"http:\/\/GitHub.com\/scifiltr","targetRectangle":{"y":285.86000606536868,"x":997.00002217292786,"width":17.564895629882812,"height":135.49499999999995}}],"accessibility":[{"text":"blue\/cold = nitrogen cycle\\u2028yellow\/warm = temperate climate\\u2028green\/tepid= atmospheric oxygen\\u2028orange\/hot = spotlight","targetRectangle":{"y":684.2893533706665,"x":113.01506805419922,"width":232.12,"height":67.593902587890625}},{"text":"Unions","targetRectangle":{"y":615.25323486328125,"x":306.10109459203767,"width":46.22399999999999,"height":14.65191650390625}},{"text":"contri-bution margins","targetRectangle":{"y":417.48974609375,"x":837.44328868825085,"width":60.671000000000049,"height":47.622909545898438}},{"text":"gainfully bio-graphy","targetRectangle":{"y":599.79229736328125,"x":386.52158199188534,"width":68.447999999999979,"height":44.65191650390625}},{"text":"Common Owner-ship","targetRectangle":{"y":509.75445556640625,"x":750.45926119110413,"width":60.240000000000009,"height":44.65191650390625}},{"text":"Petting Zoo","targetRectangle":{"y":509.26226806640625,"x":299.62843194031427,"width":64.349999999999966,"height":45.477874755859375}},{"text":"MOVER","targetRectangle":{"y":588.13201862573624,"x":785.88092041015625,"width":58.960000000000036,"height":18.535888671875}},{"text":"military ","targetRectangle":{"y":217.953125,"x":838.86438784470738,"width":62.139999999999986,"height":15.622909545898438}},{"text":"inter-ventions","targetRectangle":{"y":233.953125,"x":835.63784972340716,"width":64.532000000000039,"height":31.622909545898438}},{"text":"end of supply chain","targetRectangle":{"y":509.32476806640625,"x":396.3580687510094,"width":49.115999999999985,"height":44.65191650390625}},{"text":"digital Transformation","targetRectangle":{"y":509.32476806640625,"x":568.39807094827506,"width":64.692000000000007,"height":44.65191650390625}},{"text":"Cash Farm","targetRectangle":{"y":218.30369567871094,"x":307.82483147631581,"width":47.834062136907448,"height":45.477874755859375}},{"text":"OPPOSER","targetRectangle":{"y":728.09741169214249,"x":774.48699951171875,"width":78.543999999999983,"height":18.535888671875}},{"text":"veto rights","targetRectangle":{"y":515.5,"x":843.85698978479309,"width":48.152000000000044,"height":31.622909545898438}},{"text":"global warnings","targetRectangle":{"y":426.34912109375,"x":296.80755278753736,"width":65.02800000000002,"height":29.65191650390625}},{"text":"Morality and Failure","targetRectangle":{"y":509.75445556640625,"x":207.7738190524322,"width":64.692000000000007,"height":44.65191650390625}},{"text":"LOW | LOW","targetRectangle":{"y":392.17129487914974,"x":376.17603120703677,"width":117.49440411639944,"height":73.48535492648125}},{"text":"Jurassic Park","targetRectangle":{"y":509.26226806640625,"x":655.20027080750174,"width":74.375999999999976,"height":45.477874755859375}},{"text":"patent trolls","targetRectangle":{"y":135.828125,"x":842.89087485857306,"width":52.628746303223693,"height":31.622909545898438}},{"text":"BYSTANDER","targetRectangle":{"y":658.35699421167374,"x":657.6844482421875,"width":97.216000000000008,"height":18.535888671875}},{"text":"sanc-tions or customs","targetRectangle":{"y":304.77777099609375,"x":835.41064595582941,"width":66.902533279415024,"height":47.622909545898438}},{"text":"rescues the statistics","targetRectangle":{"y":219.26081848144531,"x":206.34091826982342,"width":65.807999999999993,"height":44.65191650390625}},{"text":"protec-tionism","targetRectangle":{"y":136.38041687011719,"x":302.35932479433166,"width":53.579999999999984,"height":29.65191650390625}},{"text":"S\\u2028Strengths","targetRectangle":{"y":127.06791687011719,"x":390.15786446168886,"width":58.031999999999982,"height":47.622909545898438}},{"text":"HIGH | LOW","targetRectangle":{"y":391.22758830068278,"x":526.30516903654836,"width":121.54197469330518,"height":75.372768083415167}},{"text":"political correct-ness","targetRectangle":{"y":304.625,"x":116.0242534420364,"width":70.110068593891597,"height":47.622909545898438}},{"text":"FOLLOWER","targetRectangle":{"y":658.35699421167374,"x":874.36724853515625,"width":90.384000000000015,"height":18.535888671875}},{"text":"capital stock","targetRectangle":{"y":516.8125,"x":124.86235403017149,"width":52.248000000000005,"height":29.65191650390625}},{"text":"Multiple mandates","targetRectangle":{"y":226.8125,"x":566.42875591253733,"width":65.352000000000089,"height":29.65191650390625}},{"text":"legal loop-holes","targetRectangle":{"y":128.56791687011719,"x":219.25500705804447,"width":42.689511709709137,"height":44.65191650390625}},{"text":"O\\u2028Options","targetRectangle":{"y":127.5,"x":755.15088619020446,"width":47.202999999999975,"height":47.622909545898438}},{"text":"HIGH | HIGH","targetRectangle":{"y":297.28388172221577,"x":524.12846063013114,"width":125.58954527021081,"height":77.260181240349141}},{"text":"alibi debates and excuses","targetRectangle":{"y":119.5,"x":119.02502662529365,"width":62.937534967062916,"height":63.622909545898438}},{"text":"MARKET GROWTH","targetRectangle":{"y":332.61674999999997,"x":41.894989013671868,"width":22.477874755859382,"height":160.70400000000001}},{"text":"voting is the hardest job","targetRectangle":{"y":591.5,"x":119.64678904929926,"width":62.460000000000008,"height":59.65191650390625}},{"text":"political struggle for survival","targetRectangle":{"y":684.04583740234375,"x":568.36055533221304,"width":68.004000000000019,"height":59.65191650390625}},{"text":"conflicts of interests","targetRectangle":{"y":129.4296875,"x":656.19800142547911,"width":70.67999999999995,"height":44.65191650390625}},{"text":"T\\u2028Threats","targetRectangle":{"y":417.5,"x":756.22988619020441,"width":45.045000000000073,"height":47.622909545898438}},{"text":"BLENDER","targetRectangle":{"y":699.16381794214249,"x":696.86492919921875,"width":76.751999999999953,"height":18.535888671875}},{"text":"T\\u2028Team or Techniques","targetRectangle":{"y":409.5,"x":655.80379737724672,"width":68.158999999999992,"height":63.622909545898438}},{"text":"© 2019-10-20 by Jens T. Hinrichs\/MathDIY – GitHub.com\/scifiltr","targetRectangle":{"y":285.86000606536868,"x":997.00002217292786,"width":17.564895629882812,"height":452.27999999999997}},{"text":"Shark Tank","targetRectangle":{"y":218.9375,"x":665.88327080750173,"width":53.009999999999991,"height":45.477874755859375}},{"text":"Py = aPx + b","targetRectangle":{"y":367.45831283638302,"x":440.19831418502332,"width":143.59800053620341,"height":31.245819259937889}},{"text":"beyond inno-vation","targetRectangle":{"y":217.953125,"x":122.29496712937538,"width":58.031999999999982,"height":47.622909545898438}},{"text":"world trade","targetRectangle":{"y":313.77777099609375,"x":216.71561352051583,"width":47.783999999999992,"height":29.65191650390625}},{"text":"startups","targetRectangle":{"y":322.16839599609375,"x":659.00596397680329,"width":61.583999999999946,"height":14.65191650390625}},{"text":"A\\u2028Actions \\u2028to be taken","targetRectangle":{"y":209.30369567871094,"x":385.51353541435617,"width":67.664999999999964,"height":63.622909545898438}},{"text":"INFLUENCER","targetRectangle":{"y":616.98321491479874,"x":849.85382080078125,"width":103.40800000000002,"height":18.535888671875}},{"text":"proud and pre-judices","targetRectangle":{"y":690.99896240234375,"x":390.31891128030628,"width":57.348000000000013,"height":44.65191650390625}},{"text":"LOW | HIGH","targetRectangle":{"y":298.22758830068278,"x":374.30516903654842,"width":121.54197469330512,"height":75.372768083415167}},{"text":"globali-zation + pacifica-tion","targetRectangle":{"y":299.32464599609375,"x":299.81557599174403,"width":59.287369721328389,"height":59.65191650390625}},{"text":"fundS + financial locusts","targetRectangle":{"y":129.8125,"x":567.71086995600308,"width":66.012000000000057,"height":44.65191650390625}},{"text":"W\\u2028Willingness to change","targetRectangle":{"y":209.5,"x":744.85397806604306,"width":71.773000000000025,"height":63.622909545898438}},{"text":"LOBBYIST","targetRectangle":{"y":619.94567829370499,"x":696.86492919921875,"width":80.015999999999963,"height":18.535888671875}},{"text":"Two Faces Paradoxon: People of Interests vs. Points of Intersection – a Battle of the Players","targetRectangle":{"y":25,"x":38.705168505859547,"width":938.53759999999966,"height":27.359362792968753}},{"text":"exploi-tation","targetRectangle":{"y":606.8125,"x":577.01693441347231,"width":47.351999999999975,"height":29.65191650390625}},{"text":"welfare and life quality","targetRectangle":{"y":419.4296875,"x":209.95558199188534,"width":59.580000000000013,"height":44.65191650390625}},{"text":"W\\u2028Weakness","targetRectangle":{"y":597.86260986328125,"x":207.46344405153258,"width":61.658999999999992,"height":47.622909545898438}},{"text":"ACTIVIST","targetRectangle":{"y":699.49340778589249,"x":849.8538818359375,"width":72.271999999999935,"height":18.535888671875}},{"text":"MARKET SHARE","targetRectangle":{"y":70.162124633789062,"x":441.64699999999999,"width":140.70600000000007,"height":22.477874755859375}},{"text":"private saving and pre-caution","targetRectangle":{"y":411.58349609375,"x":120.76460522758384,"width":57.348000000000013,"height":59.65191650390625}},{"text":"S\\u2028Skills","targetRectangle":{"y":304.77777099609375,"x":762.97688619020448,"width":31.550999999999931,"height":47.622909545898438}}],"baseLayer":{"animations":[],"initialState":{"affineTransform":[1,0,0,1,0,0],"masksToBounds":false,"rotation":0,"scale":1,"position":{"pointX":512,"pointY":384},"width":1024,"sublayerTransform":[1,0,0,0,0,1,0,0,0,0,1,0,0,0,0,1],"contentsRect":{"y":0,"x":0,"width":1,"height":1},"opacity":1,"edgeAntialiasingMask":251658240,"height":768,"hidden":false,"anchorPoint":{"pointX":0.5,"pointY":0.5}},"objectID":"0","layers":[{"animations":[],"initialState":{"affineTransform":[1,0,0,1,0,0],"masksToBounds":false,"rotation":0,"scale":1,"position":{"pointX":512,"pointY":384},"width":1024,"sublayerTransform":[1,0,0,0,0,1,0,0,0,0,1,-0.00049229876906403734,0,0,0,1],"contentsRect":{"y":0,"x":0,"width":1,"height":1},"opacity":1,"edgeAntialiasingMask":251658240,"height":768,"hidden":false,"anchorPoint":{"pointX":0.5,"pointY":0.5}},"layers":[{"animations":[],"layers":[],"texturedRectangle":{"isBackgroundTexture":false,"singleTextureOpacity":1,"textureType":0,"textBaseline":0,"textXHeight":0,"isVerticalText":false},"initialState":{"affineTransform":[1,0,0,1,0,0],"masksToBounds":false,"rotation":0,"scale":1,"position":{"pointX":512,"pointY":384},"width":1024,"sublayerTransform":[1,0,0,0,0,1,0,0,0,0,1,0,0,0,0,1],"contentsRect":{"y":0,"x":0,"width":1,"height":1},"opacity":1,"edgeAntialiasingMask":0,"height":768,"hidden":false,"anchorPoint":{"pointX":0.5,"pointY":0.5}},"texture":"1FE91D98CF00D04535CAE5D02EBED6BD"}]}]}}]}