{"assets":{"6F5934745C8A12409285DED1008490D5":{"type":"texture","index":1,"assetRequest":{"type":"slide","state":"contents","slide":"none"},"url":{"native":"assets\/13B20704-C48B-44E7-8A85-321369F7CBC9.pdf"},"width":1024,"height":768},"F0C4B18BCD9001B8EB6F363EBDDA764B":{"type":"texture","index":0,"assetRequest":{"type":"slide","state":"contents","slide":"none"},"url":{"native":"assets\/13B20704-C48B-44E7-8A85-321369F7CBC9.pdf"},"width":1024,"height":768}},"events":[{"effects":[{"beginTime":0,"baseLayer":{"animations":[],"initialState":{"affineTransform":[1,0,0,1,0,0],"masksToBounds":false,"rotation":0,"scale":1,"position":{"pointX":512,"pointY":384},"width":1024,"sublayerTransform":[1,0,0,0,0,1,0,0,0,0,1,0,0,0,0,1],"contentsRect":{"y":0,"x":0,"width":1,"height":1},"opacity":1,"edgeAntialiasingMask":251658240,"height":768,"hidden":false,"anchorPoint":{"pointX":0.5,"pointY":0.5}},"objectID":"0","layers":[{"animations":[],"initialState":{"affineTransform":[1,0,0,1,0,0],"masksToBounds":false,"rotation":0,"scale":1,"position":{"pointX":512,"pointY":384},"width":1024,"sublayerTransform":[1,0,0,0,0,1,0,0,0,0,1,-0.00049229876906403734,0,0,0,1],"contentsRect":{"y":0,"x":0,"width":1,"height":1},"opacity":1,"edgeAntialiasingMask":251658240,"height":768,"hidden":false,"anchorPoint":{"pointX":0.5,"pointY":0.5}},"layers":[{"animations":[],"layers":[],"texturedRectangle":{"isBackgroundTexture":false,"singleTextureOpacity":1,"textureType":0,"textBaseline":0,"textXHeight":0,"isVerticalText":false},"initialState":{"affineTransform":[1,0,0,1,0,0],"masksToBounds":false,"rotation":0,"scale":1,"position":{"pointX":512,"pointY":384},"width":1024,"sublayerTransform":[1,0,0,0,0,1,0,0,0,0,1,0,0,0,0,1],"contentsRect":{"y":0,"x":0,"width":1,"height":1},"opacity":1,"edgeAntialiasingMask":0,"height":768,"hidden":false,"anchorPoint":{"pointX":0.5,"pointY":0.5}},"texture":"6F5934745C8A12409285DED1008490D5"},{"animations":[{"timeOffset":0,"from":{"scalar":false},"beginTime":0,"repeatCount":0,"fillMode":"both","property":"hidden","autoreverses":false,"duration":0.01,"to":{"scalar":true}}],"layers":[],"texturedRectangle":{"isBackgroundTexture":false,"singleTextureOpacity":1,"textureType":0,"textBaseline":0,"textXHeight":0,"isVerticalText":false},"initialState":{"affineTransform":[1,0,0,1,0,0],"masksToBounds":false,"rotation":0,"scale":1,"position":{"pointX":512,"pointY":384},"width":1024,"sublayerTransform":[1,0,0,0,0,1,0,0,0,0,1,0,0,0,0,1],"contentsRect":{"y":0,"x":0,"width":1,"height":1},"opacity":1,"edgeAntialiasingMask":0,"height":768,"hidden":false,"anchorPoint":{"pointX":0.5,"pointY":0.5}},"texture":"F0C4B18BCD9001B8EB6F363EBDDA764B"}]}]},"effects":[],"duration":0.01,"type":"transition","attributes":{"direction":0},"name":"none","objectID":"0"}],"automaticPlay":false,"hyperlinks":[{"url":"http:\/\/GitHub.com\/scifiltr","targetRectangle":{"y":285.86000606536868,"x":997.00002217292786,"width":17.564895629882812,"height":135.49499999999995}}],"accessibility":[{"text":"OUTPUT","targetRectangle":{"y":542.1614990234375,"x":387.15101966868463,"width":32.456000000000017,"height":9.7679443359375}},{"text":"z","targetRectangle":{"y":321.5,"x":561.44551558895841,"width":8,"height":18.535888671875}},{"text":"-z","targetRectangle":{"y":431,"x":451.67453222453116,"width":14.224000000000046,"height":18.535888671875}},{"text":"x<0","targetRectangle":{"y":311,"x":607.49028171641794,"width":27.087999999999965,"height":18.535888671875}},{"text":"y>0","targetRectangle":{"y":330,"x":607.6275361462325,"width":26.799999999999955,"height":18.535888671875}},{"text":"z","targetRectangle":{"y":321.5,"x":885.69551558895841,"width":8,"height":18.535888671875}},{"text":"x<0","targetRectangle":{"y":311,"x":283.15095676524601,"width":27.088000000000022,"height":18.535888671875}},{"text":"y>0","targetRectangle":{"y":330,"x":283.28821119506063,"width":26.800000000000011,"height":18.535888671875}},{"text":"x>0","targetRectangle":{"y":420,"x":714.99028171641794,"width":27.087999999999965,"height":18.535888671875}},{"text":"y<0","targetRectangle":{"y":439,"x":715.1275361462325,"width":26.799999999999955,"height":18.535888671875}},{"text":"balanced score criteria","targetRectangle":{"y":693.53259295225143,"x":451.8446044921875,"width":162.67200000000003,"height":17.552001953125}},{"text":"-x","targetRectangle":{"y":376,"x":775.6285017069531,"width":14.815999999999917,"height":18.535888671875}},{"text":"balanced score compass","targetRectangle":{"y":676.74469012022018,"x":452.34527587890625,"width":179.60000000000002,"height":17.552001953125}},{"text":"x>0","targetRectangle":{"y":420,"x":390.65095676524601,"width":27.088000000000022,"height":18.535888671875}},{"text":"y<0","targetRectangle":{"y":439,"x":390.78821119506063,"width":26.800000000000011,"height":18.535888671875}},{"text":"-x","targetRectangle":{"y":375.5,"x":289.37853222453117,"width":14.816000000000031,"height":18.535888671875}},{"text":"z","targetRectangle":{"y":159,"x":399.44551558895841,"width":8,"height":18.535888671875}},{"text":"x","targetRectangle":{"y":376,"x":886.23887105770848,"width":8.5919999999999845,"height":18.535888671875}},{"text":"z","targetRectangle":{"y":321,"x":399.44548507138029,"width":8,"height":18.535888671875}},{"text":"-z","targetRectangle":{"y":430.5,"x":289.67453222453116,"width":14.224000000000046,"height":18.535888671875}},{"text":"TECHNO-LOGY","targetRectangle":{"y":482.30575561523438,"x":168.88433108113168,"width":36.304000000000002,"height":19.7679443359375}},{"text":"PIONEERS","targetRectangle":{"y":163.38388061523438,"x":168.13457258318709,"width":40.311999999999983,"height":9.7679443359375}},{"text":"x","targetRectangle":{"y":375.5,"x":399.9888405401303,"width":8.5920000000000414,"height":18.535888671875}},{"text":"CRAFTS","targetRectangle":{"y":594.84832763671875,"x":171.33349525462214,"width":31.415999999999997,"height":9.7679443359375}},{"text":"PATENT TROLLS","targetRectangle":{"y":265.62960815429688,"x":172.88497544219442,"width":32.451389006549192,"height":19.7679443359375}},{"text":"+","targetRectangle":{"y":594.7098388671875,"x":724.76418474578134,"width":4.8000000000000682,"height":9.7679443359375}},{"text":"+","targetRectangle":{"y":487.87039184570312,"x":131.06738451384774,"width":4.8000000000000114,"height":9.7679443359375}},{"text":"+","targetRectangle":{"y":163.87039184570312,"x":132.31918505095712,"width":4.8000000000000114,"height":9.7679443359375}},{"text":"+","targetRectangle":{"y":163.87042236328125,"x":562.85122087859384,"width":4.8000000000000682,"height":9.7679443359375}},{"text":"GLOBA-LIZATION (OPEN-MINDED)","targetRectangle":{"y":529.04010009765625,"x":711.72762252821587,"width":32.816000000000031,"height":35.796951293945312}},{"text":"+","targetRectangle":{"y":594.7098388671875,"x":131.06738451384774,"width":4.8000000000000114,"height":9.7679443359375}},{"text":"+","targetRectangle":{"y":272.20986938476562,"x":132.91990607444887,"width":3.5999999999999943,"height":6.825958251953125}},{"text":"+","targetRectangle":{"y":270.7098388671875,"x":562.85122087859384,"width":4.8000000000000682,"height":9.7679443359375}},{"text":"MAIN-STREAM","targetRectangle":{"y":428.12960815429688,"x":171.77074432866945,"width":33.048000000000002,"height":19.7679443359375}},{"text":"y","targetRectangle":{"y":321,"x":346.6328405401303,"width":8.3040000000000305,"height":18.535888671875}},{"text":"+","targetRectangle":{"y":487.87039184570312,"x":237.56377581023446,"width":4.8000000000000114,"height":9.7679443359375}},{"text":"+","targetRectangle":{"y":165.37039184570312,"x":239.41629737083559,"width":3.5999999999999943,"height":6.825958251953125}},{"text":"MathDIY presents: The Interaction Law in competing ecosystems using a Balanced Score Cube (6\/7)","targetRectangle":{"y":28.075897216796875,"x":62.829999999999927,"width":898.34000000000015,"height":23.44000244140625}},{"text":"HOUSE-HOLDS","targetRectangle":{"y":212.79010009765625,"x":549.76505780811863,"width":30.967999999999961,"height":19.7679443359375}},{"text":"+","targetRectangle":{"y":326.87039184570312,"x":132.31733873748055,"width":4.8000000000000114,"height":9.7679443359375}},{"text":"+","targetRectangle":{"y":433.70986938476562,"x":238.81373003386727,"width":4.8000000000000114,"height":9.7679443359375}},{"text":"-y","targetRectangle":{"y":430.5,"x":343.52253222453118,"width":14.52800000000002,"height":18.535888671875}},{"text":"+","targetRectangle":{"y":594.7098388671875,"x":237.56377581023446,"width":4.8000000000000114,"height":9.7679443359375}},{"text":"+","targetRectangle":{"y":270.70986938476562,"x":238.81557634734384,"width":4.8000000000000114,"height":9.7679443359375}},{"text":"x<0","targetRectangle":{"y":311.5,"x":769.40092624766794,"width":27.087999999999965,"height":18.535888671875}},{"text":"y>0","targetRectangle":{"y":330.5,"x":769.5381806774825,"width":26.799999999999955,"height":18.535888671875}},{"text":"+","targetRectangle":{"y":433.70986938476562,"x":132.31733873748055,"width":4.8000000000000114,"height":9.7679443359375}},{"text":"ARGU-MENTS","targetRectangle":{"y":375.29013061523438,"x":227.29179315679445,"width":27.855999999999995,"height":19.7679443359375}},{"text":"FREE-DOM OF SPEECH","targetRectangle":{"y":316.29013061523438,"x":172.22259232915357,"width":34.298088876588707,"height":29.7679443359375}},{"text":"STATE","targetRectangle":{"y":217.29010009765625,"x":446.96685247039073,"width":23.575999999999965,"height":9.7679443359375}},{"text":"ETHICS","targetRectangle":{"y":541.63385009765625,"x":225.59194104478468,"width":28.744,"height":9.7679443359375}},{"text":"LICEN-CING","targetRectangle":{"y":212.29013061523438,"x":227.95317293570469,"width":26.519999999999982,"height":19.7679443359375}},{"text":"x>0","targetRectangle":{"y":420.5,"x":876.90098728282419,"width":27.087999999999965,"height":18.535888671875}},{"text":"y<0","targetRectangle":{"y":439.5,"x":877.03824171263875,"width":26.799999999999955,"height":18.535888671875}},{"text":"PRIVACY PROTEC-TION","targetRectangle":{"y":154.50448608398438,"x":656.3792185349314,"width":37.011041091184666,"height":29.7679443359375}},{"text":"PATENTS","targetRectangle":{"y":218.00888061523438,"x":117.30595332346978,"width":34.832000000000008,"height":9.7679443359375}},{"text":"DATA RETEN-TION","targetRectangle":{"y":261.17202758789062,"x":659.5671359176564,"width":29.343999999999937,"height":29.7679443359375}},{"text":" + unknown sidekick (placeholder)","targetRectangle":{"y":692.85076922178268,"x":675.1910400390625,"width":243.12000000000012,"height":17.552001953125}},{"text":"DIAG-NOSTIC \/ EVALUA-TION","targetRectangle":{"y":150.41287231445312,"x":603.25362274952488,"width":37.048000000000002,"height":39.7679443359375}},{"text":"+","targetRectangle":{"y":326.87039184570312,"x":238.81373003386727,"width":4.8000000000000114,"height":9.7679443359375}},{"text":"(UNDER)","targetRectangle":{"y":260.30145263671875,"x":822.00764585658487,"width":32.447999999999979,"height":9.7679443359375}},{"text":"DEVELO-PED AREA","targetRectangle":{"y":270.30145263671875,"x":818.42183589029355,"width":39.719999999999914,"height":19.7679443359375}},{"text":"y","targetRectangle":{"y":321.5,"x":832.88287105770848,"width":8.3039999999999736,"height":18.535888671875}},{"text":"red\/hotspot","targetRectangle":{"y":675.74469012022018,"x":274.4705810546875,"width":83.279999999999973,"height":17.552001953125}},{"text":"y","targetRectangle":{"y":483,"x":832.80254879208348,"width":8.3039999999999736,"height":18.535888671875}},{"text":"ANALYSIS \/ PROFILING","targetRectangle":{"y":267.87728881835938,"x":601.86742317597975,"width":39.543000000000006,"height":17.796951293945312}},{"text":"-y","targetRectangle":{"y":431,"x":829.77256274210936,"width":14.527999999999906,"height":18.535888671875}},{"text":"NATIONA-LISM (LOCKED)","targetRectangle":{"y":532.91510009765625,"x":604.19276010550448,"width":32.942000000000007,"height":26.796951293945312}},{"text":"SYM-PATHY","targetRectangle":{"y":375.29013061523438,"x":122.19940186040773,"width":25.048000000000002,"height":19.7679443359375}},{"text":"-y","targetRectangle":{"y":592.5,"x":829.69224047648436,"width":14.527999999999906,"height":18.535888671875}},{"text":"STATIS-TICAL SURVEY","targetRectangle":{"y":155.56912231445312,"x":711.36114510953303,"width":31.559999999999945,"height":29.7679443359375}},{"text":"+","targetRectangle":{"y":270.7098388671875,"x":456.35485247039071,"width":4.8000000000000114,"height":9.7679443359375}},{"text":"-z","targetRectangle":{"y":431,"x":775.92450170695304,"width":14.224000000000046,"height":18.535888671875}},{"text":"ENTER-PRISE","targetRectangle":{"y":158.7901611328125,"x":497.65203949757171,"width":29.343999999999994,"height":19.7679443359375}},{"text":"-z","targetRectangle":{"y":592.5,"x":775.84417944132804,"width":14.224000000000046,"height":18.535888671875}},{"text":"SURVEIL-LANCE \/ SECURITY","targetRectangle":{"y":261.92416381835938,"x":707.39343745279348,"width":39.560000000000059,"height":29.7679443359375}},{"text":"FOREIGN TRADE","targetRectangle":{"y":265.14520263671875,"x":494.53980666706917,"width":37.791999999999973,"height":19.7679443359375}},{"text":"x<0","targetRectangle":{"y":473,"x":769.32060398204294,"width":27.087999999999965,"height":18.535888671875}},{"text":"y>0","targetRectangle":{"y":492,"x":769.4578584118575,"width":26.799999999999955,"height":18.535888671875}},{"text":"IDENTITY","targetRectangle":{"y":218.42630004882812,"x":709.30816877459336,"width":35.711999999999989,"height":9.7679443359375}},{"text":"z","targetRectangle":{"y":321,"x":723.78481002255216,"width":8,"height":18.535888671875}},{"text":"+","targetRectangle":{"y":163.87042236328125,"x":782.30117205046884,"width":4.8000000000000682,"height":9.7679443359375}},{"text":"yellow\/warm","targetRectangle":{"y":693.13555926084518,"x":127.20818328857422,"width":90.031999999999982,"height":17.552001953125}},{"text":"+","targetRectangle":{"y":163.87042236328125,"x":456.35485247039071,"width":4.8000000000000114,"height":9.7679443359375}},{"text":"x>0","targetRectangle":{"y":582,"x":876.82066501719919,"width":27.087999999999965,"height":18.535888671875}},{"text":"y<0","targetRectangle":{"y":601,"x":876.95791944701375,"width":26.799999999999955,"height":18.535888671875}},{"text":"ENTITY","targetRectangle":{"y":218.67630004882812,"x":606.81195105455026,"width":27.711999999999989,"height":9.7679443359375}},{"text":"-x","targetRectangle":{"y":375.5,"x":613.7178571757031,"width":14.815999999999917,"height":18.535888671875}},{"text":"-x","targetRectangle":{"y":213.5,"x":289.37853222453117,"width":14.816000000000031,"height":18.535888671875}},{"text":"+","targetRectangle":{"y":270.7098388671875,"x":782.30117205046884,"width":4.8000000000000682,"height":9.7679443359375}},{"text":"green\/tepid whereby x,y,z ≥ 0","targetRectangle":{"y":676.74469012022018,"x":699.40142822265625,"width":210.49600000000009,"height":17.552001953125}},{"text":"z","targetRectangle":{"y":483,"x":885.61519332333341,"width":8,"height":18.535888671875}},{"text":"x","targetRectangle":{"y":375.5,"x":724.32816549130223,"width":8.5919999999999845,"height":18.535888671875}},{"text":"HABITAT","targetRectangle":{"y":164.0089111328125,"x":822.11529042063773,"width":32.32000000000005,"height":9.7679443359375}},{"text":"x","targetRectangle":{"y":213.5,"x":399.9888405401303,"width":8.5920000000000414,"height":18.535888671875}},{"text":"+","targetRectangle":{"y":163.87042236328125,"x":888.79750994109384,"width":4.8000000000000682,"height":9.7679443359375}},{"text":"-x","targetRectangle":{"y":537.5,"x":775.5481794413281,"width":14.815999999999917,"height":18.535888671875}},{"text":"+","targetRectangle":{"y":270.7098388671875,"x":888.79750994109384,"width":4.8000000000000682,"height":9.7679443359375}},{"text":"x","targetRectangle":{"y":537.5,"x":886.15854879208348,"width":8.5919999999999845,"height":18.535888671875}},{"text":"BIODI-VERSITY","targetRectangle":{"y":212.29010009765625,"x":874.75557306402106,"width":32.895999999999958,"height":19.7679443359375}},{"text":"blue\/cold","targetRectangle":{"y":676.74469012022018,"x":126.40740203857422,"width":66.671999999999997,"height":17.552001953125}},{"text":"© 2019-12-02 by Jens T. Hinrichs\/MathDIY – GitHub.com\/scifiltr","targetRectangle":{"y":285.86000606536868,"x":997.00002217292786,"width":17.564895629882812,"height":452.27999999999997}},{"text":"FREE NATURE","targetRectangle":{"y":212.29010009765625,"x":768.92323517339605,"width":31.567999999999984,"height":19.7679443359375}},{"text":"OPEN COMPETI-TION","targetRectangle":{"y":585.62957763671875,"x":495.864117958039,"width":34.496000000000038,"height":26.796951293945312}},{"text":"orange\/spotlight","targetRectangle":{"y":692.13555926084518,"x":274.130126953125,"width":117.04000000000002,"height":17.552001953125}},{"text":"COMMON OWNER-SHIP","targetRectangle":{"y":477.74932861328125,"x":440.52282292829244,"width":40.159999999999968,"height":29.7679443359375}},{"text":"y","targetRectangle":{"y":159,"x":346.6328405401303,"width":8.3040000000000305,"height":18.535888671875}},{"text":"PUBLIC VALUE","targetRectangle":{"y":590.2098388671875,"x":444.8703644487436,"width":31.560000000000002,"height":19.7679443359375}},{"text":"-y","targetRectangle":{"y":268.5,"x":343.52253222453118,"width":14.52800000000002,"height":18.535888671875}},{"text":"CON-SENSUS","targetRectangle":{"y":482.87042236328125,"x":549.97098956792729,"width":32.144000000000005,"height":19.7679443359375}},{"text":"-z","targetRectangle":{"y":268.5,"x":289.67453222453116,"width":14.224000000000046,"height":18.535888671875}},{"text":"PUBLIC PARTICI-PATION","targetRectangle":{"y":585.3660888671875,"x":549.21564661750665,"width":33.686999657604929,"height":29.7679443359375}},{"text":"INPUT","targetRectangle":{"y":541.4427490234375,"x":284.95185247039075,"width":23.855999999999995,"height":9.7679443359375}},{"text":"MORAL","targetRectangle":{"y":541.63385009765625,"x":119.09154974839795,"width":28.751999999999995,"height":9.7679443359375}},{"text":"x<0","targetRectangle":{"y":149,"x":283.15095676524601,"width":27.088000000000022,"height":18.535888671875}},{"text":"y>0","targetRectangle":{"y":168,"x":283.28821119506063,"width":26.800000000000011,"height":18.535888671875}},{"text":"FREE WILL","targetRectangle":{"y":536.29010009765625,"x":555.80652303336092,"width":22.680000000000064,"height":19.7679443359375}},{"text":"IMPER-FECT MARKET","targetRectangle":{"y":477.9464111328125,"x":496.41689901578297,"width":33.344000000000051,"height":29.7679443359375}},{"text":"RETURN ON INVEST-MENT","targetRectangle":{"y":479.55215454101562,"x":331.1965241892583,"width":38.51400000000001,"height":26.796951293945312}},{"text":"x>0","targetRectangle":{"y":258,"x":390.65095676524601,"width":27.088000000000022,"height":18.535888671875}},{"text":"y<0","targetRectangle":{"y":277,"x":390.78821119506063,"width":26.800000000000011,"height":18.535888671875}},{"text":"SOCIAL ENGINE-ERING","targetRectangle":{"y":531.94635009765625,"x":443.02324769172543,"width":33.310999657604896,"height":29.7679443359375}},{"text":"ECONOMY OF SCALES","targetRectangle":{"y":590.4072265625,"x":331.1366146146471,"width":39.217225309379501,"height":17.796951293945312}},{"text":"FREE WORLD TRADE","targetRectangle":{"y":478.7901611328125,"x":661.2753762588203,"width":27.87399999999991,"height":26.796951293945312}},{"text":"x","targetRectangle":{"y":376,"x":561.98881002255223,"width":8.5919999999999845,"height":18.535888671875}},{"text":"+","targetRectangle":{"y":489.52304077148438,"x":295.08057349388247,"width":3.6000000000000227,"height":6.825958251953125}},{"text":"PROTEC-TIONISM","targetRectangle":{"y":591.09832763671875,"x":658.61017884935006,"width":31.254999999999995,"height":17.796951293945312}},{"text":"+","targetRectangle":{"y":594.86248779296875,"x":294.47985247039071,"width":4.8000000000000114,"height":9.7679443359375}},{"text":"+","targetRectangle":{"y":487.87042236328125,"x":618.26778582000009,"width":4.8000000000000682,"height":9.7679443359375}},{"text":"-x","targetRectangle":{"y":376,"x":451.37853222453117,"width":14.816000000000031,"height":18.535888671875}},{"text":"y","targetRectangle":{"y":321,"x":670.97216549130223,"width":8.3039999999999736,"height":18.535888671875}},{"text":"+","targetRectangle":{"y":488.02304077148438,"x":400.97625139617196,"width":4.8000000000000114,"height":9.7679443359375}},{"text":"+","targetRectangle":{"y":594.7098388671875,"x":618.26778582000009,"width":4.8000000000000682,"height":9.7679443359375}},{"text":"x<0","targetRectangle":{"y":311.5,"x":445.15095676524601,"width":27.088000000000022,"height":18.535888671875}},{"text":"y>0","targetRectangle":{"y":330.5,"x":445.28821119506063,"width":26.800000000000011,"height":18.535888671875}},{"text":"-y","targetRectangle":{"y":430.5,"x":667.86185717570311,"width":14.527999999999906,"height":18.535888671875}},{"text":"y","targetRectangle":{"y":321.5,"x":508.6328405401303,"width":8.3040000000000305,"height":18.535888671875}},{"text":"+","targetRectangle":{"y":596.36248779296875,"x":401.57697241966372,"width":3.6000000000000227,"height":6.825958251953125}},{"text":"+","targetRectangle":{"y":487.87042236328125,"x":724.76418474578134,"width":4.8000000000000682,"height":9.7679443359375}},{"text":"x>0","targetRectangle":{"y":420.5,"x":552.65092624766794,"width":27.087999999999965,"height":18.535888671875}},{"text":"y<0","targetRectangle":{"y":439.5,"x":552.7881806774825,"width":26.799999999999955,"height":18.535888671875}},{"text":"-y","targetRectangle":{"y":431,"x":505.52253222453118,"width":14.527999999999963,"height":18.535888671875}},{"text":"-z","targetRectangle":{"y":430.5,"x":614.01385717570304,"width":14.224000000000046,"height":18.535888671875}}],"baseLayer":{"animations":[],"initialState":{"affineTransform":[1,0,0,1,0,0],"masksToBounds":false,"rotation":0,"scale":1,"position":{"pointX":512,"pointY":384},"width":1024,"sublayerTransform":[1,0,0,0,0,1,0,0,0,0,1,0,0,0,0,1],"contentsRect":{"y":0,"x":0,"width":1,"height":1},"opacity":1,"edgeAntialiasingMask":251658240,"height":768,"hidden":false,"anchorPoint":{"pointX":0.5,"pointY":0.5}},"objectID":"0","layers":[{"animations":[],"initialState":{"affineTransform":[1,0,0,1,0,0],"masksToBounds":false,"rotation":0,"scale":1,"position":{"pointX":512,"pointY":384},"width":1024,"sublayerTransform":[1,0,0,0,0,1,0,0,0,0,1,-0.00049229876906403734,0,0,0,1],"contentsRect":{"y":0,"x":0,"width":1,"height":1},"opacity":1,"edgeAntialiasingMask":251658240,"height":768,"hidden":false,"anchorPoint":{"pointX":0.5,"pointY":0.5}},"layers":[{"animations":[],"layers":[],"texturedRectangle":{"isBackgroundTexture":false,"singleTextureOpacity":1,"textureType":0,"textBaseline":0,"textXHeight":0,"isVerticalText":false},"initialState":{"affineTransform":[1,0,0,1,0,0],"masksToBounds":false,"rotation":0,"scale":1,"position":{"pointX":512,"pointY":384},"width":1024,"sublayerTransform":[1,0,0,0,0,1,0,0,0,0,1,0,0,0,0,1],"contentsRect":{"y":0,"x":0,"width":1,"height":1},"opacity":1,"edgeAntialiasingMask":0,"height":768,"hidden":false,"anchorPoint":{"pointX":0.5,"pointY":0.5}},"texture":"F0C4B18BCD9001B8EB6F363EBDDA764B"}]}]}}]}