{"assets":{"DB8451458D98EFA7506DBEBC2B1323F0":{"type":"texture","index":1,"assetRequest":{"type":"slide","state":"contents","slide":"none"},"url":{"native":"assets\/5AAFD7CB-77CF-461F-855B-D03D0FC24C27.pdf"},"width":1024,"height":768},"15003ECF3003FFEB4B83200E9E437CF7":{"type":"texture","index":0,"assetRequest":{"type":"slide","state":"contents","slide":"none"},"url":{"native":"assets\/5AAFD7CB-77CF-461F-855B-D03D0FC24C27.pdf"},"width":1024,"height":768}},"events":[{"effects":[{"beginTime":0,"baseLayer":{"animations":[],"initialState":{"affineTransform":[1,0,0,1,0,0],"masksToBounds":false,"rotation":0,"scale":1,"position":{"pointX":512,"pointY":384},"width":1024,"sublayerTransform":[1,0,0,0,0,1,0,0,0,0,1,0,0,0,0,1],"contentsRect":{"y":0,"x":0,"width":1,"height":1},"opacity":1,"edgeAntialiasingMask":251658240,"height":768,"hidden":false,"anchorPoint":{"pointX":0.5,"pointY":0.5}},"objectID":"0","layers":[{"animations":[],"initialState":{"affineTransform":[1,0,0,1,0,0],"masksToBounds":false,"rotation":0,"scale":1,"position":{"pointX":512,"pointY":384},"width":1024,"sublayerTransform":[1,0,0,0,0,1,0,0,0,0,1,-0.00049229876906403734,0,0,0,1],"contentsRect":{"y":0,"x":0,"width":1,"height":1},"opacity":1,"edgeAntialiasingMask":251658240,"height":768,"hidden":false,"anchorPoint":{"pointX":0.5,"pointY":0.5}},"layers":[{"animations":[],"layers":[],"texturedRectangle":{"isBackgroundTexture":false,"singleTextureOpacity":1,"textureType":0,"textBaseline":0,"textXHeight":0,"isVerticalText":false},"initialState":{"affineTransform":[1,0,0,1,0,0],"masksToBounds":false,"rotation":0,"scale":1,"position":{"pointX":512,"pointY":384},"width":1024,"sublayerTransform":[1,0,0,0,0,1,0,0,0,0,1,0,0,0,0,1],"contentsRect":{"y":0,"x":0,"width":1,"height":1},"opacity":1,"edgeAntialiasingMask":0,"height":768,"hidden":false,"anchorPoint":{"pointX":0.5,"pointY":0.5}},"texture":"DB8451458D98EFA7506DBEBC2B1323F0"},{"animations":[{"additive":false,"timeOffset":0,"beginTime":0,"from":{"scalar":false},"repeatCount":0,"fillMode":"both","duration":0.01,"autoreverses":false,"property":"hidden","to":{"scalar":true},"removedOnCompletion":false}],"layers":[],"texturedRectangle":{"isBackgroundTexture":false,"singleTextureOpacity":1,"textureType":0,"textBaseline":0,"textXHeight":0,"isVerticalText":false},"initialState":{"affineTransform":[1,0,0,1,0,0],"masksToBounds":false,"rotation":0,"scale":1,"position":{"pointX":512,"pointY":384},"width":1024,"sublayerTransform":[1,0,0,0,0,1,0,0,0,0,1,0,0,0,0,1],"contentsRect":{"y":0,"x":0,"width":1,"height":1},"opacity":1,"edgeAntialiasingMask":0,"height":768,"hidden":false,"anchorPoint":{"pointX":0.5,"pointY":0.5}},"texture":"15003ECF3003FFEB4B83200E9E437CF7"}]}]},"effects":[],"duration":0.01,"type":"transition","attributes":{"direction":0},"name":"none","objectID":"0"}],"automaticPlay":false,"hyperlinks":[{"url":"http:\/\/GitHub.com\/scifiltr","targetRectangle":{"y":285.86000606536868,"x":997.00002217292786,"width":17.564895629882812,"height":135.49499999999995}}],"accessibility":[{"text":"12h","targetRectangle":{"y":588.62016269564629,"x":516,"width":23.870000000000005,"height":16.593902587890625}},{"text":"a2","targetRectangle":{"y":309.25750726461411,"x":591.00189018249512,"width":22.672000265121483,"height":28.30383316301959}},{"text":"180°","targetRectangle":{"y":560.99204990267754,"x":515.03860473632812,"width":28.951999999999998,"height":16.593902587890625}},{"text":"∟","targetRectangle":{"y":608.10381996631622,"x":412.88821482658386,"width":37.80029296875,"height":58.57275390625}},{"text":"A","targetRectangle":{"y":409.99438470602036,"x":380.84042406082153,"width":16.439999999999998,"height":28.3038330078125}},{"text":"Demand Coverage","targetRectangle":{"y":477.22254985570908,"x":850.909423828125,"width":124.19399999999996,"height":16.593902587890625}},{"text":"(a + b) x (a - b) = a² - b²","targetRectangle":{"y":718.46905475854874,"x":673.66659808158875,"width":172.76800000000003,"height":18.535888671875}},{"text":"360°","targetRectangle":{"y":201.35299655795097,"x":513.44342041015625,"width":28.951999999999998,"height":16.593902587890625}},{"text":"100°","targetRectangle":{"y":418.55802890658379,"x":336.49252319335938,"width":28.951999999999998,"height":16.593902587890625}},{"text":"T1","targetRectangle":{"y":377.31134033203125,"x":521.94035037112656,"width":15.418666843414258,"height":18.535888775346393}},{"text":"∡","targetRectangle":{"y":491.82299721240997,"x":803.17608624696732,"width":39.0380859375,"height":58.57275390625}},{"text":"B","targetRectangle":{"y":409.99438470602036,"x":659.55840826034546,"width":16.895999999999958,"height":28.3038330078125}},{"text":"c2","targetRectangle":{"y":433.77871698141098,"x":517.08343315124512,"width":22.672000265121483,"height":28.30383316301959}},{"text":"∡","targetRectangle":{"y":544.50958168506622,"x":296.16232281923294,"width":39.0380859375,"height":58.57275390625}},{"text":"INFLUENCE OF SOCIAL NETWORK (DENSITY)","targetRectangle":{"y":685.4954833984375,"x":309.8017332763672,"width":387.75599999999991,"height":22.477874755859375}},{"text":"(a+b)² = a² + 2ab + b²","targetRectangle":{"y":719.18426471948624,"x":273.90733814239502,"width":159.15200000000004,"height":18.535888671875}},{"text":"To Be Loved by Others","targetRectangle":{"y":444.46672034263611,"x":76.705429077148438,"width":172.208,"height":18.535888671875}},{"text":"& Belonging to a Social Group ","targetRectangle":{"y":463.46672034263611,"x":76.705429077148438,"width":233.70800000000003,"height":22.477874755859375}},{"text":"(x + y )n := n! : k! x (n-k)!   ","targetRectangle":{"y":741.15893512964249,"x":49.447645732879636,"width":187.05066694355011,"height":18.535888775346393}},{"text":"cos γ = 90°","targetRectangle":{"y":561.9230198264122,"x":850.89447021484375,"width":72.463999999999942,"height":16.593902587890625}},{"text":"≤ 360 °","targetRectangle":{"y":191.31028020381927,"x":785.05419921875,"width":54.807999999999993,"height":20.506881713867188}},{"text":"T3","targetRectangle":{"y":494.02777099609375,"x":298.02976687503275,"width":15.418666843414314,"height":18.535888775346393}},{"text":"Safety Reasons ","targetRectangle":{"y":534.82037323713303,"x":77.147674560546875,"width":123.27999999999997,"height":18.535888671875}},{"text":"& Privacy Protection ","targetRectangle":{"y":553.82037323713303,"x":77.147674560546875,"width":159.72800000000004,"height":18.535888671875}},{"text":"T0","targetRectangle":{"y":643.6759033203125,"x":404.9403503711265,"width":15.418666843414314,"height":18.535888775346393}},{"text":"Time Layer","targetRectangle":{"y":240.41172832250595,"x":850.77001953125,"width":73.864000000000033,"height":16.593902587890625}},{"text":"HIERARCHY OF INDIVIDUAL MOTIVATION (Intensity)","targetRectangle":{"y":154.42800000000011,"x":41.894989013671861,"width":22.477874755859403,"height":459.14399999999978}},{"text":"∟","targetRectangle":{"y":465.4189749956131,"x":645.58154368400574,"width":37.80029296875,"height":58.57275390625}},{"text":"π := a : b = (a + b) : a ","targetRectangle":{"y":741.15893512964249,"x":277.560279630661,"width":158.30400000000003,"height":18.535888671875}},{"text":"24h","targetRectangle":{"y":170.90882846713066,"x":515.936767578125,"width":23.870000000000005,"height":16.593902587890625}},{"text":"90°","targetRectangle":{"y":379.35554477572441,"x":338.08816528320312,"width":21.168000000000006,"height":16.593902587890625}},{"text":"Distance Angle","targetRectangle":{"y":516.19358867406845,"x":850.89447021484375,"width":100.82799999999997,"height":16.593902587890625}},{"text":"∡","targetRectangle":{"y":459.09582436084747,"x":355.61465436220169,"width":39.0380859375,"height":58.57275390625}},{"text":"60°","targetRectangle":{"y":301.40608188509941,"x":354.89242553710938,"width":21.168000000000006,"height":16.593902587890625}},{"text":"Phi Layer (π)","targetRectangle":{"y":286.34730571508408,"x":851.03851318359375,"width":83.734000000000037,"height":16.593902587890625}},{"text":"a2","targetRectangle":{"y":266.70039647515836,"x":649.31963070207064,"width":32.46273138998356,"height":33.560828344843742}},{"text":"Fundamental Basic & ","targetRectangle":{"y":621.23205536603928,"x":76.915679931640625,"width":166.19200000000001,"height":18.535888671875}},{"text":"Physiological Needs","targetRectangle":{"y":640.23205536603928,"x":76.915679931640625,"width":154.304,"height":18.535888671875}},{"text":"(a-b)² = a² - 2ab + b²","targetRectangle":{"y":719.18426471948624,"x":477.34097766876221,"width":152.976,"height":18.535888671875}},{"text":"Appreciation & Recognition","targetRectangle":{"y":365.23205536603928,"x":76.705429077148438,"width":209.12,"height":18.535888671875}},{"text":"of One’s Accomplishment","targetRectangle":{"y":384.23205536603928,"x":76.705429077148438,"width":195.48800000000006,"height":18.535888671875}},{"text":"© 2020-01-03 by Jens T. Hinrichs\/MathDIY – GitHub.com\/scifiltr","targetRectangle":{"y":285.86000606536868,"x":997.00002217292786,"width":17.564895629882812,"height":452.27999999999997}},{"text":"18h","targetRectangle":{"y":379.57017490267754,"x":303.246337890625,"width":23.870000000000005,"height":16.593902587890625}},{"text":"T2","targetRectangle":{"y":410.3580322265625,"x":521.18766482425156,"width":15.418666843414258,"height":18.535888775346393}},{"text":"∟","targetRectangle":{"y":375.10259926319122,"x":527.07550120353699,"width":37.80029296875,"height":58.57275390625}},{"text":"T5","targetRectangle":{"y":528.572998046875,"x":520.71238406253281,"width":15.418666843414258,"height":18.535888775346393}},{"text":"TEPID","targetRectangle":{"y":607.15943412273828,"x":801.28350507556604,"width":43.324636480864569,"height":49.004110362369488}},{"text":"Intersection Offer","targetRectangle":{"y":436.0476536154747,"x":851.0574951171875,"width":116.99800000000005,"height":16.593902587890625}},{"text":"C","targetRectangle":{"y":228.09410089254379,"x":519.52743369340897,"width":17.783999999999992,"height":28.3038330078125}},{"text":"Binomial Layer","targetRectangle":{"y":368.29072612524033,"x":851.2830810546875,"width":99.245999999999981,"height":16.593902587890625}},{"text":"Individual Structure","targetRectangle":{"y":402.32164043188095,"x":851.2830810546875,"width":130.14400000000001,"height":16.593902587890625}},{"text":"Euler Layer (ℇ)","targetRectangle":{"y":324.12768590450287,"x":851.2830810546875,"width":97.412000000000035,"height":21}},{"text":"T4","targetRectangle":{"y":334.58010864257812,"x":404.9403503711265,"width":15.418666843414314,"height":18.535888775346393}},{"text":"COLD","targetRectangle":{"y":524.59040336101953,"x":739.98748456775354,"width":42.275071080487351,"height":47.611290032847023}},{"text":"∡","targetRectangle":{"y":627.51074135303497,"x":230.48095685243607,"width":39.0380859375,"height":58.57275390625}},{"text":"Simple Psychology in MathDIY: Hierarchy of needs and its downsides using geometry (4\/4)\\u2028– The Law of Constant Intersections (The Squaring of the Circles 2) –","targetRectangle":{"y":28.075897216796875,"x":107.47999999999996,"width":816.03999999999996,"height":47.44000244140625}},{"text":"6h","targetRectangle":{"y":379.25541660189629,"x":729.96087646484375,"width":16.086000000000013,"height":16.593902587890625}},{"text":"c2 = a2 + b2 - 2ab x cos γ ","targetRectangle":{"y":719.89929157495499,"x":44.844977640151981,"width":187.36000053024293,"height":18.535888775346393}},{"text":"ℇ := 1 + 1\/1 + 1\/(1 x 2) + 1\/(1 x 2 x 3) + …   ","targetRectangle":{"y":741.15893590450287,"x":477.69420249176028,"width":312.94399999999996,"height":24}},{"text":"∟","targetRectangle":{"y":543.69531166553497,"x":807.26214671134949,"width":37.80029296875,"height":58.57275390625}},{"text":"∡","targetRectangle":{"y":373.60983192920685,"x":424.40127545595169,"width":39.0380859375,"height":58.57275390625}},{"text":"WARM","targetRectangle":{"y":438.5664470621914,"x":675.33587323962854,"width":45.943735461622282,"height":52.479772102095353}},{"text":"Room Layer","targetRectangle":{"y":194.31027263402939,"x":850.7769775390625,"width":80.878000000000043,"height":16.593902587890625}},{"text":"270°","targetRectangle":{"y":379.84931918978691,"x":693.96087646484375,"width":28.951999999999998,"height":16.593902587890625}},{"text":"b2","targetRectangle":{"y":266.4554577607355,"x":375.18746935398934,"width":33.112820695161986,"height":34.050705773689458}},{"text":"≤ 24 h","targetRectangle":{"y":238.45523869991302,"x":788.13970947265625,"width":48.637000000000057,"height":20.506881713867188}},{"text":"b2","targetRectangle":{"y":309.25750726461411,"x":440.55789071321487,"width":23.56000026512146,"height":28.30383316301959}},{"text":"∡","targetRectangle":{"y":629.51074135303497,"x":898.94000262022018,"width":39.0380859375,"height":58.57275390625}},{"text":"Self Optimization ","targetRectangle":{"y":275.78515756130219,"x":76.705429077148438,"width":135.03999999999999,"height":18.535888671875}},{"text":"& Actualization ","targetRectangle":{"y":294.78515756130219,"x":76.705429077148438,"width":119.072,"height":18.535888671875}},{"text":"One’s Potential","targetRectangle":{"y":313.78515756130219,"x":76.705429077148438,"width":115.24800000000002,"height":18.535888671875}},{"text":"‘‘There are a few number of different constrains that determines a large number of daily needs’’","targetRectangle":{"y":84.416778922080994,"x":259.15543041992191,"width":547.65599999999995,"height":57.3038330078125}}],"baseLayer":{"animations":[],"initialState":{"affineTransform":[1,0,0,1,0,0],"masksToBounds":false,"rotation":0,"scale":1,"position":{"pointX":512,"pointY":384},"width":1024,"sublayerTransform":[1,0,0,0,0,1,0,0,0,0,1,0,0,0,0,1],"contentsRect":{"y":0,"x":0,"width":1,"height":1},"opacity":1,"edgeAntialiasingMask":251658240,"height":768,"hidden":false,"anchorPoint":{"pointX":0.5,"pointY":0.5}},"objectID":"0","layers":[{"animations":[],"initialState":{"affineTransform":[1,0,0,1,0,0],"masksToBounds":false,"rotation":0,"scale":1,"position":{"pointX":512,"pointY":384},"width":1024,"sublayerTransform":[1,0,0,0,0,1,0,0,0,0,1,-0.00049229876906403734,0,0,0,1],"contentsRect":{"y":0,"x":0,"width":1,"height":1},"opacity":1,"edgeAntialiasingMask":251658240,"height":768,"hidden":false,"anchorPoint":{"pointX":0.5,"pointY":0.5}},"layers":[{"animations":[],"layers":[],"texturedRectangle":{"isBackgroundTexture":false,"singleTextureOpacity":1,"textureType":0,"textBaseline":0,"textXHeight":0,"isVerticalText":false},"initialState":{"affineTransform":[1,0,0,1,0,0],"masksToBounds":false,"rotation":0,"scale":1,"position":{"pointX":512,"pointY":384},"width":1024,"sublayerTransform":[1,0,0,0,0,1,0,0,0,0,1,0,0,0,0,1],"contentsRect":{"y":0,"x":0,"width":1,"height":1},"opacity":1,"edgeAntialiasingMask":0,"height":768,"hidden":false,"anchorPoint":{"pointX":0.5,"pointY":0.5}},"texture":"15003ECF3003FFEB4B83200E9E437CF7"}]}]}}]}