{"assets":{"D799E1AB81FC87BC5A8EC6D43E32F2A7":{"type":"texture","index":0,"assetRequest":{"type":"slide","state":"contents","slide":"none"},"url":{"native":"assets\/ED32BB63-B1C7-4861-B9C6-5C105C02FDD6.pdf"},"width":1024,"height":768},"1FE91D98CF00D04535CAE5D02EBED6BD":{"type":"texture","index":1,"assetRequest":{"type":"slide","state":"contents","slide":"none"},"url":{"native":"assets\/ED32BB63-B1C7-4861-B9C6-5C105C02FDD6.pdf"},"width":1024,"height":768}},"events":[{"effects":[{"beginTime":0,"baseLayer":{"animations":[],"initialState":{"affineTransform":[1,0,0,1,0,0],"masksToBounds":false,"rotation":0,"scale":1,"position":{"pointX":512,"pointY":384},"width":1024,"sublayerTransform":[1,0,0,0,0,1,0,0,0,0,1,0,0,0,0,1],"contentsRect":{"y":0,"x":0,"width":1,"height":1},"opacity":1,"edgeAntialiasingMask":251658240,"height":768,"hidden":false,"anchorPoint":{"pointX":0.5,"pointY":0.5}},"objectID":"0","layers":[{"animations":[],"initialState":{"affineTransform":[1,0,0,1,0,0],"masksToBounds":false,"rotation":0,"scale":1,"position":{"pointX":512,"pointY":384},"width":1024,"sublayerTransform":[1,0,0,0,0,1,0,0,0,0,1,-0.00049229876906403734,0,0,0,1],"contentsRect":{"y":0,"x":0,"width":1,"height":1},"opacity":1,"edgeAntialiasingMask":251658240,"height":768,"hidden":false,"anchorPoint":{"pointX":0.5,"pointY":0.5}},"layers":[{"animations":[],"layers":[],"texturedRectangle":{"isBackgroundTexture":false,"singleTextureOpacity":1,"textureType":0,"textBaseline":0,"textXHeight":0,"isVerticalText":false},"initialState":{"affineTransform":[1,0,0,1,0,0],"masksToBounds":false,"rotation":0,"scale":1,"position":{"pointX":512,"pointY":384},"width":1024,"sublayerTransform":[1,0,0,0,0,1,0,0,0,0,1,0,0,0,0,1],"contentsRect":{"y":0,"x":0,"width":1,"height":1},"opacity":1,"edgeAntialiasingMask":0,"height":768,"hidden":false,"anchorPoint":{"pointX":0.5,"pointY":0.5}},"texture":"1FE91D98CF00D04535CAE5D02EBED6BD"},{"animations":[{"timeOffset":0,"from":{"scalar":false},"beginTime":0,"repeatCount":0,"fillMode":"both","property":"hidden","autoreverses":false,"duration":0.01,"to":{"scalar":true}}],"layers":[],"texturedRectangle":{"isBackgroundTexture":false,"singleTextureOpacity":1,"textureType":0,"textBaseline":0,"textXHeight":0,"isVerticalText":false},"initialState":{"affineTransform":[1,0,0,1,0,0],"masksToBounds":false,"rotation":0,"scale":1,"position":{"pointX":512,"pointY":384},"width":1024,"sublayerTransform":[1,0,0,0,0,1,0,0,0,0,1,0,0,0,0,1],"contentsRect":{"y":0,"x":0,"width":1,"height":1},"opacity":1,"edgeAntialiasingMask":0,"height":768,"hidden":false,"anchorPoint":{"pointX":0.5,"pointY":0.5}},"texture":"D799E1AB81FC87BC5A8EC6D43E32F2A7"}]}]},"effects":[],"duration":0.01,"type":"transition","attributes":{"direction":0},"name":"none","objectID":"0"}],"automaticPlay":false,"hyperlinks":[{"url":"http:\/\/GitHub.com\/scifiltr","targetRectangle":{"y":281.86000606536868,"x":997.00002217292786,"width":17.564895629882812,"height":135.49499999999995}}],"accessibility":[{"text":"players","targetRectangle":{"y":650.671875,"x":895.98399980036982,"width":58.032000000000039,"height":15.622909545898438}},{"text":"project managing","targetRectangle":{"y":196.6015625,"x":192.49050000514725,"width":71.019000000000034,"height":31.622909545898438}},{"text":"PeST","targetRectangle":{"y":132.921875,"x":745.50299980036982,"width":32.994000000000028,"height":15.622909545898438}},{"text":"paradigm shift","targetRectangle":{"y":523.625,"x":79.686499787899692,"width":72.241000000000014,"height":31.622909545898438}},{"text":"public relations","targetRectangle":{"y":284.734375,"x":889.35400000405002,"width":71.291999999999916,"height":31.622909545898438}},{"text":"© 2019-10-20 by Jens T. Hinrichs\/MathDIY – GitHub.com\/scifiltr","targetRectangle":{"y":281.86000606536868,"x":997.00002217292786,"width":17.564895629882812,"height":452.27999999999997}},{"text":"participa-tion","targetRectangle":{"y":642.65625,"x":644.47099978712515,"width":71.057999999999993,"height":31.622909545898438}},{"text":"per-formance","targetRectangle":{"y":642.984375,"x":290.03450000611542,"width":73.93100000000004,"height":31.622909545898438}},{"text":"Persona ark","targetRectangle":{"y":403.65625,"x":44.979663910660292,"width":65.988,"height":31.622909545898438}},{"text":"Path of develop-ment","targetRectangle":{"y":117.640625,"x":861.61050002235379,"width":64.778999999999996,"height":47.622909545898438}},{"text":"public value","targetRectangle":{"y":523.734375,"x":727.16449978808043,"width":51.284999999999968,"height":31.622909545898438}},{"text":"Marketing Potpourri: From the marketing mix (4Ps) to the policy mix (7Ps + ∑Px)","targetRectangle":{"y":25,"x":45.665937988281371,"width":925.36599999999976,"height":31.272003173828125}},{"text":"PERFORM model","targetRectangle":{"y":214.52082824707031,"x":66.844499788209504,"width":67.924999999999983,"height":31.622909545898438}},{"text":"Price","targetRectangle":{"y":265.609375,"x":348.99299980026655,"width":42.013999999999953,"height":16.593902587890625}},{"text":"product","targetRectangle":{"y":202.578125,"x":477.76999980021486,"width":68.460000000000093,"height":16.593902587890625}},{"text":"process","targetRectangle":{"y":266,"x":617.54700006405835,"width":66.906000000000063,"height":16.593902587890625}},{"text":"Promo-tion","targetRectangle":{"y":519.5625,"x":390.81699963712936,"width":58.365999999999985,"height":33.593902587890625}},{"text":"product placement","targetRectangle":{"y":523.8125,"x":227.38900000340453,"width":79.222000000000037,"height":31.622909545898438}},{"text":"Physical evidence","targetRectangle":{"y":403,"x":645.38499999820658,"width":72.988999633009144,"height":33.593902587890625}},{"text":"people","targetRectangle":{"y":528.671875,"x":572.5039998003698,"width":54.991999999999962,"height":16.593902587890625}},{"text":"7Ps+∑Px\\u2028Potpourri","targetRectangle":{"y":362.6484375,"x":471.01499962184153,"width":83.741999429639463,"height":41.593902587890625}},{"text":"product life cycle","targetRectangle":{"y":125.5625,"x":593.28150000340452,"width":73.437000000000012,"height":31.622909545898438}},{"text":"place","targetRectangle":{"y":411.609375,"x":316.1799998002665,"width":45.640000000000043,"height":16.593902587890625}},{"text":"blue\/cold = nitrogen cycle\\u2028yellow\/warm = temperate climate\\u2028green\/tepid= atmospheric oxygen\\u2028orange\/hot = spotlight","targetRectangle":{"y":666.83787631988525,"x":23.44099235534668,"width":232.11999999999998,"height":67.593902587890625}},{"text":"partners","targetRectangle":{"y":266,"x":765.92049993608862,"width":68.158999999999878,"height":15.622909545898438}},{"text":"panels","targetRectangle":{"y":110.74024963378906,"x":133.41233581272908,"width":49.842000000000013,"height":15.622909545898438}},{"text":"pro-clamation","targetRectangle":{"y":523.484375,"x":837.43000000611539,"width":75.139999999999986,"height":31.622909545898438}},{"text":"political obstacles","targetRectangle":{"y":403.99609375,"x":855.94900000601865,"width":76.101999999999975,"height":31.622909545898438}},{"text":"personal develop-ment plan","targetRectangle":{"y":307.162109375,"x":114.08199964120537,"width":73.450000000000003,"height":63.622909545898438}},{"text":"PERT-chart","targetRectangle":{"y":133.0078125,"x":325.53099993554389,"width":80.938000000000045,"height":15.622909545898438}},{"text":"privacy policies","targetRectangle":{"y":642.921875,"x":772.87950000663182,"width":60.807499780932176,"height":31.622909545898438}}],"baseLayer":{"animations":[],"initialState":{"affineTransform":[1,0,0,1,0,0],"masksToBounds":false,"rotation":0,"scale":1,"position":{"pointX":512,"pointY":384},"width":1024,"sublayerTransform":[1,0,0,0,0,1,0,0,0,0,1,0,0,0,0,1],"contentsRect":{"y":0,"x":0,"width":1,"height":1},"opacity":1,"edgeAntialiasingMask":251658240,"height":768,"hidden":false,"anchorPoint":{"pointX":0.5,"pointY":0.5}},"objectID":"0","layers":[{"animations":[],"initialState":{"affineTransform":[1,0,0,1,0,0],"masksToBounds":false,"rotation":0,"scale":1,"position":{"pointX":512,"pointY":384},"width":1024,"sublayerTransform":[1,0,0,0,0,1,0,0,0,0,1,-0.00049229876906403734,0,0,0,1],"contentsRect":{"y":0,"x":0,"width":1,"height":1},"opacity":1,"edgeAntialiasingMask":251658240,"height":768,"hidden":false,"anchorPoint":{"pointX":0.5,"pointY":0.5}},"layers":[{"animations":[],"layers":[],"texturedRectangle":{"isBackgroundTexture":false,"singleTextureOpacity":1,"textureType":0,"textBaseline":0,"textXHeight":0,"isVerticalText":false},"initialState":{"affineTransform":[1,0,0,1,0,0],"masksToBounds":false,"rotation":0,"scale":1,"position":{"pointX":512,"pointY":384},"width":1024,"sublayerTransform":[1,0,0,0,0,1,0,0,0,0,1,0,0,0,0,1],"contentsRect":{"y":0,"x":0,"width":1,"height":1},"opacity":1,"edgeAntialiasingMask":0,"height":768,"hidden":false,"anchorPoint":{"pointX":0.5,"pointY":0.5}},"texture":"D799E1AB81FC87BC5A8EC6D43E32F2A7"}]}]}}]}