{"autoplayTransitionDelay":5,"author":"","timestamp":"2021-7-15 18:6:1","loopSlideshow":0,"filename":"00-MathDIY-attachments.key","autoplayBuildDelay":2,"comment":"","title":"00-MathDIY-attachments.key","showMode":0,"creator":"Apple Keynote 11.1","slideList":["574FA97F-F848-4112-ADF5-ABEA977AE03C","558937AC-9CBD-4388-8AF2-9671BE109568","3379350E-C850-46F9-8FFD-0BD2F15F22C7","70B679DE-F7C5-4241-B2E7-6A0EA774230F","A70E6762-6B68-47A9-903D-D227D30EB563","374047CC-264C-40CA-8B3B-C5E09E4139EA","63B5C191-54C8-4004-96F6-A29481DA4E17","70CE5EC7-F139-41DA-BF59-FC49AA698958","B192C447-5755-4C14-966D-E3FAE8735447","8F8B12E4-C9A3-4227-86E3-4A1B67BCA6B3","65F49B40-902E-4365-BFF9-39E95B1BC47E","DE11D4EF-95D8-4C05-A506-82EB99C50BE1","54D93513-D91D-4940-87AD-4149B085BDBB"],"soundtrack":{"mode":0,"volume":1},"slideWidth":1024,"slideHeight":768,"slideCount":13,"majorVersion":1,"minorVersion":2,"fonts":["HelveticaNeue-Bold","HelveticaNeue-Medium","HelveticaNeue","Helvetica"]}