{"assets":{"F60A6609B011C54B5EC2C782737C05A9":{"type":"texture","index":0,"assetRequest":{"type":"slide","state":"contents","slide":"none"},"url":{"native":"assets\/B27D633E-ECFA-4B24-8345-8030230EABFA.pdf"},"width":1024,"height":768},"BDC7FC1C646EE970F14724B8DD88223A":{"type":"texture","index":1,"assetRequest":{"type":"slide","state":"contents","slide":"none"},"url":{"native":"assets\/B27D633E-ECFA-4B24-8345-8030230EABFA.pdf"},"width":1024,"height":768}},"events":[{"effects":[{"beginTime":0,"baseLayer":{"animations":[],"initialState":{"affineTransform":[1,0,0,1,0,0],"masksToBounds":false,"rotation":0,"scale":1,"position":{"pointX":512,"pointY":384},"width":1024,"sublayerTransform":[1,0,0,0,0,1,0,0,0,0,1,0,0,0,0,1],"contentsRect":{"y":0,"x":0,"width":1,"height":1},"opacity":1,"edgeAntialiasingMask":251658240,"height":768,"hidden":false,"anchorPoint":{"pointX":0.5,"pointY":0.5}},"objectID":"0","layers":[{"animations":[],"initialState":{"affineTransform":[1,0,0,1,0,0],"masksToBounds":false,"rotation":0,"scale":1,"position":{"pointX":512,"pointY":384},"width":1024,"sublayerTransform":[1,0,0,0,0,1,0,0,0,0,1,-0.00049229876906403734,0,0,0,1],"contentsRect":{"y":0,"x":0,"width":1,"height":1},"opacity":1,"edgeAntialiasingMask":251658240,"height":768,"hidden":false,"anchorPoint":{"pointX":0.5,"pointY":0.5}},"layers":[{"animations":[],"layers":[],"texturedRectangle":{"isBackgroundTexture":false,"singleTextureOpacity":1,"textureType":0,"textBaseline":0,"textXHeight":0,"isVerticalText":false},"initialState":{"affineTransform":[1,0,0,1,0,0],"masksToBounds":false,"rotation":0,"scale":1,"position":{"pointX":512,"pointY":384},"width":1024,"sublayerTransform":[1,0,0,0,0,1,0,0,0,0,1,0,0,0,0,1],"contentsRect":{"y":0,"x":0,"width":1,"height":1},"opacity":1,"edgeAntialiasingMask":0,"height":768,"hidden":false,"anchorPoint":{"pointX":0.5,"pointY":0.5}},"texture":"BDC7FC1C646EE970F14724B8DD88223A"},{"animations":[{"additive":false,"timeOffset":0,"beginTime":0,"from":{"scalar":false},"repeatCount":0,"fillMode":"both","duration":0.01,"autoreverses":false,"property":"hidden","to":{"scalar":true},"removedOnCompletion":false}],"layers":[],"texturedRectangle":{"isBackgroundTexture":false,"singleTextureOpacity":1,"textureType":0,"textBaseline":0,"textXHeight":0,"isVerticalText":false},"initialState":{"affineTransform":[1,0,0,1,0,0],"masksToBounds":false,"rotation":0,"scale":1,"position":{"pointX":512,"pointY":384},"width":1024,"sublayerTransform":[1,0,0,0,0,1,0,0,0,0,1,0,0,0,0,1],"contentsRect":{"y":0,"x":0,"width":1,"height":1},"opacity":1,"edgeAntialiasingMask":0,"height":768,"hidden":false,"anchorPoint":{"pointX":0.5,"pointY":0.5}},"texture":"F60A6609B011C54B5EC2C782737C05A9"}]}]},"effects":[],"duration":0.01,"type":"transition","attributes":{"direction":0},"name":"none","objectID":"0"}],"automaticPlay":false,"hyperlinks":[{"url":"http:\/\/GitHub.com\/scifiltr","targetRectangle":{"y":285.86000606536868,"x":997.00002217292786,"width":17.564895629882812,"height":135.49499999999995}}],"accessibility":[{"text":"x>0","targetRectangle":{"y":258,"x":390.63766755652773,"width":27.087999999999965,"height":18.535888671875}},{"text":"y<0","targetRectangle":{"y":277,"x":390.78410310274427,"width":26.799999999999955,"height":18.535888671875}},{"text":"+","targetRectangle":{"y":596.36248779296875,"x":401.58492267745032,"width":3.6000000000000227,"height":6.825958251953125}},{"text":"-x","targetRectangle":{"y":375.5,"x":613.7179689566882,"width":14.816000000000031,"height":18.535888671875}},{"text":"x","targetRectangle":{"y":213.5,"x":399.99036457634719,"width":8.5919999999999845,"height":18.535888671875}},{"text":"+","targetRectangle":{"y":165.37039184570312,"x":239.42424762862223,"width":3.5999999999999943,"height":6.825958251953125}},{"text":"CREDIT","targetRectangle":{"y":541.63385009765625,"x":712.57700988974045,"width":29.192000000000007,"height":9.7679443359375}},{"text":"z","targetRectangle":{"y":159,"x":399.44703962517531,"width":8,"height":18.535888671875}},{"text":"-z","targetRectangle":{"y":430.5,"x":775.92433405876909,"width":14.223999999999933,"height":18.535888671875}},{"text":"x","targetRectangle":{"y":375.5,"x":724.32968952751901,"width":8.5919999999999845,"height":18.535888671875}},{"text":"-y","targetRectangle":{"y":431,"x":505.52264400551633,"width":14.52800000000002,"height":18.535888671875}},{"text":"z","targetRectangle":{"y":321.5,"x":885.69703962517531,"width":8,"height":18.535888671875}},{"text":"y","targetRectangle":{"y":321,"x":670.97368952751901,"width":8.3039999999999736,"height":18.535888671875}},{"text":"y","targetRectangle":{"y":483,"x":832.80407282830026,"width":8.3039999999999736,"height":18.535888671875}},{"text":"RIGHT TO FORGET","targetRectangle":{"y":212.99325561523438,"x":222.47701902125129,"width":39.71999999999997,"height":19.7679443359375}},{"text":"© 2019-12-02 by Jens T. Hinrichs\/MathDIY – GitHub.com\/scifiltr","targetRectangle":{"y":285.86000606536868,"x":997.00002217292786,"width":17.564895629882812,"height":452.27999999999997}},{"text":"-y","targetRectangle":{"y":430.5,"x":667.8619689566882,"width":14.52800000000002,"height":18.535888671875}},{"text":"-y","targetRectangle":{"y":592.5,"x":829.69235225746945,"width":14.52800000000002,"height":18.535888671875}},{"text":"y","targetRectangle":{"y":321.5,"x":508.6343645763472,"width":8.3039999999999168,"height":18.535888671875}},{"text":"y","targetRectangle":{"y":159,"x":346.6343645763472,"width":8.3039999999999736,"height":18.535888671875}},{"text":"DEPRE-CIATION","targetRectangle":{"y":266.12957763671875,"x":498.58487597434004,"width":27.496000000000038,"height":17.796951293945312}},{"text":"INVEST-MENT","targetRectangle":{"y":482.7901611328125,"x":659.28060562149415,"width":29.936000000000035,"height":19.7679443359375}},{"text":"-y","targetRectangle":{"y":268.5,"x":343.52264400551633,"width":14.52800000000002,"height":18.535888671875}},{"text":"yellow\/warm","targetRectangle":{"y":693.13555926084518,"x":127.20818328857422,"width":90.031999999999982,"height":17.552001953125}},{"text":"RATING","targetRectangle":{"y":217.63385009765625,"x":550.73604602255296,"width":29.048000000000002,"height":9.7679443359375}},{"text":"+","targetRectangle":{"y":594.7098388671875,"x":563.64579733191829,"width":4.8000000000000682,"height":9.7679443359375}},{"text":"+","targetRectangle":{"y":270.70986938476562,"x":238.8244472342621,"width":4.7999999999999829,"height":9.7679443359375}},{"text":"EFFECT","targetRectangle":{"y":541.63385009765625,"x":551.00175158895922,"width":30.087999999999965,"height":9.7679443359375}},{"text":"-z","targetRectangle":{"y":268,"x":289.67436457634716,"width":14.22399999999999,"height":18.535888671875}},{"text":"FAC-TORING\/ DISCOUN-TING","targetRectangle":{"y":204.29010009765625,"x":441.39102587668378,"width":34.741000000000042,"height":35.796951293945312}},{"text":"CAUSE","targetRectangle":{"y":541.63385009765625,"x":445.99335266317797,"width":27.111999999999966,"height":9.7679443359375}},{"text":"MINIMAL PRIN-CIPLE","targetRectangle":{"y":208.50442504882812,"x":603.4494908006094,"width":36.600000000000023,"height":29.7679443359375}},{"text":"-z","targetRectangle":{"y":430,"x":289.67436457634716,"width":14.22399999999999,"height":18.535888671875}},{"text":"x<0","targetRectangle":{"y":149,"x":283.13766755652773,"width":27.087999999999965,"height":18.535888671875}},{"text":"y>0","targetRectangle":{"y":168,"x":283.28410310274427,"width":26.799999999999955,"height":18.535888671875}},{"text":"INTENDED TARGETS","targetRectangle":{"y":477.46200561523438,"x":169.02906814352829,"width":36.015999999999991,"height":29.7679443359375}},{"text":"AC-COUNTING","targetRectangle":{"y":160.33261108398438,"x":655.77280932394945,"width":36.946000000000026,"height":17.796951293945312}},{"text":"y","targetRectangle":{"y":321,"x":346.6343645763472,"width":8.3039999999999736,"height":18.535888671875}},{"text":"+","targetRectangle":{"y":270.7098388671875,"x":888.80638082801204,"width":4.8000000000000682,"height":9.7679443359375}},{"text":"ATTRI-BUTION","targetRectangle":{"y":158.2901611328125,"x":497.21721195020524,"width":30.232000000000028,"height":19.7679443359375}},{"text":"x<0","targetRectangle":{"y":311.5,"x":445.13766755652773,"width":27.087999999999965,"height":18.535888671875}},{"text":"y>0","targetRectangle":{"y":330.5,"x":445.28410310274427,"width":26.799999999999955,"height":18.535888671875}},{"text":"CON-TROLLING","targetRectangle":{"y":266.17202758789062,"x":654.39014529981455,"width":39.711999999999989,"height":19.7679443359375}},{"text":"ACTUAL VALUES","targetRectangle":{"y":589.14520263671875,"x":171.26826114193517,"width":33.783999999999992,"height":19.7679443359375}},{"text":"orange\/spotlight","targetRectangle":{"y":692.13555926084518,"x":274.130126953125,"width":117.04000000000002,"height":17.552001953125}},{"text":"red\/hotspot","targetRectangle":{"y":675.74469012022018,"x":274.4705810546875,"width":83.279999999999973,"height":17.552001953125}},{"text":"blue\/cold","targetRectangle":{"y":676.74469012022018,"x":126.40740203857422,"width":66.671999999999997,"height":17.552001953125}},{"text":"+","targetRectangle":{"y":164.91287231445312,"x":618.27665670691829,"width":4.8000000000000682,"height":9.7679443359375}},{"text":"MathDIY presents: The Interaction Law in competing ecosystems using a Balanced Score Cube (4\/7)","targetRectangle":{"y":28.075897216796875,"x":62.829999999999927,"width":898.34000000000015,"height":23.44000244140625}},{"text":"green\/tepid whereby x,y,z ≥ 0","targetRectangle":{"y":676.74469012022018,"x":699.40142822265625,"width":210.49600000000009,"height":17.552001953125}},{"text":"DEBIT","targetRectangle":{"y":541.29010009765625,"x":608.9686567069183,"width":23.416000000000054,"height":9.7679443359375}},{"text":"+","targetRectangle":{"y":163.87042236328125,"x":456.36372335730897,"width":4.8000000000000114,"height":9.7679443359375}},{"text":" + unknown sidekick (placeholder)","targetRectangle":{"y":692.85076922178268,"x":675.1910400390625,"width":243.12000000000012,"height":17.552001953125}},{"text":"-z","targetRectangle":{"y":592,"x":775.84401179314409,"width":14.223999999999933,"height":18.535888671875}},{"text":"-y","targetRectangle":{"y":430.5,"x":343.52264400551633,"width":14.52800000000002,"height":18.535888671875}},{"text":"CARE OF","targetRectangle":{"y":595.1884765625,"x":333.04079546096324,"width":34.83200000000005,"height":9.7679443359375}},{"text":"AKTIVA","targetRectangle":{"y":163.6339111328125,"x":824.49734729208421,"width":27.567999999999984,"height":9.7679443359375}},{"text":"+","targetRectangle":{"y":270.7098388671875,"x":456.36372335730897,"width":4.8000000000000114,"height":9.7679443359375}},{"text":"LESS PRIORITY","targetRectangle":{"y":589.7098388671875,"x":114.946393896006,"width":37.055999999999997,"height":19.7679443359375}},{"text":"x<0","targetRectangle":{"y":473,"x":769.30731477332461,"width":27.087999999999965,"height":18.535888671875}},{"text":"y>0","targetRectangle":{"y":492,"x":769.45375031954109,"width":26.800000000000068,"height":18.535888671875}},{"text":"+","targetRectangle":{"y":270.7098388671875,"x":782.31004293738704,"width":4.8000000000000682,"height":9.7679443359375}},{"text":"x>0","targetRectangle":{"y":420,"x":714.97699250769961,"width":27.087999999999965,"height":18.535888671875}},{"text":"y<0","targetRectangle":{"y":439,"x":715.12342805391609,"width":26.800000000000068,"height":18.535888671875}},{"text":"-x","targetRectangle":{"y":213.5,"x":289.37864400551632,"width":14.816000000000031,"height":18.535888671875}},{"text":"+","targetRectangle":{"y":489.52304077148438,"x":295.08852375166907,"width":3.6000000000000227,"height":6.825958251953125}},{"text":"x<0","targetRectangle":{"y":311.5,"x":769.38763703894961,"width":27.087999999999965,"height":18.535888671875}},{"text":"y>0","targetRectangle":{"y":330.5,"x":769.53407258516609,"width":26.800000000000068,"height":18.535888671875}},{"text":"balanced score compass","targetRectangle":{"y":676.74469012022018,"x":452.34527587890625,"width":179.60000000000002,"height":17.552001953125}},{"text":"MORE PRIORITY","targetRectangle":{"y":482.87039184570312,"x":221.44278519239273,"width":37.055999999999955,"height":19.7679443359375}},{"text":"PROPA-GANDA","targetRectangle":{"y":428.62960815429688,"x":173.1781509095801,"width":30.240000000000009,"height":19.7679443359375}},{"text":"x>0","targetRectangle":{"y":582,"x":876.80737580848086,"width":27.087999999999965,"height":18.535888671875}},{"text":"y<0","targetRectangle":{"y":601,"x":876.95381135469734,"width":26.800000000000068,"height":18.535888671875}},{"text":"+","targetRectangle":{"y":163.87042236328125,"x":888.80638082801204,"width":4.8000000000000682,"height":9.7679443359375}},{"text":"+","targetRectangle":{"y":594.86248779296875,"x":294.48872335730897,"width":4.8000000000000114,"height":9.7679443359375}},{"text":"balanced score criteria","targetRectangle":{"y":693.53259295225143,"x":451.8446044921875,"width":162.67200000000003,"height":17.552001953125}},{"text":"x>0","targetRectangle":{"y":420.5,"x":876.88769807410586,"width":27.087999999999965,"height":18.535888671875}},{"text":"y<0","targetRectangle":{"y":439.5,"x":877.03413362032234,"width":26.800000000000068,"height":18.535888671875}},{"text":"+","targetRectangle":{"y":594.7098388671875,"x":237.57264669715272,"width":4.7999999999999829,"height":9.7679443359375}},{"text":"+","targetRectangle":{"y":326.87039184570312,"x":132.32620962439881,"width":4.7999999999999829,"height":9.7679443359375}},{"text":"YIELD","targetRectangle":{"y":217.29010009765625,"x":879.79838082801211,"width":22.816000000000031,"height":9.7679443359375}},{"text":"FACT-CHECKING","targetRectangle":{"y":322.29013061523438,"x":169.95535461203536,"width":36.680000000000007,"height":17.796951293945312}},{"text":"z","targetRectangle":{"y":483,"x":885.61671735955031,"width":8,"height":18.535888671875}},{"text":"HATE SPEECH","targetRectangle":{"y":212.29013061523438,"x":118.65019443311537,"width":32.152000000000001,"height":19.7679443359375}},{"text":"GROWTH BY","targetRectangle":{"y":536.4583740234375,"x":385.4577855559977,"width":38.079999999999984,"height":19.7679443359375}},{"text":"PRIVACY PROTEC-TION","targetRectangle":{"y":153.46200561523438,"x":170.43937553465753,"width":37.012856965170613,"height":29.7679443359375}},{"text":"x<0","targetRectangle":{"y":311,"x":283.13766755652773,"width":27.087999999999965,"height":18.535888671875}},{"text":"y>0","targetRectangle":{"y":330,"x":283.28410310274427,"width":26.799999999999955,"height":18.535888671875}},{"text":"ADDRESS TO","targetRectangle":{"y":482.45840454101562,"x":331.4967367278727,"width":40.151999999999987,"height":19.7679443359375}},{"text":"PASSIVA","targetRectangle":{"y":270.84832763671875,"x":822.05005016367147,"width":32.456000000000017,"height":9.7679443359375}},{"text":"GROWTH","targetRectangle":{"y":541.38385009765625,"x":222.04463422180024,"width":35.855999999999966,"height":9.7679443359375}},{"text":"FAKE NEWS\/SCIENCE","targetRectangle":{"y":423.70986938476562,"x":117.31807818283509,"width":34.815999999999988,"height":29.7679443359375}},{"text":"COST","targetRectangle":{"y":217.29010009765625,"x":773.81804293738708,"width":21.783999999999992,"height":9.7679443359375}},{"text":"-x","targetRectangle":{"y":537.5,"x":775.5482912223132,"width":14.816000000000031,"height":18.535888671875}},{"text":"x>0","targetRectangle":{"y":420,"x":390.63766755652773,"width":27.087999999999965,"height":18.535888671875}},{"text":"y<0","targetRectangle":{"y":439,"x":390.78410310274427,"width":26.799999999999955,"height":18.535888671875}},{"text":"CRISIS BY","targetRectangle":{"y":542.3489990234375,"x":277.25344536330704,"width":39.263999999999953,"height":9.7679443359375}},{"text":"+","targetRectangle":{"y":271.75228881835938,"x":618.27665670691829,"width":4.8000000000000682,"height":9.7679443359375}},{"text":"DATA RETEN-TION","targetRectangle":{"y":260.12960815429688,"x":173.62739840613708,"width":29.344000000000023,"height":29.7679443359375}},{"text":"-x","targetRectangle":{"y":376,"x":775.6286134879382,"width":14.816000000000031,"height":18.535888671875}},{"text":"INVES-TIGATIVE RESEARCH\/LEAK","targetRectangle":{"y":313.87039184570312,"x":220.99390344016038,"width":40.453000000000003,"height":35.796951293945312}},{"text":"SHARE","targetRectangle":{"y":541.63385009765625,"x":119.99220965780685,"width":26.967999999999989,"height":9.7679443359375}},{"text":"x","targetRectangle":{"y":537.5,"x":886.16007282830026,"width":8.5919999999999845,"height":18.535888671875}},{"text":"x>0","targetRectangle":{"y":420.5,"x":552.63763703894961,"width":27.087999999999965,"height":18.535888671875}},{"text":"y<0","targetRectangle":{"y":439.5,"x":552.78407258516609,"width":26.800000000000068,"height":18.535888671875}},{"text":"+","targetRectangle":{"y":594.7098388671875,"x":457.1493984061371,"width":4.8000000000000114,"height":9.7679443359375}},{"text":"z","targetRectangle":{"y":321,"x":399.44700910759718,"width":8,"height":18.535888671875}},{"text":"FINAN-CING","targetRectangle":{"y":589.62957763671875,"x":660.76460562149418,"width":26.967999999999961,"height":19.7679443359375}},{"text":"PROCESS","targetRectangle":{"y":487.3839111328125,"x":494.00473602844085,"width":38.232000000000028,"height":9.7679443359375}},{"text":"+","targetRectangle":{"y":164.91287231445312,"x":724.77299459754329,"width":4.8000000000000682,"height":9.7679443359375}},{"text":"+","targetRectangle":{"y":163.87039184570312,"x":132.32805593787538,"width":4.7999999999999829,"height":9.7679443359375}},{"text":"x","targetRectangle":{"y":376,"x":886.24039509392526,"width":8.5919999999999845,"height":18.535888671875}},{"text":"+","targetRectangle":{"y":433.70986938476562,"x":238.82260092078553,"width":4.7999999999999829,"height":9.7679443359375}},{"text":"+","targetRectangle":{"y":163.87042236328125,"x":782.31004293738704,"width":4.8000000000000682,"height":9.7679443359375}},{"text":"z","targetRectangle":{"y":321.5,"x":561.44703962517531,"width":8,"height":18.535888671875}},{"text":"+","targetRectangle":{"y":487.87042236328125,"x":563.64579733191829,"width":4.8000000000000682,"height":9.7679443359375}},{"text":"-x","targetRectangle":{"y":375.5,"x":289.37864400551632,"width":14.816000000000031,"height":18.535888671875}},{"text":"-z","targetRectangle":{"y":430,"x":614.01368952751909,"width":14.223999999999933,"height":18.535888671875}},{"text":"+","targetRectangle":{"y":487.87042236328125,"x":618.27665670691829,"width":4.8000000000000682,"height":9.7679443359375}},{"text":"STRUC-TURE","targetRectangle":{"y":589.62957763671875,"x":498.00934732071295,"width":30.22399999999999,"height":19.7679443359375}},{"text":"+","targetRectangle":{"y":271.75228881835938,"x":724.77299459754329,"width":4.8000000000000682,"height":9.7679443359375}},{"text":"+","targetRectangle":{"y":487.87039184570312,"x":131.076255400766,"width":4.7999999999999829,"height":9.7679443359375}},{"text":"JOUR-NALISM","targetRectangle":{"y":375.29013061523438,"x":226.10873941602554,"width":30.224000000000018,"height":19.7679443359375}},{"text":"-x","targetRectangle":{"y":376,"x":451.37864400551632,"width":14.816000000000031,"height":18.535888671875}},{"text":"x<0","targetRectangle":{"y":311,"x":607.47699250769961,"width":27.087999999999965,"height":18.535888671875}},{"text":"y>0","targetRectangle":{"y":330,"x":607.62342805391609,"width":26.800000000000068,"height":18.535888671875}},{"text":"-z","targetRectangle":{"y":430.5,"x":451.67436457634716,"width":14.22399999999999,"height":18.535888671875}},{"text":"+","targetRectangle":{"y":594.7098388671875,"x":618.27665670691829,"width":4.8000000000000682,"height":9.7679443359375}},{"text":"x","targetRectangle":{"y":375.5,"x":399.99036457634719,"width":8.5919999999999845,"height":18.535888671875}},{"text":"y","targetRectangle":{"y":321.5,"x":832.88439509392526,"width":8.3039999999999736,"height":18.535888671875}},{"text":"+","targetRectangle":{"y":487.87042236328125,"x":457.1493984061371,"width":4.8000000000000114,"height":9.7679443359375}},{"text":"MAXIMAL PRINCIPLE","targetRectangle":{"y":215.30130004882812,"x":708.82413231666249,"width":36.69399999999996,"height":17.796951293945312}},{"text":"PUBLIC RELATION","targetRectangle":{"y":375.79013061523438,"x":115.38052112595844,"width":38.688000000000017,"height":19.7679443359375}},{"text":"+","targetRectangle":{"y":163.87042236328125,"x":562.86009176551204,"width":4.8000000000000682,"height":9.7679443359375}},{"text":"x","targetRectangle":{"y":376,"x":561.99033405876901,"width":8.5919999999999845,"height":18.535888671875}},{"text":"+","targetRectangle":{"y":487.87042236328125,"x":724.77305563269954,"width":4.8000000000000682,"height":9.7679443359375}},{"text":"-y","targetRectangle":{"y":431,"x":829.77267452309445,"width":14.52800000000002,"height":18.535888671875}},{"text":"+","targetRectangle":{"y":488.02304077148438,"x":400.98512228309022,"width":4.8000000000000114,"height":9.7679443359375}},{"text":"z","targetRectangle":{"y":321,"x":723.78633405876906,"width":8,"height":18.535888671875}},{"text":"+","targetRectangle":{"y":270.7098388671875,"x":562.86009176551204,"width":4.8000000000000682,"height":9.7679443359375}},{"text":"+","targetRectangle":{"y":272.20986938476562,"x":132.92785633223551,"width":3.5999999999999943,"height":6.825958251953125}},{"text":"+","targetRectangle":{"y":594.7098388671875,"x":724.77305563269954,"width":4.8000000000000682,"height":9.7679443359375}}],"baseLayer":{"animations":[],"initialState":{"affineTransform":[1,0,0,1,0,0],"masksToBounds":false,"rotation":0,"scale":1,"position":{"pointX":512,"pointY":384},"width":1024,"sublayerTransform":[1,0,0,0,0,1,0,0,0,0,1,0,0,0,0,1],"contentsRect":{"y":0,"x":0,"width":1,"height":1},"opacity":1,"edgeAntialiasingMask":251658240,"height":768,"hidden":false,"anchorPoint":{"pointX":0.5,"pointY":0.5}},"objectID":"0","layers":[{"animations":[],"initialState":{"affineTransform":[1,0,0,1,0,0],"masksToBounds":false,"rotation":0,"scale":1,"position":{"pointX":512,"pointY":384},"width":1024,"sublayerTransform":[1,0,0,0,0,1,0,0,0,0,1,-0.00049229876906403734,0,0,0,1],"contentsRect":{"y":0,"x":0,"width":1,"height":1},"opacity":1,"edgeAntialiasingMask":251658240,"height":768,"hidden":false,"anchorPoint":{"pointX":0.5,"pointY":0.5}},"layers":[{"animations":[],"layers":[],"texturedRectangle":{"isBackgroundTexture":false,"singleTextureOpacity":1,"textureType":0,"textBaseline":0,"textXHeight":0,"isVerticalText":false},"initialState":{"affineTransform":[1,0,0,1,0,0],"masksToBounds":false,"rotation":0,"scale":1,"position":{"pointX":512,"pointY":384},"width":1024,"sublayerTransform":[1,0,0,0,0,1,0,0,0,0,1,0,0,0,0,1],"contentsRect":{"y":0,"x":0,"width":1,"height":1},"opacity":1,"edgeAntialiasingMask":0,"height":768,"hidden":false,"anchorPoint":{"pointX":0.5,"pointY":0.5}},"texture":"F60A6609B011C54B5EC2C782737C05A9"}]}]}}]}