{"assets":{"392D3040E70E41990A3D002C4F7A448E":{"type":"texture","index":0,"assetRequest":{"type":"slide","state":"contents","slide":"none"},"url":{"native":"assets\/F1CB4D8B-8522-40D9-8A18-18C2D067E403.pdf"},"width":1024,"height":768},"5CF5F7AC3E0BBB614E692782548CC1BA":{"type":"texture","index":1,"assetRequest":{"type":"slide","state":"contents","slide":"none"},"url":{"native":"assets\/F1CB4D8B-8522-40D9-8A18-18C2D067E403.pdf"},"width":1024,"height":768}},"events":[{"effects":[{"beginTime":0,"baseLayer":{"animations":[],"initialState":{"affineTransform":[1,0,0,1,0,0],"masksToBounds":false,"rotation":0,"scale":1,"position":{"pointX":512,"pointY":384},"width":1024,"sublayerTransform":[1,0,0,0,0,1,0,0,0,0,1,0,0,0,0,1],"contentsRect":{"y":0,"x":0,"width":1,"height":1},"opacity":1,"edgeAntialiasingMask":251658240,"height":768,"hidden":false,"anchorPoint":{"pointX":0.5,"pointY":0.5}},"objectID":"0","layers":[{"animations":[],"initialState":{"affineTransform":[1,0,0,1,0,0],"masksToBounds":false,"rotation":0,"scale":1,"position":{"pointX":512,"pointY":384},"width":1024,"sublayerTransform":[1,0,0,0,0,1,0,0,0,0,1,-0.00049229876906403734,0,0,0,1],"contentsRect":{"y":0,"x":0,"width":1,"height":1},"opacity":1,"edgeAntialiasingMask":251658240,"height":768,"hidden":false,"anchorPoint":{"pointX":0.5,"pointY":0.5}},"layers":[{"animations":[],"layers":[],"texturedRectangle":{"isBackgroundTexture":false,"singleTextureOpacity":1,"textureType":0,"textBaseline":0,"textXHeight":0,"isVerticalText":false},"initialState":{"affineTransform":[1,0,0,1,0,0],"masksToBounds":false,"rotation":0,"scale":1,"position":{"pointX":512,"pointY":384},"width":1024,"sublayerTransform":[1,0,0,0,0,1,0,0,0,0,1,0,0,0,0,1],"contentsRect":{"y":0,"x":0,"width":1,"height":1},"opacity":1,"edgeAntialiasingMask":0,"height":768,"hidden":false,"anchorPoint":{"pointX":0.5,"pointY":0.5}},"texture":"5CF5F7AC3E0BBB614E692782548CC1BA"},{"animations":[{"timeOffset":0,"from":{"scalar":false},"beginTime":0,"repeatCount":0,"fillMode":"both","property":"hidden","autoreverses":false,"duration":0.01,"to":{"scalar":true}}],"layers":[],"texturedRectangle":{"isBackgroundTexture":false,"singleTextureOpacity":1,"textureType":0,"textBaseline":0,"textXHeight":0,"isVerticalText":false},"initialState":{"affineTransform":[1,0,0,1,0,0],"masksToBounds":false,"rotation":0,"scale":1,"position":{"pointX":512,"pointY":384},"width":1024,"sublayerTransform":[1,0,0,0,0,1,0,0,0,0,1,0,0,0,0,1],"contentsRect":{"y":0,"x":0,"width":1,"height":1},"opacity":1,"edgeAntialiasingMask":0,"height":768,"hidden":false,"anchorPoint":{"pointX":0.5,"pointY":0.5}},"texture":"392D3040E70E41990A3D002C4F7A448E"}]}]},"effects":[],"duration":0.01,"type":"transition","attributes":{"direction":0},"name":"none","objectID":"0"}],"automaticPlay":false,"hyperlinks":[{"url":"http:\/\/GitHub.com\/scifiltr","targetRectangle":{"y":285.86000606536868,"x":997.00002217292786,"width":17.564895629882812,"height":135.49499999999995}}],"accessibility":[{"text":"b2","targetRectangle":{"y":266.4554577607355,"x":375.18746935398934,"width":33.112820695161986,"height":34.050705773689458}},{"text":"HIERARCHY OF INDIVIDUAL MOTIVATION (Intensity)","targetRectangle":{"y":154.42800000000011,"x":41.894989013671861,"width":22.477874755859403,"height":459.14399999999978}},{"text":"x>0","targetRectangle":{"y":273.45489297257274,"x":727.19947803328319,"width":32.788614966369323,"height":31.105384250785448}},{"text":"y<0","targetRectangle":{"y":288.6487466978046,"x":738.83772283497706,"width":32.558607939475678,"height":30.932061524117614}},{"text":"Common Ownership","targetRectangle":{"y":427.0521702170372,"x":844.21484375,"width":137.10199999999998,"height":16.593902587890625}},{"text":"W","targetRectangle":{"y":597.109375,"x":522.09530492586418,"width":15.104000000000042,"height":18.535888671875}},{"text":"WEAKNESS","targetRectangle":{"y":616.109375,"x":501.79777031856361,"width":55.740000000000009,"height":11.709930419921875}},{"text":"a","targetRectangle":{"y":326.11120599508286,"x":563.92517128586769,"width":13.775999999999954,"height":28.3038330078125}},{"text":"To Be Loved by Others","targetRectangle":{"y":444.46672034263611,"x":76.705429077148438,"width":172.208,"height":18.535888671875}},{"text":"& Belonging to a Social Group ","targetRectangle":{"y":463.46672034263611,"x":76.705429077148438,"width":233.70800000000003,"height":22.477874755859375}},{"text":"-z","targetRectangle":{"y":285.98970162786691,"x":296.93203810980958,"width":19.926277428162848,"height":20.742669635105472}},{"text":"c2","targetRectangle":{"y":523.41363525390625,"x":518.50336564183237,"width":20.782666909694626,"height":26.361847066101291}},{"text":"O","targetRectangle":{"y":232.87784798346843,"x":700.81271608353927,"width":20.866584072383262,"height":22.121489585171645}},{"text":"OPTIONS","targetRectangle":{"y":241.02722783779092,"x":702.98982992402989,"width":34.169359954595393,"height":29.119722586983187}},{"text":"Political Survival","targetRectangle":{"y":482.2030491232872,"x":844.21484375,"width":109.88599999999997,"height":16.593902587890625}},{"text":"W\\u2028Willing-ness to change","targetRectangle":{"y":585.5057373046875,"x":581.80787862077352,"width":46.784861180211919,"height":54.709930419921875}},{"text":"b","targetRectangle":{"y":342.44061273336411,"x":467.48117107152939,"width":14.663999999999987,"height":28.3038330078125}},{"text":"c2 = a2 + b2 - 2ab x cos γ ","targetRectangle":{"y":732.73205524682999,"x":147.19412925148009,"width":187.36000053024293,"height":18.535888775346393}},{"text":"+z","targetRectangle":{"y":259.1195891492182,"x":465.78001083451664,"width":22.285446724842529,"height":22.520431213496636}},{"text":"A","targetRectangle":{"y":404.95745843648911,"x":381.31570482254028,"width":16.439999999999998,"height":28.3038330078125}},{"text":"T","targetRectangle":{"y":305.53197051064956,"x":604.53490552730614,"width":18.732629989537031,"height":20.513439843309357}},{"text":"THREATS","targetRectangle":{"y":312.78825687061442,"x":605.52684427088661,"width":34.405756065569449,"height":29.297859833836185}},{"text":"T","targetRectangle":{"y":522.307373046875,"x":449.60252367586418,"width":9.4879999999999995,"height":18.535888671875}},{"text":"THREATS","targetRectangle":{"y":541.307373046875,"x":432.04198906856357,"width":44.649999999999977,"height":11.709930419921875}},{"text":"+z","targetRectangle":{"y":187.27275639737337,"x":667.67446190898772,"width":22.285446724842586,"height":22.520431213496664}},{"text":"c2 > a2 + b2 ","targetRectangle":{"y":732.73205524682999,"x":508.3371465435028,"width":87.376000530242948,"height":18.535888775346393}},{"text":"x>0","targetRectangle":{"y":345.96460289419053,"x":395.357181334259,"width":32.788614966369323,"height":31.105384250785448}},{"text":"y<0","targetRectangle":{"y":361.29222127742366,"x":384.12645525617512,"width":32.558607939475678,"height":30.932061524117614}},{"text":"A","targetRectangle":{"y":217.43150818514596,"x":425.01606667348329,"width":16.32707017768729,"height":17.695348399362729}},{"text":"Action to be taken","targetRectangle":{"y":221.56813599038833,"x":402.61094393850709,"width":42.302097525942315,"height":38.019274144752387}},{"text":"INFLUENCE OF SOCIAL NETWORK (DENSITY)","targetRectangle":{"y":685.4954833984375,"x":309.8017332763672,"width":387.75599999999991,"height":22.477874755859375}},{"text":"O","targetRectangle":{"y":523.14773559570312,"x":598.91224511141104,"width":12.159999999999968,"height":18.535888671875}},{"text":"OPTIONS","targetRectangle":{"y":542.14773559570312,"x":582.8727105041105,"width":44.279999999999973,"height":11.709930419921875}},{"text":"c2 < a2 + b2 ","targetRectangle":{"y":732.73205524682999,"x":744.50023248100285,"width":87.376000530242891,"height":18.535888775346393}},{"text":"S\\u2028Skills","targetRectangle":{"y":301.37346145504324,"x":422.45563395064886,"width":37.275145478961974,"height":36.982265638633919}},{"text":"W\\u2028Willingness to change","targetRectangle":{"y":308.94570491863692,"x":331.69361140422512,"width":52.942124119432151,"height":50.869004344615121}},{"text":"a2","targetRectangle":{"y":422.34912109375,"x":801.25002396702769,"width":20.782666909694626,"height":26.361847066101291}},{"text":"T2","targetRectangle":{"y":336.757568359375,"x":515.32813723636093,"width":15.418666843414258,"height":18.535888775346393}},{"text":"x<0","targetRectangle":{"y":175.61947960317494,"x":368.026614928009,"width":32.788614966369323,"height":31.10538425078542}},{"text":"y>0","targetRectangle":{"y":190.94709798640804,"x":356.79588884992512,"width":32.558607939475678,"height":30.932061524117614}},{"text":"Score Compass","targetRectangle":{"y":379.35554546117783,"x":843.07867431640625,"width":106.03600000000006,"height":16.593902587890625}},{"text":"b2","targetRectangle":{"y":477.5,"x":800.84302396702765,"width":21.596666909694704,"height":26.361847066101291}},{"text":"Fundamental Basic & ","targetRectangle":{"y":621.23205536603928,"x":76.915679931640625,"width":166.19200000000001,"height":18.535888671875}},{"text":"Physiological Needs","targetRectangle":{"y":640.23205536603928,"x":76.915679931640625,"width":154.304,"height":18.535888671875}},{"text":"T2","targetRectangle":{"y":286.76275634765625,"x":803.32230837893906,"width":15.418666843414258,"height":18.535888775346393}},{"text":"S","targetRectangle":{"y":219.10734278432275,"x":617.48137074357487,"width":19.435429238378561,"height":21.043037063683158}},{"text":"STRENGHT","targetRectangle":{"y":226.07291002438404,"x":618.06286718625211,"width":35.320436717881307,"height":29.651997108948763}},{"text":"A","targetRectangle":{"y":441.703125,"x":448.65269418971201,"width":10.672000000000025,"height":18.535888671875}},{"text":"Action to be taken","targetRectangle":{"y":460.703125,"x":427.04795430436729,"width":56.509999999999991,"height":23.709930419921875}},{"text":"Safety Reasons ","targetRectangle":{"y":534.82037323713303,"x":77.147674560546875,"width":123.27999999999997,"height":18.535888671875}},{"text":"& Privacy Protection ","targetRectangle":{"y":553.82037323713303,"x":77.147674560546875,"width":159.72800000000004,"height":18.535888671875}},{"text":"‘‘There are more primary number of needs than any given number of figures’’","targetRectangle":{"y":82.416778922080994,"x":277.31673437500001,"width":486.14400000000001,"height":57.3038330078125}},{"text":"Center of Gravity","targetRectangle":{"y":288.30076640844345,"x":843.06494140625,"width":113.31600000000003,"height":16.593902587890625}},{"text":"Yield ≥ Yours (Y)","targetRectangle":{"y":535.48082011938095,"x":845.10528564453125,"width":107.94000000000005,"height":16.593902587890625}},{"text":"W","targetRectangle":{"y":315.11757806145181,"x":686.39763593781413,"width":23.217767013962543,"height":23.893233013331269}},{"text":"WEAKNESS","targetRectangle":{"y":323.08065370238762,"x":688.30287073839486,"width":36.455297777658416,"height":30.507176256847856}},{"text":"T","targetRectangle":{"y":235.37203942306218,"x":339.69267988763755,"width":15.558782817021836,"height":17.116402347090457}},{"text":"Team or Technique","targetRectangle":{"y":240.0699449948988,"x":320.42220117581411,"width":36.012557060878237,"height":31.909235333215264}},{"text":"S","targetRectangle":{"y":447.69140625,"x":523.710588861411,"width":10.368000000000052,"height":18.535888671875}},{"text":"STRENGHTS","targetRectangle":{"y":466.69140625,"x":498.82005425411046,"width":60.189999999999941,"height":11.709930419921875}},{"text":"B","targetRectangle":{"y":406.84808343648911,"x":660.03368902206421,"width":16.895999999999958,"height":28.3038330078125}},{"text":"WARM","targetRectangle":{"y":438.5664470621914,"x":675.33587323962854,"width":45.943735461622282,"height":52.479772102095353}},{"text":"Appreciation & Recognition","targetRectangle":{"y":365.23205536603928,"x":76.705429077148438,"width":209.12,"height":18.535888671875}},{"text":"of One’s Accomplishment","targetRectangle":{"y":384.23205536603928,"x":76.705429077148438,"width":195.48800000000006,"height":18.535888671875}},{"text":"T1","targetRectangle":{"y":240.98106384277344,"x":803.32230837893906,"width":15.418666843414258,"height":18.535888775346393}},{"text":"© 2019-12-17 by Jens T. Hinrichs\/MathDIY – GitHub.com\/scifiltr","targetRectangle":{"y":285.86000606536868,"x":997.00002217292786,"width":17.564895629882812,"height":452.27999999999997}},{"text":"T1","targetRectangle":{"y":494.02777099609375,"x":298.02976687503275,"width":15.418666843414314,"height":18.535888775346393}},{"text":"x<0","targetRectangle":{"y":247.48055825577586,"x":559.28907764265819,"width":32.788614966369323,"height":31.105384250785448}},{"text":"y>0","targetRectangle":{"y":262.67441198100772,"x":570.92732244435206,"width":32.558607939475678,"height":30.932061524117614}},{"text":"S\\u2028Skills","targetRectangle":{"y":446.803955078125,"x":587.38273980098541,"width":34.07000000000005,"height":30.709930419921875}},{"text":"C","targetRectangle":{"y":224.94781488180161,"x":520.00271445512772,"width":17.783999999999992,"height":28.3038330078125}},{"text":"COLD","targetRectangle":{"y":524.59040336101953,"x":739.98748456775354,"width":42.275071080487351,"height":47.611290032847023}},{"text":"Priority Triangle","targetRectangle":{"y":333.6835178732872,"x":842.8504638671875,"width":104.95799999999997,"height":16.593902587890625}},{"text":"Self Optimization ","targetRectangle":{"y":275.78515756130219,"x":76.705429077148438,"width":135.03999999999999,"height":18.535888671875}},{"text":"& Actualization ","targetRectangle":{"y":294.78515756130219,"x":76.705429077148438,"width":119.072,"height":18.535888671875}},{"text":"One’s Potential","targetRectangle":{"y":313.78515756130219,"x":76.705429077148438,"width":115.24800000000002,"height":18.535888671875}},{"text":"a2","targetRectangle":{"y":266.70039647515836,"x":649.31963070207064,"width":32.46273138998356,"height":33.560828344843742}},{"text":"Simple Psychology in MathDIY: Hierarchy of needs and its downsides using geometry (1\/3)\\u2028– The Pythagorean Theorem –","targetRectangle":{"y":28.075897216796875,"x":107.47999999999996,"width":816.03999999999996,"height":47.44000244140625}},{"text":"c2","targetRectangle":{"y":530.77777099609375,"x":801.25002396702769,"width":20.782666909694626,"height":26.361847066101291}},{"text":"Center of Centrifugal","targetRectangle":{"y":242.51907390356064,"x":843.06494140625,"width":139.98599999999999,"height":16.593902587890625}},{"text":"-z","targetRectangle":{"y":356.74876487211583,"x":643.67673942842134,"width":19.926277428162848,"height":20.742669635105528}},{"text":"T","targetRectangle":{"y":591.5057373046875,"x":449.67886777369637,"width":9.4879999999999995,"height":18.535888671875}},{"text":"Team or Technique","targetRectangle":{"y":610.5057373046875,"x":425.34482062051057,"width":57.789999999999964,"height":23.709930419921875}},{"text":"c","targetRectangle":{"y":388.45611566305161,"x":522.00671425461769,"width":13.775999999999954,"height":28.3038330078125}},{"text":"TEPID","targetRectangle":{"y":607.15943412273828,"x":801.28350507556604,"width":43.324636480864569,"height":49.004110362369488}}],"baseLayer":{"animations":[],"initialState":{"affineTransform":[1,0,0,1,0,0],"masksToBounds":false,"rotation":0,"scale":1,"position":{"pointX":512,"pointY":384},"width":1024,"sublayerTransform":[1,0,0,0,0,1,0,0,0,0,1,0,0,0,0,1],"contentsRect":{"y":0,"x":0,"width":1,"height":1},"opacity":1,"edgeAntialiasingMask":251658240,"height":768,"hidden":false,"anchorPoint":{"pointX":0.5,"pointY":0.5}},"objectID":"0","layers":[{"animations":[],"initialState":{"affineTransform":[1,0,0,1,0,0],"masksToBounds":false,"rotation":0,"scale":1,"position":{"pointX":512,"pointY":384},"width":1024,"sublayerTransform":[1,0,0,0,0,1,0,0,0,0,1,-0.00049229876906403734,0,0,0,1],"contentsRect":{"y":0,"x":0,"width":1,"height":1},"opacity":1,"edgeAntialiasingMask":251658240,"height":768,"hidden":false,"anchorPoint":{"pointX":0.5,"pointY":0.5}},"layers":[{"animations":[],"layers":[],"texturedRectangle":{"isBackgroundTexture":false,"singleTextureOpacity":1,"textureType":0,"textBaseline":0,"textXHeight":0,"isVerticalText":false},"initialState":{"affineTransform":[1,0,0,1,0,0],"masksToBounds":false,"rotation":0,"scale":1,"position":{"pointX":512,"pointY":384},"width":1024,"sublayerTransform":[1,0,0,0,0,1,0,0,0,0,1,0,0,0,0,1],"contentsRect":{"y":0,"x":0,"width":1,"height":1},"opacity":1,"edgeAntialiasingMask":0,"height":768,"hidden":false,"anchorPoint":{"pointX":0.5,"pointY":0.5}},"texture":"392D3040E70E41990A3D002C4F7A448E"}]}]}}]}