{"assets":{"F37971E0C26719E1ADF468122F777128":{"type":"texture","index":0,"assetRequest":{"type":"slide","state":"contents","slide":"none"},"url":{"native":"assets\/B85C050B-49A5-4628-9A73-F47A4355A890.pdf"},"width":1024,"height":768},"DB26795421988C037B7A12C78489D364":{"type":"texture","index":1,"assetRequest":{"type":"slide","state":"contents","slide":"none"},"url":{"native":"assets\/B85C050B-49A5-4628-9A73-F47A4355A890.pdf"},"width":1024,"height":768}},"events":[{"effects":[{"beginTime":0,"baseLayer":{"animations":[],"initialState":{"affineTransform":[1,0,0,1,0,0],"masksToBounds":false,"rotation":0,"scale":1,"position":{"pointX":512,"pointY":384},"width":1024,"sublayerTransform":[1,0,0,0,0,1,0,0,0,0,1,0,0,0,0,1],"contentsRect":{"y":0,"x":0,"width":1,"height":1},"opacity":1,"edgeAntialiasingMask":251658240,"height":768,"hidden":false,"anchorPoint":{"pointX":0.5,"pointY":0.5}},"objectID":"0","layers":[{"animations":[],"initialState":{"affineTransform":[1,0,0,1,0,0],"masksToBounds":false,"rotation":0,"scale":1,"position":{"pointX":512,"pointY":384},"width":1024,"sublayerTransform":[1,0,0,0,0,1,0,0,0,0,1,-0.00049229876906403734,0,0,0,1],"contentsRect":{"y":0,"x":0,"width":1,"height":1},"opacity":1,"edgeAntialiasingMask":251658240,"height":768,"hidden":false,"anchorPoint":{"pointX":0.5,"pointY":0.5}},"layers":[{"animations":[],"layers":[],"texturedRectangle":{"isBackgroundTexture":false,"singleTextureOpacity":1,"textureType":0,"textBaseline":0,"textXHeight":0,"isVerticalText":false},"initialState":{"affineTransform":[1,0,0,1,0,0],"masksToBounds":false,"rotation":0,"scale":1,"position":{"pointX":512,"pointY":384},"width":1024,"sublayerTransform":[1,0,0,0,0,1,0,0,0,0,1,0,0,0,0,1],"contentsRect":{"y":0,"x":0,"width":1,"height":1},"opacity":1,"edgeAntialiasingMask":0,"height":768,"hidden":false,"anchorPoint":{"pointX":0.5,"pointY":0.5}},"texture":"DB26795421988C037B7A12C78489D364"},{"animations":[{"timeOffset":0,"from":{"scalar":false},"beginTime":0,"repeatCount":0,"fillMode":"both","property":"hidden","autoreverses":false,"duration":0.01,"to":{"scalar":true}}],"layers":[],"texturedRectangle":{"isBackgroundTexture":false,"singleTextureOpacity":1,"textureType":0,"textBaseline":0,"textXHeight":0,"isVerticalText":false},"initialState":{"affineTransform":[1,0,0,1,0,0],"masksToBounds":false,"rotation":0,"scale":1,"position":{"pointX":512,"pointY":384},"width":1024,"sublayerTransform":[1,0,0,0,0,1,0,0,0,0,1,0,0,0,0,1],"contentsRect":{"y":0,"x":0,"width":1,"height":1},"opacity":1,"edgeAntialiasingMask":0,"height":768,"hidden":false,"anchorPoint":{"pointX":0.5,"pointY":0.5}},"texture":"F37971E0C26719E1ADF468122F777128"}]}]},"effects":[],"duration":0.01,"type":"transition","attributes":{"direction":0},"name":"none","objectID":"0"}],"automaticPlay":false,"hyperlinks":[{"url":"http:\/\/GitHub.com\/scifiltr","targetRectangle":{"y":285.86000606536868,"x":997.00002217292786,"width":17.564895629882812,"height":135.49499999999995}}],"accessibility":[{"text":"© 2019-10-27 by Jens T. Hinrichs\/MathDIY – GitHub.com\/scifiltr","targetRectangle":{"y":285.86000606536868,"x":997.00002217292786,"width":17.564895629882812,"height":452.27999999999997}},{"text":"RECESSION","targetRectangle":{"y":85.086929321289062,"x":469.96943041992188,"width":103.35599999999999,"height":22.477874755859375}},{"text":"°🄛 of Awareness whereby Yours2-Yours1 > 0 ","targetRectangle":{"y":150.87419062852859,"x":118.59772491455078,"width":361.36200049710271,"height":25}},{"text":"rigid bureaucracy","targetRectangle":{"y":182.22257995605469,"x":651.12698046875005,"width":98.955999999999904,"height":31.622909545898438}},{"text":"firm leadership","targetRectangle":{"y":524.0638427734375,"x":301.92700000000002,"width":81.145999999999958,"height":31.622909545898438}},{"text":"BOOM","targetRectangle":{"y":85.086929321289062,"x":314.483,"width":56.033999999999992,"height":22.477874755859375}},{"text":"ADDRESS TO","targetRectangle":{"y":518.50982624292374,"x":753.74298095703125,"width":104.03199999999993,"height":18.535888671875}},{"text":"GROWTH BY","targetRectangle":{"y":584.13269001245499,"x":864.6031494140625,"width":99.26400000000001,"height":18.535888671875}},{"text":"Phases of the Economic Life Cycle: Growth model according to Identity Crisis from failed networking","targetRectangle":{"y":19.112625122070312,"x":63.060000000000002,"width":897.88000000000011,"height":23.44000244140625}},{"text":"°🄛 of Capacity whereby Yield2-Yield1 > 0 ","targetRectangle":{"y":119.69984370470047,"x":118.06293487548828,"width":333.69600049710272,"height":25}},{"text":"limited autonomy","targetRectangle":{"y":387.12728881835938,"x":305.05349999999999,"width":74.893000000000029,"height":31.622909545898438}},{"text":"AGE AND EXPERIENCE OF AN ORGANIZATIONAL STRUCTURE","targetRectangle":{"y":685.4954833984375,"x":237.59473327636721,"width":532.17000000000007,"height":22.477874755859375}},{"text":"rising creativity","targetRectangle":{"y":629.4130859375,"x":126.55866412353515,"width":73.216000000000008,"height":31.622909545898438}},{"text":"blue\/cold = beginning disillusion\/many paths of decision \\u2028yellow\/warm = bullish mood\/high loyalty","targetRectangle":{"y":723.95597803592682,"x":98.221725463867188,"width":385.9939999999998,"height":33.593902587890625}},{"text":"leadership style","targetRectangle":{"y":491.84085083007812,"x":122.59366412353516,"width":84.760000000000005,"height":31.622909545898438}},{"text":"CRISIS BY","targetRectangle":{"y":584.88928180932999,"x":668.6187744140625,"width":80,"height":18.535888671875}},{"text":"UPTURN","targetRectangle":{"y":85.086929321289062,"x":842.95817382812504,"width":74.339999999999918,"height":22.477874755859375}},{"text":"UPTURN","targetRectangle":{"y":85.086929321289062,"x":125.99666412353517,"width":74.339999999999975,"height":22.477874755859375}},{"text":"more ","targetRectangle":{"y":215.44557189941406,"x":860.1105,"width":42.393000000000029,"height":15.622909545898438}},{"text":"team spirit","targetRectangle":{"y":231.44557189941406,"x":839.03750000000002,"width":80.924999999999955,"height":15.622909545898438}},{"text":"lack of control","targetRectangle":{"y":283.88925170898438,"x":490.21993041992187,"width":62.855000000000018,"height":31.622909545898438}},{"text":"COMPLEXITY of the process organization","targetRectangle":{"y":176.58600000000001,"x":41.894989013671861,"width":22.477874755859403,"height":414.82799999999997}},{"text":"Yield (ℇ)","targetRectangle":{"y":364.04985593018614,"x":409.8219910838817,"width":74.294983345667617,"height":58.48268590217981}},{"text":"Yours (ℇ)","targetRectangle":{"y":350.89930443069494,"x":562.72349162497426,"width":80.846840856669587,"height":44.726782593430471}},{"text":"green\/tepid = growing enthusiasm\/few paths of decision","targetRectangle":{"y":723.95597803592682,"x":517.41314697265625,"width":376.22199999999987,"height":16.593902587890625}},{"text":"orange\/hot = bearish mood\/less loyalty","targetRectangle":{"y":740.95597803592682,"x":517.41314697265625,"width":260.87599999999998,"height":16.593902587890625}},{"text":"Yield (ℇ) = Consumption + Investment","targetRectangle":{"y":606.15547096729279,"x":316.64407348632812,"width":303.12,"height":27}},{"text":"Yours (ℇ) = Democracy + Internet","targetRectangle":{"y":633.65946877002716,"x":316.64407348632812,"width":265.39200000000005,"height":27}},{"text":"delegation upwards","targetRectangle":{"y":421.77890014648438,"x":481.06793041992188,"width":84.772999999999968,"height":31.622909545898438}},{"text":"Lack of motives","targetRectangle":{"y":78.2081298828125,"x":850.8415,"width":60.086000000000013,"height":31.622909545898438}},{"text":"effective coordination","targetRectangle":{"y":316.80014038085938,"x":651.23098046874998,"width":98.748000000000047,"height":31.622909545898438}},{"text":"DEPRESSION","targetRectangle":{"y":84.807487487792969,"x":642.92398046874996,"width":115.36200000000008,"height":22.477874755859375}},{"text":"CARE OF","targetRectangle":{"y":650.49908405542374,"x":770.198974609375,"width":71.120000000000005,"height":18.535888671875}}],"baseLayer":{"animations":[],"initialState":{"affineTransform":[1,0,0,1,0,0],"masksToBounds":false,"rotation":0,"scale":1,"position":{"pointX":512,"pointY":384},"width":1024,"sublayerTransform":[1,0,0,0,0,1,0,0,0,0,1,0,0,0,0,1],"contentsRect":{"y":0,"x":0,"width":1,"height":1},"opacity":1,"edgeAntialiasingMask":251658240,"height":768,"hidden":false,"anchorPoint":{"pointX":0.5,"pointY":0.5}},"objectID":"0","layers":[{"animations":[],"initialState":{"affineTransform":[1,0,0,1,0,0],"masksToBounds":false,"rotation":0,"scale":1,"position":{"pointX":512,"pointY":384},"width":1024,"sublayerTransform":[1,0,0,0,0,1,0,0,0,0,1,-0.00049229876906403734,0,0,0,1],"contentsRect":{"y":0,"x":0,"width":1,"height":1},"opacity":1,"edgeAntialiasingMask":251658240,"height":768,"hidden":false,"anchorPoint":{"pointX":0.5,"pointY":0.5}},"layers":[{"animations":[],"layers":[],"texturedRectangle":{"isBackgroundTexture":false,"singleTextureOpacity":1,"textureType":0,"textBaseline":0,"textXHeight":0,"isVerticalText":false},"initialState":{"affineTransform":[1,0,0,1,0,0],"masksToBounds":false,"rotation":0,"scale":1,"position":{"pointX":512,"pointY":384},"width":1024,"sublayerTransform":[1,0,0,0,0,1,0,0,0,0,1,0,0,0,0,1],"contentsRect":{"y":0,"x":0,"width":1,"height":1},"opacity":1,"edgeAntialiasingMask":0,"height":768,"hidden":false,"anchorPoint":{"pointX":0.5,"pointY":0.5}},"texture":"F37971E0C26719E1ADF468122F777128"}]}]}}]}