{"assets":{"BCEE68C60466178F6A6711CE40DB4EA2":{"type":"texture","index":1,"assetRequest":{"type":"slide","state":"contents","slide":"none"},"url":{"native":"assets\/7553BA76-517C-4FE6-88D3-2A2E251C7BF3.pdf"},"width":1024,"height":768},"99D8C89FCAEB05B686D2FAEF798A848C":{"type":"texture","index":0,"assetRequest":{"type":"slide","state":"contents","slide":"none"},"url":{"native":"assets\/7553BA76-517C-4FE6-88D3-2A2E251C7BF3.pdf"},"width":1024,"height":768}},"events":[{"effects":[{"beginTime":0,"baseLayer":{"animations":[],"initialState":{"affineTransform":[1,0,0,1,0,0],"masksToBounds":false,"rotation":0,"scale":1,"position":{"pointX":512,"pointY":384},"width":1024,"sublayerTransform":[1,0,0,0,0,1,0,0,0,0,1,0,0,0,0,1],"contentsRect":{"y":0,"x":0,"width":1,"height":1},"opacity":1,"edgeAntialiasingMask":251658240,"height":768,"hidden":false,"anchorPoint":{"pointX":0.5,"pointY":0.5}},"objectID":"0","layers":[{"animations":[],"initialState":{"affineTransform":[1,0,0,1,0,0],"masksToBounds":false,"rotation":0,"scale":1,"position":{"pointX":512,"pointY":384},"width":1024,"sublayerTransform":[1,0,0,0,0,1,0,0,0,0,1,-0.00049229876906403734,0,0,0,1],"contentsRect":{"y":0,"x":0,"width":1,"height":1},"opacity":1,"edgeAntialiasingMask":251658240,"height":768,"hidden":false,"anchorPoint":{"pointX":0.5,"pointY":0.5}},"layers":[{"animations":[],"layers":[],"texturedRectangle":{"isBackgroundTexture":false,"singleTextureOpacity":1,"textureType":0,"textBaseline":0,"textXHeight":0,"isVerticalText":false},"initialState":{"affineTransform":[1,0,0,1,0,0],"masksToBounds":false,"rotation":0,"scale":1,"position":{"pointX":512,"pointY":384},"width":1024,"sublayerTransform":[1,0,0,0,0,1,0,0,0,0,1,0,0,0,0,1],"contentsRect":{"y":0,"x":0,"width":1,"height":1},"opacity":1,"edgeAntialiasingMask":0,"height":768,"hidden":false,"anchorPoint":{"pointX":0.5,"pointY":0.5}},"texture":"BCEE68C60466178F6A6711CE40DB4EA2"},{"animations":[{"additive":false,"timeOffset":0,"beginTime":0,"from":{"scalar":false},"repeatCount":0,"fillMode":"both","duration":0.01,"autoreverses":false,"property":"hidden","to":{"scalar":true},"removedOnCompletion":false}],"layers":[],"texturedRectangle":{"isBackgroundTexture":false,"singleTextureOpacity":1,"textureType":0,"textBaseline":0,"textXHeight":0,"isVerticalText":false},"initialState":{"affineTransform":[1,0,0,1,0,0],"masksToBounds":false,"rotation":0,"scale":1,"position":{"pointX":512,"pointY":384},"width":1024,"sublayerTransform":[1,0,0,0,0,1,0,0,0,0,1,0,0,0,0,1],"contentsRect":{"y":0,"x":0,"width":1,"height":1},"opacity":1,"edgeAntialiasingMask":0,"height":768,"hidden":false,"anchorPoint":{"pointX":0.5,"pointY":0.5}},"texture":"99D8C89FCAEB05B686D2FAEF798A848C"}]}]},"effects":[],"duration":0.01,"type":"transition","attributes":{"direction":0},"name":"none","objectID":"0"}],"automaticPlay":false,"hyperlinks":[{"url":"http:\/\/GitHub.com\/scifiltr","targetRectangle":{"y":285.86000606536868,"x":997.00002217292786,"width":17.564895629882812,"height":135.49499999999995}}],"accessibility":[{"text":"TEPID","targetRectangle":{"y":607.15943412273828,"x":801.28350507556604,"width":43.324636480864569,"height":49.004110362369488}},{"text":"c2 = (x1 - x0)2 + (y1 - y0)2  + (z1 - z0)2 ","targetRectangle":{"y":732.73205524682999,"x":131.52557184600829,"width":254.9493352775574,"height":18.535888775346393}},{"text":"∡","targetRectangle":{"y":424.44848549365997,"x":790.48095685243607,"width":39.0380859375,"height":58.57275390625}},{"text":"Middle Class","targetRectangle":{"y":265.60145610570908,"x":840.65850830078125,"width":86.016000000000076,"height":16.593902587890625}},{"text":"‘‘There are more prime number of needs than any given number of scales’’","targetRectangle":{"y":82.416778922080994,"x":283.16000000000003,"width":464.35199999999992,"height":57.3038330078125}},{"text":"c","targetRectangle":{"y":417.58792108297348,"x":568.85803261399269,"width":13.775999999999954,"height":28.3038330078125}},{"text":"b","targetRectangle":{"y":214.67041009664536,"x":800.81991618871689,"width":14.663999999999987,"height":28.3038330078125}},{"text":"∟","targetRectangle":{"y":476.32079994678497,"x":794.56701731681824,"width":37.80029296875,"height":58.57275390625}},{"text":"n:= p1 x p2 … pr + 1 ","targetRectangle":{"y":732.73205524682999,"x":760.70585825347905,"width":146.65066714382169,"height":18.535888775346393}},{"text":"INFLUENCE OF SOCIAL NETWORK (DENSITY)","targetRectangle":{"y":685.4954833984375,"x":309.8017332763672,"width":387.75599999999991,"height":22.477874755859375}},{"text":"To Be Loved by Others","targetRectangle":{"y":444.46672034263611,"x":76.705429077148438,"width":172.208,"height":18.535888671875}},{"text":"& Belonging to a Social Group ","targetRectangle":{"y":463.46672034263611,"x":76.705429077148438,"width":233.70800000000003,"height":22.477874755859375}},{"text":"Incubator","targetRectangle":{"y":379.35554477572441,"x":537.1484375,"width":64.288000000000011,"height":16.593902587890625}},{"text":"T2","targetRectangle":{"y":410.3580322265625,"x":521.18766482425156,"width":15.418666843414258,"height":18.535888775346393}},{"text":"Distance Angle","targetRectangle":{"y":448.81907695531845,"x":841.1993408203125,"width":100.82799999999997,"height":16.593902587890625}},{"text":"cos γ = 90°","targetRectangle":{"y":494.54847759008408,"x":841.1993408203125,"width":72.463999999999942,"height":16.593902587890625}},{"text":"A","targetRectangle":{"y":406.60803216695786,"x":335.31570482254028,"width":16.439999999999998,"height":28.3038330078125}},{"text":"Appreciation & Recognition","targetRectangle":{"y":365.23205536603928,"x":76.705429077148438,"width":209.12,"height":18.535888671875}},{"text":"of One’s Accomplishment","targetRectangle":{"y":384.23205536603928,"x":76.705429077148438,"width":195.48800000000006,"height":18.535888671875}},{"text":"T1","targetRectangle":{"y":480.201416015625,"x":317.03559573245462,"width":15.418666843414314,"height":18.535888775346393}},{"text":"● BEYOND INNOVATION \\u2028● RESCUES THE STATISTICS \\u2028● WORLD TRADE \\u2028● GLOBALIZATION + PACIFICATION ","targetRectangle":{"y":468.23205626010895,"x":561.47991943359375,"width":138.952,"height":39.7679443359375}},{"text":"Slope Triangle ","targetRectangle":{"y":405.29786723852158,"x":842.07867431640625,"width":98.490000000000009,"height":16.593902587890625}},{"text":"∡","targetRectangle":{"y":371.9725638628006,"x":641.36047381162643,"width":39.0380859375,"height":58.57275390625}},{"text":"Pinterest Mirror","targetRectangle":{"y":312.4709934592247,"x":841.190673828125,"width":104.73400000000004,"height":16.593902587890625}},{"text":"B","targetRectangle":{"y":406.60803216695786,"x":706.03375005722046,"width":16.895999999999958,"height":28.3038330078125}},{"text":"● PATENT TROLLS\\u2028● MULTIPLE MANDATES\\u2028● FUNDS AND FINANCIAL LOCUSTS \\u2028● CONFLICTS OF INTERESTS\\u2028● MILITARY INTERVENTIONS\\u2028● STARTUPS\\u2028● SANCTIONS OR CUSTOMS","targetRectangle":{"y":518.325927734375,"x":567.4520263671875,"width":149.20799999999997,"height":69.7679443359375}},{"text":"Playground","targetRectangle":{"y":379.35554477572441,"x":450.04708862304688,"width":75.711999999999989,"height":16.593902587890625}},{"text":"Cash Farm","targetRectangle":{"y":451.22764560580254,"x":493.305908203125,"width":72.590000000000032,"height":16.593902587890625}},{"text":"Score Compass","targetRectangle":{"y":358.35554546117783,"x":842.07867431640625,"width":106.03600000000006,"height":16.593902587890625}},{"text":"q > m x (m + 1) ","targetRectangle":{"y":732.73205524682999,"x":529.54374625587468,"width":115.16800000000001,"height":18.535888671875}},{"text":"● PRIVATE SAVINGS AND PRECAUTION\\u2028● WELFARE AND LIFE QUALITY \\u2028● HEAR THE GLOBAL WARNINGS\\u2028● MORALITY AND ETHICAL FAILURE\\u2028● END OF SUPPLY CHAIN\\u2028● FREE VOTING\\u2028● GAINFULLY BIOGRAPHY","targetRectangle":{"y":602.935302734375,"x":387.81195068359375,"width":159.10400000000004,"height":69.7679443359375}},{"text":"b","targetRectangle":{"y":337.81127923727036,"x":537.64846843481064,"width":14.663999999999987,"height":28.3038330078125}},{"text":"Shark Tank","targetRectangle":{"y":546.38621494174004,"x":430.76202392578125,"width":74.172000000000025,"height":16.593902587890625}},{"text":"WARM","targetRectangle":{"y":438.5664470621914,"x":675.33587323962854,"width":45.943735461622282,"height":52.479772102095353}},{"text":"● Alibi DEBATES \\u2028and EXCUSES \\u2028● Legal Loopholes \\u2028● PROTECTIONISM\\u2028● POLITICAL CORRECTNESS\\u2028● CULTURAL EXCHANGE ","targetRectangle":{"y":448.2320568561554,"x":364.02421484374997,"width":121.92000000000002,"height":59.7679443359375}},{"text":"Wealth","targetRectangle":{"y":220.52537578344345,"x":840.65850830078125,"width":45.331999999999994,"height":16.593902587890625}},{"text":"a","targetRectangle":{"y":169.23400872945786,"x":798.33319130539894,"width":13.775999999999954,"height":28.3038330078125}},{"text":"Self Optimization ","targetRectangle":{"y":275.78515756130219,"x":76.705429077148438,"width":135.03999999999999,"height":18.535888671875}},{"text":"& Actualization ","targetRectangle":{"y":294.78515756130219,"x":76.705429077148438,"width":119.072,"height":18.535888671875}},{"text":"One’s Potential","targetRectangle":{"y":313.78515756130219,"x":76.705429077148438,"width":115.24800000000002,"height":18.535888671875}},{"text":"C","targetRectangle":{"y":224.94781488180161,"x":520.00271445512772,"width":17.783999999999992,"height":28.3038330078125}},{"text":"● CONTRIBUTION MARGINS\\u2028● VETO RIGHTS\\u2028● COMMON OWNERSHIP\\u2028● DIGITAL TRANSFORMATION\\u2028● EXPLOITATION\\u2028● POLITICAL STRUGGLE AND SURVIVAL\\u2028● PROUD AND PREJUDICES","targetRectangle":{"y":602.50323486328125,"x":649.9649658203125,"width":163.18399999999997,"height":69.7679443359375}},{"text":"Fundamental Basic & ","targetRectangle":{"y":621.23205536603928,"x":76.915679931640625,"width":166.19200000000001,"height":18.535888671875}},{"text":"Physiological Needs","targetRectangle":{"y":640.23205536603928,"x":76.915679931640625,"width":154.304,"height":18.535888671875}},{"text":"Petting ","targetRectangle":{"y":615.04991114139557,"x":289.84344436740878,"width":51.589999999999975,"height":16.593902587890625}},{"text":"Zoo","targetRectangle":{"y":632.04991114139557,"x":300.60244436740874,"width":26.180000000000007,"height":16.593902587890625}},{"text":"COLD","targetRectangle":{"y":524.59040336101953,"x":739.98748456775354,"width":42.275071080487351,"height":47.611290032847023}},{"text":"c","targetRectangle":{"y":257.89154046773911,"x":800.61535683274269,"width":13.775999999999954,"height":28.3038330078125}},{"text":"© 2019-12-17 by Jens T. Hinrichs\/MathDIY – GitHub.com\/scifiltr","targetRectangle":{"y":285.86000606536868,"x":997.00002217292786,"width":17.564895629882812,"height":452.27999999999997}},{"text":"a","targetRectangle":{"y":324.61578363180161,"x":630.22778359055519,"width":13.775999999999954,"height":28.3038330078125}},{"text":"Poverty","targetRectangle":{"y":175.08897441625595,"x":839.65850830078125,"width":50.847999999999956,"height":16.593902587890625}},{"text":"Simple Psychology in MathDIY: Hierarchy of needs and its downsides using geometry (2\/4)\\u2028– Proof of Contradiction by Euclid –","targetRectangle":{"y":28.075897216796875,"x":107.47999999999996,"width":816.03999999999996,"height":47.44000244140625}},{"text":"HIERARCHY OF INDIVIDUAL MOTIVATION (Intensity)","targetRectangle":{"y":154.42800000000011,"x":41.894989013671861,"width":22.477874755859403,"height":459.14399999999978}},{"text":"Safety Reasons ","targetRectangle":{"y":534.82037323713303,"x":77.147674560546875,"width":123.27999999999997,"height":18.535888671875}},{"text":"& Privacy Protection ","targetRectangle":{"y":553.82037323713303,"x":77.147674560546875,"width":159.72800000000004,"height":18.535888671875}},{"text":"Jurassic ","targetRectangle":{"y":611.85380518436432,"x":556.77774824714663,"width":60.144000000000005,"height":16.593902587890625}},{"text":"Park","targetRectangle":{"y":628.85380518436432,"x":569.47574824714661,"width":30.855999999999995,"height":16.593902587890625}}],"baseLayer":{"animations":[],"initialState":{"affineTransform":[1,0,0,1,0,0],"masksToBounds":false,"rotation":0,"scale":1,"position":{"pointX":512,"pointY":384},"width":1024,"sublayerTransform":[1,0,0,0,0,1,0,0,0,0,1,0,0,0,0,1],"contentsRect":{"y":0,"x":0,"width":1,"height":1},"opacity":1,"edgeAntialiasingMask":251658240,"height":768,"hidden":false,"anchorPoint":{"pointX":0.5,"pointY":0.5}},"objectID":"0","layers":[{"animations":[],"initialState":{"affineTransform":[1,0,0,1,0,0],"masksToBounds":false,"rotation":0,"scale":1,"position":{"pointX":512,"pointY":384},"width":1024,"sublayerTransform":[1,0,0,0,0,1,0,0,0,0,1,-0.00049229876906403734,0,0,0,1],"contentsRect":{"y":0,"x":0,"width":1,"height":1},"opacity":1,"edgeAntialiasingMask":251658240,"height":768,"hidden":false,"anchorPoint":{"pointX":0.5,"pointY":0.5}},"layers":[{"animations":[],"layers":[],"texturedRectangle":{"isBackgroundTexture":false,"singleTextureOpacity":1,"textureType":0,"textBaseline":0,"textXHeight":0,"isVerticalText":false},"initialState":{"affineTransform":[1,0,0,1,0,0],"masksToBounds":false,"rotation":0,"scale":1,"position":{"pointX":512,"pointY":384},"width":1024,"sublayerTransform":[1,0,0,0,0,1,0,0,0,0,1,0,0,0,0,1],"contentsRect":{"y":0,"x":0,"width":1,"height":1},"opacity":1,"edgeAntialiasingMask":0,"height":768,"hidden":false,"anchorPoint":{"pointX":0.5,"pointY":0.5}},"texture":"99D8C89FCAEB05B686D2FAEF798A848C"}]}]}}]}