{"assets":{"5EF1B7A45FCFD0C07E743D8DAA21AE99":{"type":"texture","index":0,"assetRequest":{"type":"slide","state":"contents","slide":"none"},"url":{"native":"assets\/05B1B9E5-B46D-4270-80BF-10094A049031.pdf"},"width":1024,"height":768},"AA3A281AE8F337E932C3F83DD264EECC":{"type":"texture","index":1,"assetRequest":{"type":"slide","state":"contents","slide":"none"},"url":{"native":"assets\/05B1B9E5-B46D-4270-80BF-10094A049031.pdf"},"width":1024,"height":768}},"events":[{"effects":[{"beginTime":0,"baseLayer":{"animations":[],"initialState":{"affineTransform":[1,0,0,1,0,0],"masksToBounds":false,"rotation":0,"scale":1,"position":{"pointX":512,"pointY":384},"width":1024,"sublayerTransform":[1,0,0,0,0,1,0,0,0,0,1,0,0,0,0,1],"contentsRect":{"y":0,"x":0,"width":1,"height":1},"opacity":1,"edgeAntialiasingMask":251658240,"height":768,"hidden":false,"anchorPoint":{"pointX":0.5,"pointY":0.5}},"objectID":"0","layers":[{"animations":[],"initialState":{"affineTransform":[1,0,0,1,0,0],"masksToBounds":false,"rotation":0,"scale":1,"position":{"pointX":512,"pointY":384},"width":1024,"sublayerTransform":[1,0,0,0,0,1,0,0,0,0,1,-0.00049229876906403734,0,0,0,1],"contentsRect":{"y":0,"x":0,"width":1,"height":1},"opacity":1,"edgeAntialiasingMask":251658240,"height":768,"hidden":false,"anchorPoint":{"pointX":0.5,"pointY":0.5}},"layers":[{"animations":[],"layers":[],"texturedRectangle":{"isBackgroundTexture":false,"singleTextureOpacity":1,"textureType":0,"textBaseline":0,"textXHeight":0,"isVerticalText":false},"initialState":{"affineTransform":[1,0,0,1,0,0],"masksToBounds":false,"rotation":0,"scale":1,"position":{"pointX":512,"pointY":384},"width":1024,"sublayerTransform":[1,0,0,0,0,1,0,0,0,0,1,0,0,0,0,1],"contentsRect":{"y":0,"x":0,"width":1,"height":1},"opacity":1,"edgeAntialiasingMask":0,"height":768,"hidden":false,"anchorPoint":{"pointX":0.5,"pointY":0.5}},"texture":"AA3A281AE8F337E932C3F83DD264EECC"},{"animations":[{"additive":false,"timeOffset":0,"beginTime":0,"from":{"scalar":false},"repeatCount":0,"fillMode":"both","duration":0.01,"autoreverses":false,"property":"hidden","to":{"scalar":true},"removedOnCompletion":false}],"layers":[],"texturedRectangle":{"isBackgroundTexture":false,"singleTextureOpacity":1,"textureType":0,"textBaseline":0,"textXHeight":0,"isVerticalText":false},"initialState":{"affineTransform":[1,0,0,1,0,0],"masksToBounds":false,"rotation":0,"scale":1,"position":{"pointX":512,"pointY":384},"width":1024,"sublayerTransform":[1,0,0,0,0,1,0,0,0,0,1,0,0,0,0,1],"contentsRect":{"y":0,"x":0,"width":1,"height":1},"opacity":1,"edgeAntialiasingMask":0,"height":768,"hidden":false,"anchorPoint":{"pointX":0.5,"pointY":0.5}},"texture":"5EF1B7A45FCFD0C07E743D8DAA21AE99"}]}]},"effects":[],"duration":0.01,"type":"transition","attributes":{"direction":0},"name":"none","objectID":"0"}],"automaticPlay":false,"hyperlinks":[{"url":"http:\/\/GitHub.com\/scifiltr","targetRectangle":{"y":285.86000606536868,"x":997.00002217292786,"width":17.564895629882812,"height":135.49499999999995}}],"accessibility":[{"text":"+","targetRectangle":{"y":487.87042236328125,"x":457.1493984061371,"width":4.8000000000000114,"height":9.7679443359375}},{"text":"+","targetRectangle":{"y":217.29010009765625,"x":782.31004293738704,"width":4.8000000000000682,"height":9.7679443359375}},{"text":"+","targetRectangle":{"y":270.62957763671875,"x":510.23500691975192,"width":4.1999999999999886,"height":8.7969512939453125}},{"text":"+","targetRectangle":{"y":541.79010009765625,"x":618.57659017170499,"width":4.2000000000000455,"height":8.7969512939453125}},{"text":"+","targetRectangle":{"y":488.79013061523438,"x":185.24739826338785,"width":3.5999999999999943,"height":6.825958251953125}},{"text":"+","targetRectangle":{"y":594.7098388671875,"x":457.1493984061371,"width":4.8000000000000114,"height":9.7679443359375}},{"text":"+","targetRectangle":{"y":163.7901611328125,"x":510.23500691975192,"width":4.1999999999999886,"height":8.7969512939453125}},{"text":"+","targetRectangle":{"y":595.62957763671875,"x":185.24739826338785,"width":3.5999999999999943,"height":6.825958251953125}},{"text":"y","targetRectangle":{"y":483,"x":832.80407282830026,"width":8.3039999999999736,"height":18.535888671875}},{"text":"+","targetRectangle":{"y":487.87042236328125,"x":563.64579733191829,"width":4.8000000000000682,"height":9.7679443359375}},{"text":"MathDIY presents: The Interaction Law in competing ecosystems using a Balanced Score Cube (1\/7)","targetRectangle":{"y":28.075897216796875,"x":62.829999999999927,"width":898.34000000000015,"height":23.44000244140625}},{"text":"+","targetRectangle":{"y":487.87039184570312,"x":131.076255400766,"width":4.7999999999999829,"height":9.7679443359375}},{"text":"-y","targetRectangle":{"y":592.5,"x":829.69235225746945,"width":14.52800000000002,"height":18.535888671875}},{"text":"+","targetRectangle":{"y":594.7098388671875,"x":563.64579733191829,"width":4.8000000000000682,"height":9.7679443359375}},{"text":"-x","targetRectangle":{"y":213.5,"x":289.37864400551632,"width":14.816000000000031,"height":18.535888671875}},{"text":"+","targetRectangle":{"y":594.7098388671875,"x":131.076255400766,"width":4.7999999999999829,"height":9.7679443359375}},{"text":"-z","targetRectangle":{"y":592,"x":775.84401179314409,"width":14.223999999999933,"height":18.535888671875}},{"text":"+","targetRectangle":{"y":541.29010009765625,"x":563.64579733191829,"width":4.8000000000000682,"height":9.7679443359375}},{"text":"x","targetRectangle":{"y":213.5,"x":399.99036457634719,"width":8.5919999999999845,"height":18.535888671875}},{"text":"x<0","targetRectangle":{"y":311,"x":283.13766755652773,"width":27.087999999999965,"height":18.535888671875}},{"text":"y>0","targetRectangle":{"y":330,"x":283.28410310274427,"width":26.799999999999955,"height":18.535888671875}},{"text":"+","targetRectangle":{"y":487.87039184570312,"x":237.57264669715272,"width":4.7999999999999829,"height":9.7679443359375}},{"text":"x<0","targetRectangle":{"y":473,"x":769.30731477332461,"width":27.087999999999965,"height":18.535888671875}},{"text":"y>0","targetRectangle":{"y":492,"x":769.45375031954109,"width":26.800000000000068,"height":18.535888671875}},{"text":"-z","targetRectangle":{"y":430,"x":289.67436457634716,"width":14.22399999999999,"height":18.535888671875}},{"text":"+","targetRectangle":{"y":164.33261108398438,"x":671.84800680457454,"width":4.8000000000000682,"height":9.7679443359375}},{"text":"+","targetRectangle":{"y":541.29010009765625,"x":457.1493984061371,"width":4.8000000000000114,"height":9.7679443359375}},{"text":"x>0","targetRectangle":{"y":420,"x":390.63766755652773,"width":27.087999999999965,"height":18.535888671875}},{"text":"y<0","targetRectangle":{"y":439,"x":390.78410310274427,"width":26.799999999999955,"height":18.535888671875}},{"text":"balanced score criteria","targetRectangle":{"y":693.53259295225143,"x":451.8446044921875,"width":162.67200000000003,"height":17.552001953125}},{"text":"+","targetRectangle":{"y":594.7098388671875,"x":237.57264669715272,"width":4.7999999999999829,"height":9.7679443359375}},{"text":"x>0","targetRectangle":{"y":582,"x":876.80737580848086,"width":27.087999999999965,"height":18.535888671875}},{"text":"y<0","targetRectangle":{"y":601,"x":876.95381135469734,"width":26.800000000000068,"height":18.535888671875}},{"text":"y","targetRectangle":{"y":321.5,"x":508.6343645763472,"width":8.3039999999999168,"height":18.535888671875}},{"text":"+","targetRectangle":{"y":271.17202758789062,"x":671.84800680457454,"width":4.8000000000000682,"height":9.7679443359375}},{"text":"+","targetRectangle":{"y":487.7901611328125,"x":672.14794026936124,"width":4.2000000000000455,"height":8.7969512939453125}},{"text":"y","targetRectangle":{"y":321,"x":346.6343645763472,"width":8.3039999999999736,"height":18.535888671875}},{"text":" + unknown sidekick (placeholder)","targetRectangle":{"y":692.85076922178268,"x":675.1910400390625,"width":243.12000000000012,"height":17.552001953125}},{"text":"z","targetRectangle":{"y":321,"x":399.44700910759718,"width":8,"height":18.535888671875}},{"text":"+","targetRectangle":{"y":164.79013061523438,"x":186.49919880049723,"width":3.5999999999999943,"height":6.825958251953125}},{"text":"+","targetRectangle":{"y":542.79010009765625,"x":238.17244709151285,"width":3.5999999999999943,"height":6.825958251953125}},{"text":"x<0","targetRectangle":{"y":311.5,"x":445.13766755652773,"width":27.087999999999965,"height":18.535888671875}},{"text":"y>0","targetRectangle":{"y":330.5,"x":445.28410310274427,"width":26.799999999999955,"height":18.535888671875}},{"text":"z","targetRectangle":{"y":483,"x":885.61671735955031,"width":8,"height":18.535888671875}},{"text":"-y","targetRectangle":{"y":431,"x":505.52264400551633,"width":14.52800000000002,"height":18.535888671875}},{"text":"-y","targetRectangle":{"y":430.5,"x":343.52264400551633,"width":14.52800000000002,"height":18.535888671875}},{"text":"-x","targetRectangle":{"y":375.5,"x":289.37864400551632,"width":14.816000000000031,"height":18.535888671875}},{"text":"+","targetRectangle":{"y":271.62960815429688,"x":186.49919880049723,"width":3.5999999999999943,"height":6.825958251953125}},{"text":"x>0","targetRectangle":{"y":420.5,"x":552.63763703894961,"width":27.087999999999965,"height":18.535888671875}},{"text":"y<0","targetRectangle":{"y":439.5,"x":552.78407258516609,"width":26.800000000000068,"height":18.535888671875}},{"text":"+","targetRectangle":{"y":542.79010009765625,"x":131.67605579512613,"width":3.5999999999999943,"height":6.825958251953125}},{"text":"-x","targetRectangle":{"y":537.5,"x":775.5482912223132,"width":14.816000000000031,"height":18.535888671875}},{"text":"-z","targetRectangle":{"y":430.5,"x":451.67436457634716,"width":14.22399999999999,"height":18.535888671875}},{"text":"y","targetRectangle":{"y":321,"x":670.97368952751901,"width":8.3039999999999736,"height":18.535888671875}},{"text":"x","targetRectangle":{"y":375.5,"x":399.99036457634719,"width":8.5919999999999845,"height":18.535888671875}},{"text":"x<0","targetRectangle":{"y":311.5,"x":769.38763703894961,"width":27.087999999999965,"height":18.535888671875}},{"text":"y>0","targetRectangle":{"y":330.5,"x":769.53407258516609,"width":26.800000000000068,"height":18.535888671875}},{"text":"+","targetRectangle":{"y":163.87039184570312,"x":132.32805593787538,"width":4.7999999999999829,"height":9.7679443359375}},{"text":"+","targetRectangle":{"y":487.44277954101562,"x":348.06007345496522,"width":4.8000000000000114,"height":9.7679443359375}},{"text":"z","targetRectangle":{"y":321.5,"x":561.44703962517531,"width":8,"height":18.535888671875}},{"text":"x","targetRectangle":{"y":537.5,"x":886.16007282830026,"width":8.5919999999999845,"height":18.535888671875}},{"text":"balanced score compass","targetRectangle":{"y":676.74469012022018,"x":452.34527587890625,"width":179.60000000000002,"height":17.552001953125}},{"text":"orange\/spotlight","targetRectangle":{"y":692.13555926084518,"x":274.130126953125,"width":117.04000000000002,"height":17.552001953125}},{"text":"+","targetRectangle":{"y":163.87042236328125,"x":456.36372335730897,"width":4.8000000000000114,"height":9.7679443359375}},{"text":"-y","targetRectangle":{"y":430.5,"x":667.8619689566882,"width":14.52800000000002,"height":18.535888671875}},{"text":"x>0","targetRectangle":{"y":420.5,"x":876.88769807410586,"width":27.087999999999965,"height":18.535888671875}},{"text":"y<0","targetRectangle":{"y":439.5,"x":877.03413362032234,"width":26.800000000000068,"height":18.535888671875}},{"text":"+","targetRectangle":{"y":272.20986938476562,"x":132.92785633223551,"width":3.5999999999999943,"height":6.825958251953125}},{"text":"+","targetRectangle":{"y":594.7822265625,"x":348.36000691975192,"width":4.1999999999999886,"height":8.7969512939453125}},{"text":"-x","targetRectangle":{"y":376,"x":451.37864400551632,"width":14.816000000000031,"height":18.535888671875}},{"text":"+","targetRectangle":{"y":218.33255004882812,"x":724.77299459754329,"width":4.8000000000000682,"height":9.7679443359375}},{"text":"+","targetRectangle":{"y":270.7098388671875,"x":456.36372335730897,"width":4.8000000000000114,"height":9.7679443359375}},{"text":"-z","targetRectangle":{"y":430,"x":614.01368952751909,"width":14.223999999999933,"height":18.535888671875}},{"text":"z","targetRectangle":{"y":321.5,"x":885.69703962517531,"width":8,"height":18.535888671875}},{"text":"+","targetRectangle":{"y":165.37039184570312,"x":239.42424762862223,"width":3.5999999999999943,"height":6.825958251953125}},{"text":"+","targetRectangle":{"y":489.52304077148438,"x":295.08852375166907,"width":3.6000000000000227,"height":6.825958251953125}},{"text":"x","targetRectangle":{"y":376,"x":561.99033405876901,"width":8.5919999999999845,"height":18.535888671875}},{"text":"+","targetRectangle":{"y":218.33255004882812,"x":618.27665670691829,"width":4.8000000000000682,"height":9.7679443359375}},{"text":"+","targetRectangle":{"y":163.87042236328125,"x":562.86009176551204,"width":4.8000000000000682,"height":9.7679443359375}},{"text":"x<0","targetRectangle":{"y":311,"x":607.47699250769961,"width":27.087999999999965,"height":18.535888671875}},{"text":"y>0","targetRectangle":{"y":330,"x":607.62342805391609,"width":26.800000000000068,"height":18.535888671875}},{"text":"-x","targetRectangle":{"y":376,"x":775.6286134879382,"width":14.816000000000031,"height":18.535888671875}},{"text":"+","targetRectangle":{"y":270.70986938476562,"x":238.8244472342621,"width":4.7999999999999829,"height":9.7679443359375}},{"text":"+","targetRectangle":{"y":594.86248779296875,"x":294.48872335730897,"width":4.8000000000000114,"height":9.7679443359375}},{"text":"+","targetRectangle":{"y":163.2901611328125,"x":835.88139303504329,"width":4.8000000000000682,"height":9.7679443359375}},{"text":"+","targetRectangle":{"y":270.7098388671875,"x":562.86009176551204,"width":4.8000000000000682,"height":9.7679443359375}},{"text":"+","targetRectangle":{"y":434.62960815429688,"x":186.49735248702066,"width":3.5999999999999943,"height":6.825958251953125}},{"text":"red\/hotspot","targetRectangle":{"y":675.74469012022018,"x":274.4705810546875,"width":83.279999999999973,"height":17.552001953125}},{"text":"x>0","targetRectangle":{"y":420,"x":714.97699250769961,"width":27.087999999999965,"height":18.535888671875}},{"text":"y<0","targetRectangle":{"y":439,"x":715.12342805391609,"width":26.800000000000068,"height":18.535888671875}},{"text":"x","targetRectangle":{"y":376,"x":886.24039509392526,"width":8.5919999999999845,"height":18.535888671875}},{"text":"+","targetRectangle":{"y":217.29013061523438,"x":238.8244472342621,"width":4.7999999999999829,"height":9.7679443359375}},{"text":"yellow\/warm","targetRectangle":{"y":693.13555926084518,"x":127.20818328857422,"width":90.031999999999982,"height":17.552001953125}},{"text":"blue\/cold","targetRectangle":{"y":676.74469012022018,"x":126.40740203857422,"width":66.671999999999997,"height":17.552001953125}},{"text":"+","targetRectangle":{"y":488.02304077148438,"x":400.98512228309022,"width":4.8000000000000114,"height":9.7679443359375}},{"text":"+","targetRectangle":{"y":270.12957763671875,"x":835.88139303504329,"width":4.8000000000000682,"height":9.7679443359375}},{"text":"y","targetRectangle":{"y":321.5,"x":832.88439509392526,"width":8.3039999999999736,"height":18.535888671875}},{"text":"© 2019-12-02 by Jens T. Hinrichs\/MathDIY – GitHub.com\/scifiltr","targetRectangle":{"y":285.86000606536868,"x":997.00002217292786,"width":17.564895629882812,"height":452.27999999999997}},{"text":"+","targetRectangle":{"y":594.62957763671875,"x":672.14794026936124,"width":4.2000000000000455,"height":8.7969512939453125}},{"text":"+","targetRectangle":{"y":164.91287231445312,"x":618.27665670691829,"width":4.8000000000000682,"height":9.7679443359375}},{"text":"+","targetRectangle":{"y":217.29010009765625,"x":562.86009176551204,"width":4.8000000000000682,"height":9.7679443359375}},{"text":"+","targetRectangle":{"y":326.87039184570312,"x":132.32620962439881,"width":4.7999999999999829,"height":9.7679443359375}},{"text":"z","targetRectangle":{"y":321,"x":723.78633405876906,"width":8,"height":18.535888671875}},{"text":"+","targetRectangle":{"y":327.79013061523438,"x":186.49735248702066,"width":3.5999999999999943,"height":6.825958251953125}},{"text":"z","targetRectangle":{"y":159,"x":399.44703962517531,"width":8,"height":18.535888671875}},{"text":"y","targetRectangle":{"y":159,"x":346.6343645763472,"width":8.3039999999999736,"height":18.535888671875}},{"text":"+","targetRectangle":{"y":217.29013061523438,"x":132.32805593787538,"width":4.7999999999999829,"height":9.7679443359375}},{"text":"green\/tepid whereby x,y,z ≥ 0","targetRectangle":{"y":676.74469012022018,"x":699.40142822265625,"width":210.49600000000009,"height":17.552001953125}},{"text":"+","targetRectangle":{"y":596.36248779296875,"x":401.58492267745032,"width":3.6000000000000227,"height":6.825958251953125}},{"text":"+","targetRectangle":{"y":163.87042236328125,"x":782.31004293738704,"width":4.8000000000000682,"height":9.7679443359375}},{"text":"-y","targetRectangle":{"y":431,"x":829.77267452309445,"width":14.52800000000002,"height":18.535888671875}},{"text":"+","targetRectangle":{"y":487.87042236328125,"x":618.27665670691829,"width":4.8000000000000682,"height":9.7679443359375}},{"text":"+","targetRectangle":{"y":271.75228881835938,"x":618.27665670691829,"width":4.8000000000000682,"height":9.7679443359375}},{"text":"+","targetRectangle":{"y":217.29010009765625,"x":456.36372335730897,"width":4.8000000000000114,"height":9.7679443359375}},{"text":"+","targetRectangle":{"y":433.70986938476562,"x":132.32620962439881,"width":4.7999999999999829,"height":9.7679443359375}},{"text":"-x","targetRectangle":{"y":375.5,"x":613.7179689566882,"width":14.816000000000031,"height":18.535888671875}},{"text":"-y","targetRectangle":{"y":268.5,"x":343.52264400551633,"width":14.52800000000002,"height":18.535888671875}},{"text":"+","targetRectangle":{"y":541.4427490234375,"x":400.98512228309022,"width":4.8000000000000114,"height":9.7679443359375}},{"text":"+","targetRectangle":{"y":270.7098388671875,"x":782.31004293738704,"width":4.8000000000000682,"height":9.7679443359375}},{"text":"-z","targetRectangle":{"y":430.5,"x":775.92433405876909,"width":14.223999999999933,"height":18.535888671875}},{"text":"+","targetRectangle":{"y":594.7098388671875,"x":618.27665670691829,"width":4.8000000000000682,"height":9.7679443359375}},{"text":"+","targetRectangle":{"y":164.91287231445312,"x":724.77299459754329,"width":4.8000000000000682,"height":9.7679443359375}},{"text":"+","targetRectangle":{"y":326.87039184570312,"x":238.82260092078553,"width":4.7999999999999829,"height":9.7679443359375}},{"text":"x","targetRectangle":{"y":375.5,"x":724.32968952751901,"width":8.5919999999999845,"height":18.535888671875}},{"text":"-z","targetRectangle":{"y":268,"x":289.67436457634716,"width":14.22399999999999,"height":18.535888671875}},{"text":"+","targetRectangle":{"y":542.9427490234375,"x":295.08852375166907,"width":3.6000000000000227,"height":6.825958251953125}},{"text":"+","targetRectangle":{"y":163.87042236328125,"x":888.80638082801204,"width":4.8000000000000682,"height":9.7679443359375}},{"text":"+","targetRectangle":{"y":487.87042236328125,"x":724.77305563269954,"width":4.8000000000000682,"height":9.7679443359375}},{"text":"+","targetRectangle":{"y":271.75228881835938,"x":724.77299459754329,"width":4.8000000000000682,"height":9.7679443359375}},{"text":"+","targetRectangle":{"y":433.70986938476562,"x":238.82260092078553,"width":4.7999999999999829,"height":9.7679443359375}},{"text":"x<0","targetRectangle":{"y":149,"x":283.13766755652773,"width":27.087999999999965,"height":18.535888671875}},{"text":"y>0","targetRectangle":{"y":168,"x":283.28410310274427,"width":26.799999999999955,"height":18.535888671875}},{"text":"+","targetRectangle":{"y":487.2901611328125,"x":510.72074850379335,"width":4.8000000000000114,"height":9.7679443359375}},{"text":"+","targetRectangle":{"y":270.7098388671875,"x":888.80638082801204,"width":4.8000000000000682,"height":9.7679443359375}},{"text":"+","targetRectangle":{"y":594.7098388671875,"x":724.77305563269954,"width":4.8000000000000682,"height":9.7679443359375}},{"text":"+","targetRectangle":{"y":380.29013061523438,"x":238.82260092078553,"width":4.7999999999999829,"height":9.7679443359375}},{"text":"x>0","targetRectangle":{"y":258,"x":390.63766755652773,"width":27.087999999999965,"height":18.535888671875}},{"text":"y<0","targetRectangle":{"y":277,"x":390.78410310274427,"width":26.799999999999955,"height":18.535888671875}},{"text":"+","targetRectangle":{"y":594.62957763671875,"x":511.02068196858005,"width":4.1999999999999886,"height":8.7969512939453125}},{"text":"+","targetRectangle":{"y":217.29010009765625,"x":888.80638082801204,"width":4.8000000000000682,"height":9.7679443359375}},{"text":"+","targetRectangle":{"y":541.79010009765625,"x":725.07298909748624,"width":4.2000000000000455,"height":8.7969512939453125}},{"text":"+","targetRectangle":{"y":380.29013061523438,"x":132.32620962439881,"width":4.7999999999999829,"height":9.7679443359375}}],"baseLayer":{"animations":[],"initialState":{"affineTransform":[1,0,0,1,0,0],"masksToBounds":false,"rotation":0,"scale":1,"position":{"pointX":512,"pointY":384},"width":1024,"sublayerTransform":[1,0,0,0,0,1,0,0,0,0,1,0,0,0,0,1],"contentsRect":{"y":0,"x":0,"width":1,"height":1},"opacity":1,"edgeAntialiasingMask":251658240,"height":768,"hidden":false,"anchorPoint":{"pointX":0.5,"pointY":0.5}},"objectID":"0","layers":[{"animations":[],"initialState":{"affineTransform":[1,0,0,1,0,0],"masksToBounds":false,"rotation":0,"scale":1,"position":{"pointX":512,"pointY":384},"width":1024,"sublayerTransform":[1,0,0,0,0,1,0,0,0,0,1,-0.00049229876906403734,0,0,0,1],"contentsRect":{"y":0,"x":0,"width":1,"height":1},"opacity":1,"edgeAntialiasingMask":251658240,"height":768,"hidden":false,"anchorPoint":{"pointX":0.5,"pointY":0.5}},"layers":[{"animations":[],"layers":[],"texturedRectangle":{"isBackgroundTexture":false,"singleTextureOpacity":1,"textureType":0,"textBaseline":0,"textXHeight":0,"isVerticalText":false},"initialState":{"affineTransform":[1,0,0,1,0,0],"masksToBounds":false,"rotation":0,"scale":1,"position":{"pointX":512,"pointY":384},"width":1024,"sublayerTransform":[1,0,0,0,0,1,0,0,0,0,1,0,0,0,0,1],"contentsRect":{"y":0,"x":0,"width":1,"height":1},"opacity":1,"edgeAntialiasingMask":0,"height":768,"hidden":false,"anchorPoint":{"pointX":0.5,"pointY":0.5}},"texture":"5EF1B7A45FCFD0C07E743D8DAA21AE99"}]}]}}]}