{"assets":{"61F7FE50EAA76EEEB62E4D3142533B52":{"type":"texture","index":0,"assetRequest":{"type":"slide","state":"contents","slide":"none"},"url":{"native":"assets\/D3CE55C5-36C9-48A8-8587-28991805E1E4.pdf"},"width":1024,"height":768},"23F8F643FEAD08F95052D8E37B4B059B":{"type":"texture","index":1,"assetRequest":{"type":"slide","state":"contents","slide":"none"},"url":{"native":"assets\/D3CE55C5-36C9-48A8-8587-28991805E1E4.pdf"},"width":1024,"height":768}},"events":[{"effects":[{"beginTime":0,"baseLayer":{"animations":[],"initialState":{"affineTransform":[1,0,0,1,0,0],"masksToBounds":false,"rotation":0,"scale":1,"position":{"pointX":512,"pointY":384},"width":1024,"sublayerTransform":[1,0,0,0,0,1,0,0,0,0,1,0,0,0,0,1],"contentsRect":{"y":0,"x":0,"width":1,"height":1},"opacity":1,"edgeAntialiasingMask":251658240,"height":768,"hidden":false,"anchorPoint":{"pointX":0.5,"pointY":0.5}},"objectID":"0","layers":[{"animations":[],"initialState":{"affineTransform":[1,0,0,1,0,0],"masksToBounds":false,"rotation":0,"scale":1,"position":{"pointX":512,"pointY":384},"width":1024,"sublayerTransform":[1,0,0,0,0,1,0,0,0,0,1,-0.00049229876906403734,0,0,0,1],"contentsRect":{"y":0,"x":0,"width":1,"height":1},"opacity":1,"edgeAntialiasingMask":251658240,"height":768,"hidden":false,"anchorPoint":{"pointX":0.5,"pointY":0.5}},"layers":[{"animations":[],"layers":[],"texturedRectangle":{"isBackgroundTexture":false,"singleTextureOpacity":1,"textureType":0,"textBaseline":0,"textXHeight":0,"isVerticalText":false},"initialState":{"affineTransform":[1,0,0,1,0,0],"masksToBounds":false,"rotation":0,"scale":1,"position":{"pointX":512,"pointY":384},"width":1024,"sublayerTransform":[1,0,0,0,0,1,0,0,0,0,1,0,0,0,0,1],"contentsRect":{"y":0,"x":0,"width":1,"height":1},"opacity":1,"edgeAntialiasingMask":0,"height":768,"hidden":false,"anchorPoint":{"pointX":0.5,"pointY":0.5}},"texture":"23F8F643FEAD08F95052D8E37B4B059B"},{"animations":[{"timeOffset":0,"from":{"scalar":false},"beginTime":0,"repeatCount":0,"fillMode":"both","property":"hidden","autoreverses":false,"duration":0.01,"to":{"scalar":true}}],"layers":[],"texturedRectangle":{"isBackgroundTexture":false,"singleTextureOpacity":1,"textureType":0,"textBaseline":0,"textXHeight":0,"isVerticalText":false},"initialState":{"affineTransform":[1,0,0,1,0,0],"masksToBounds":false,"rotation":0,"scale":1,"position":{"pointX":512,"pointY":384},"width":1024,"sublayerTransform":[1,0,0,0,0,1,0,0,0,0,1,0,0,0,0,1],"contentsRect":{"y":0,"x":0,"width":1,"height":1},"opacity":1,"edgeAntialiasingMask":0,"height":768,"hidden":false,"anchorPoint":{"pointX":0.5,"pointY":0.5}},"texture":"61F7FE50EAA76EEEB62E4D3142533B52"}]}]},"effects":[],"duration":0.01,"type":"transition","attributes":{"direction":0},"name":"none","objectID":"0"}],"automaticPlay":false,"hyperlinks":[{"url":"http:\/\/GitHub.com\/scifiltr","targetRectangle":{"y":285.86000606536868,"x":997.00002217292786,"width":17.564895629882812,"height":135.49499999999995}}],"accessibility":[{"text":"LEAK AND OCCUPY THE LOOPHOLES","targetRectangle":{"y":590.29998779296875,"x":383.98607826607594,"width":40.451999999999998,"height":20.825958251953125}},{"text":"+","targetRectangle":{"y":487.87039184570312,"x":131.06738451384774,"width":4.8000000000000114,"height":9.7679443359375}},{"text":"I, NATURE OBJECT","targetRectangle":{"y":537.1458740234375,"x":384.25418596429455,"width":40.463999999999999,"height":19.7679443359375}},{"text":"x","targetRectangle":{"y":375.5,"x":399.9888405401303,"width":8.5920000000000414,"height":18.535888671875}},{"text":"+","targetRectangle":{"y":594.7098388671875,"x":131.06738451384774,"width":4.8000000000000114,"height":9.7679443359375}},{"text":"y","targetRectangle":{"y":483,"x":832.80254879208348,"width":8.3039999999999736,"height":18.535888671875}},{"text":"APPLAU-DING ","targetRectangle":{"y":528.9427490234375,"x":283.74045234818891,"width":26.117999999999995,"height":13.825958251953125}},{"text":"GREEN-HOUSE EFFECT","targetRectangle":{"y":542.9427490234375,"x":285.37857349388247,"width":23.621771546999241,"height":20.825958251953125}},{"text":"+","targetRectangle":{"y":487.87039184570312,"x":237.56377581023446,"width":4.8000000000000114,"height":9.7679443359375}},{"text":"-y","targetRectangle":{"y":592.5,"x":829.69224047648436,"width":14.527999999999906,"height":18.535888671875}},{"text":"FEMINISM","targetRectangle":{"y":163.96417236328125,"x":871.48955500506213,"width":39.41599999999994,"height":9.7679443359375}},{"text":"DIGITAL TAX","targetRectangle":{"y":482.7901611328125,"x":497.99371454639987,"width":32.45599999999996,"height":19.7679443359375}},{"text":"+","targetRectangle":{"y":270.7098388671875,"x":888.79750994109384,"width":4.8000000000000682,"height":9.7679443359375}},{"text":"+","targetRectangle":{"y":594.7098388671875,"x":237.56377581023446,"width":4.8000000000000114,"height":9.7679443359375}},{"text":"-z","targetRectangle":{"y":592.5,"x":775.84417944132804,"width":14.224000000000046,"height":18.535888671875}},{"text":"WRONG","targetRectangle":{"y":488.21417236328125,"x":550.48109167955033,"width":31.111999999999966,"height":9.7679443359375}},{"text":"PRICE ON POLUTANT EMISSION","targetRectangle":{"y":586.06707763671875,"x":494.89132825655741,"width":38.387999999999977,"height":26.796951293945312}},{"text":"EN-LIGHTEN-MENT","targetRectangle":{"y":207.29010009765625,"x":872.52950994109381,"width":37.336000000000013,"height":29.7679443359375}},{"text":"BRIGHT SIGHT ","targetRectangle":{"y":528.79010009765625,"x":228.60337568803266,"width":24.228000000000009,"height":13.825958251953125}},{"text":"OF FUTURE ","targetRectangle":{"y":542.79010009765625,"x":223.17949683372623,"width":35.237999999999971,"height":6.825958251953125}},{"text":"WITHOUT RELIEF","targetRectangle":{"y":549.79010009765625,"x":226.13426838072544,"width":29.340000000000003,"height":13.825958251953125}},{"text":"+","targetRectangle":{"y":594.7098388671875,"x":563.63692644500009,"width":4.8000000000000682,"height":9.7679443359375}},{"text":"GENERALI-ZATION","targetRectangle":{"y":214.25885009765625,"x":765.96421498216262,"width":37.471000000000004,"height":17.796951293945312}},{"text":"INTER-","targetRectangle":{"y":532.29010009765625,"x":123.50346288190569,"width":19.896000000000001,"height":6.825958251953125}},{"text":"GENE-RATIONAL ","targetRectangle":{"y":539.29010009765625,"x":118.85218348399984,"width":30.90600000000002,"height":13.825958251953125}},{"text":"JUSTICE","targetRectangle":{"y":553.29010009765625,"x":121.08657068467758,"width":24.780000000000001,"height":6.825958251953125}},{"text":"POOR","targetRectangle":{"y":541.29010009765625,"x":554.4729264450001,"width":23.128000000000043,"height":9.7679443359375}},{"text":"-x","targetRectangle":{"y":213.5,"x":289.37853222453117,"width":14.816000000000031,"height":18.535888671875}},{"text":"POLITICAL SURVIVAL ","targetRectangle":{"y":479.64804077148438,"x":281.53682675589511,"width":32.346000000000004,"height":13.825958251953125}},{"text":"& COMMON OWNERSHIP","targetRectangle":{"y":493.64804077148438,"x":278.66451964128106,"width":36.891612799322274,"height":13.825958251953125}},{"text":"RICH","targetRectangle":{"y":541.29010009765625,"x":449.83652751921886,"width":19.408000000000015,"height":9.7679443359375}},{"text":"x","targetRectangle":{"y":213.5,"x":399.9888405401303,"width":8.5920000000000414,"height":18.535888671875}},{"text":"TOLE-RANCE","targetRectangle":{"y":483.2901611328125,"x":662.18695176424444,"width":24.114999999999895,"height":17.796951293945312}},{"text":"y","targetRectangle":{"y":321,"x":670.97216549130223,"width":8.3039999999999736,"height":18.535888671875}},{"text":"APARTHEID","targetRectangle":{"y":595.03582763671875,"x":654.78657153601591,"width":38.906000000000063,"height":8.7969512939453125}},{"text":"-y","targetRectangle":{"y":430.5,"x":667.86185717570311,"width":14.527999999999906,"height":18.535888671875}},{"text":"RIGHT POPULISM","targetRectangle":{"y":483.87042236328125,"x":602.45560166658811,"width":36.435000000000059,"height":17.796951293945312}},{"text":"-z","targetRectangle":{"y":430.5,"x":614.01385717570304,"width":14.224000000000046,"height":18.535888671875}},{"text":"RASSIM\/SLAVERY","targetRectangle":{"y":589.7254638671875,"x":603.14186096792878,"width":35.063999999999965,"height":19.7679443359375}},{"text":"x<0","targetRectangle":{"y":311,"x":607.49028171641794,"width":27.087999999999965,"height":18.535888671875}},{"text":"y>0","targetRectangle":{"y":330,"x":607.6275361462325,"width":26.799999999999955,"height":18.535888671875}},{"text":"SEMITISM (PLURALITY)","targetRectangle":{"y":485.77667236328125,"x":709.22045076611801,"width":36.874227551039439,"height":15.825958251953125}},{"text":"z","targetRectangle":{"y":321.5,"x":561.44551558895841,"width":8,"height":18.535888671875}},{"text":"x>0","targetRectangle":{"y":420,"x":714.99028171641794,"width":27.087999999999965,"height":18.535888671875}},{"text":"y<0","targetRectangle":{"y":439,"x":715.1275361462325,"width":26.799999999999955,"height":18.535888671875}},{"text":"LEFT POPULISM","targetRectangle":{"y":590.7098388671875,"x":708.95200059236936,"width":36.435000000000059,"height":17.796951293945312}},{"text":"-x","targetRectangle":{"y":376,"x":451.37853222453117,"width":14.816000000000031,"height":18.535888671875}},{"text":"z","targetRectangle":{"y":321,"x":723.78481002255216,"width":8,"height":18.535888671875}},{"text":"INTE-GRATION","targetRectangle":{"y":536.29010009765625,"x":709.60624786870846,"width":35.128000000000043,"height":19.7679443359375}},{"text":"© 2019-12-02 by Jens T. Hinrichs\/MathDIY – GitHub.com\/scifiltr","targetRectangle":{"y":285.86000606536868,"x":997.00002217292786,"width":17.564895629882812,"height":452.27999999999997}},{"text":"x","targetRectangle":{"y":376,"x":561.98881002255223,"width":8.5919999999999845,"height":18.535888671875}},{"text":"-x","targetRectangle":{"y":375.5,"x":613.7178571757031,"width":14.815999999999917,"height":18.535888671875}},{"text":"DEMO-CRACY","targetRectangle":{"y":266.20986938476562,"x":227.37002427031942,"width":27.704000000000008,"height":19.7679443359375}},{"text":"ASSI-MILATION","targetRectangle":{"y":536.29010009765625,"x":601.99784894292725,"width":37.351999999999975,"height":19.7679443359375}},{"text":"x","targetRectangle":{"y":375.5,"x":724.32816549130223,"width":8.5919999999999845,"height":18.535888671875}},{"text":"THE OCCIDENT WORLD","targetRectangle":{"y":427.62960815429688,"x":172.84240222923404,"width":32.562000000000012,"height":20.825958251953125}},{"text":"PROS-PERITY","targetRectangle":{"y":158.2901611328125,"x":498.25226569097413,"width":28.159999999999968,"height":19.7679443359375}},{"text":"YOURS","targetRectangle":{"y":217.63388061523438,"x":227.28774158189404,"width":27.855999999999995,"height":9.7679443359375}},{"text":"x<0","targetRectangle":{"y":311,"x":283.15095676524601,"width":27.088000000000022,"height":18.535888671875}},{"text":"y>0","targetRectangle":{"y":330,"x":283.28821119506063,"width":26.800000000000011,"height":18.535888671875}},{"text":"WELFARE","targetRectangle":{"y":270.22332763671875,"x":493.57824763201523,"width":37.495999999999924,"height":9.7679443359375}},{"text":"FRIDAYS ","targetRectangle":{"y":477.61465454101562,"x":333.66632627650671,"width":35.711999999999989,"height":9.7679443359375}},{"text":"FOR FUTURE","targetRectangle":{"y":487.61465454101562,"x":334.60451631021539,"width":31.711999999999989,"height":19.7679443359375}},{"text":"YIELD","targetRectangle":{"y":217.29013061523438,"x":123.31118505095714,"width":22.816000000000003,"height":9.7679443359375}},{"text":"ABSTEN-TION","targetRectangle":{"y":266.18765258789062,"x":656.82474001667856,"width":34.823999999999955,"height":19.7679443359375}},{"text":"x>0","targetRectangle":{"y":420,"x":390.65095676524601,"width":27.088000000000022,"height":18.535888671875}},{"text":"y<0","targetRectangle":{"y":439,"x":390.78821119506063,"width":26.800000000000011,"height":18.535888671875}},{"text":"balanced score criteria","targetRectangle":{"y":693.53259295225143,"x":451.8446044921875,"width":162.67200000000003,"height":17.552001953125}},{"text":"INTER-CULTURAL","targetRectangle":{"y":320.79013061523438,"x":172.73140222923405,"width":31.115999999999985,"height":13.825958251953125}},{"text":"EXCHANGE","targetRectangle":{"y":334.79013061523438,"x":171.79517377623324,"width":33,"height":6.825958251953125}},{"text":"MathDIY presents: The Interaction Law in competing ecosystems using a Balanced Score Cube (3\/7)","targetRectangle":{"y":28.075897216796875,"x":62.829999999999927,"width":898.34000000000015,"height":23.44000244140625}},{"text":"NAUGHTY BY NATURE","targetRectangle":{"y":591.2509765625,"x":330.94126396472882,"width":39.031999999999982,"height":17.796951293945312}},{"text":"+","targetRectangle":{"y":163.87042236328125,"x":456.35485247039071,"width":4.8000000000000114,"height":9.7679443359375}},{"text":"+","targetRectangle":{"y":164.91287231445312,"x":618.26778582000009,"width":4.8000000000000682,"height":9.7679443359375}},{"text":"-z","targetRectangle":{"y":430.5,"x":289.67453222453116,"width":14.224000000000046,"height":18.535888671875}},{"text":" + unknown sidekick (placeholder)","targetRectangle":{"y":692.85076922178268,"x":675.1910400390625,"width":243.12000000000012,"height":17.552001953125}},{"text":"+","targetRectangle":{"y":270.7098388671875,"x":456.35485247039071,"width":4.8000000000000114,"height":9.7679443359375}},{"text":"+","targetRectangle":{"y":271.75228881835938,"x":618.26778582000009,"width":4.8000000000000682,"height":9.7679443359375}},{"text":"z","targetRectangle":{"y":483,"x":885.61519332333341,"width":8,"height":18.535888671875}},{"text":"y","targetRectangle":{"y":321.5,"x":832.88287105770848,"width":8.3039999999999736,"height":18.535888671875}},{"text":"DO-NATION","targetRectangle":{"y":158.87042236328125,"x":550.65728400152102,"width":29.200000000000045,"height":19.7679443359375}},{"text":"y","targetRectangle":{"y":321,"x":346.6328405401303,"width":8.3040000000000305,"height":18.535888671875}},{"text":"+","targetRectangle":{"y":164.91287231445312,"x":724.76412371062509,"width":4.8000000000000682,"height":9.7679443359375}},{"text":"-x","targetRectangle":{"y":537.5,"x":775.5481794413281,"width":14.815999999999917,"height":18.535888671875}},{"text":"+","targetRectangle":{"y":487.87042236328125,"x":457.14052751921884,"width":4.8000000000000114,"height":9.7679443359375}},{"text":"-y","targetRectangle":{"y":431,"x":829.77256274210936,"width":14.527999999999906,"height":18.535888671875}},{"text":"INTER-CESSION","targetRectangle":{"y":265.7098388671875,"x":547.62528400152098,"width":35.26400000000001,"height":19.7679443359375}},{"text":"-y","targetRectangle":{"y":430.5,"x":343.52253222453118,"width":14.52800000000002,"height":18.535888671875}},{"text":"+","targetRectangle":{"y":271.75228881835938,"x":724.76412371062509,"width":4.8000000000000682,"height":9.7679443359375}},{"text":"y","targetRectangle":{"y":159,"x":346.6328405401303,"width":8.3040000000000305,"height":18.535888671875}},{"text":"x","targetRectangle":{"y":537.5,"x":886.15854879208348,"width":8.5919999999999845,"height":18.535888671875}},{"text":"RIGHT","targetRectangle":{"y":594.7098388671875,"x":447.31652751921882,"width":24.448000000000036,"height":9.7679443359375}},{"text":"-z","targetRectangle":{"y":431,"x":775.92450170695304,"width":14.224000000000046,"height":18.535888671875}},{"text":"CONTRA","targetRectangle":{"y":219.05130004882812,"x":603.99855409251279,"width":33.343999999999937,"height":9.7679443359375}},{"text":"CHARITY","targetRectangle":{"y":218.00885009765625,"x":547.91798915110655,"width":34.671999999999912,"height":9.7679443359375}},{"text":"PRO","targetRectangle":{"y":218.33255004882812,"x":718.64012371062506,"width":17.048000000000002,"height":9.7679443359375}},{"text":"-y","targetRectangle":{"y":268.5,"x":343.52253222453118,"width":14.52800000000002,"height":18.535888671875}},{"text":"balanced score compass","targetRectangle":{"y":676.74469012022018,"x":452.34527587890625,"width":179.60000000000002,"height":17.552001953125}},{"text":"x<0","targetRectangle":{"y":311.5,"x":769.40092624766794,"width":27.087999999999965,"height":18.535888671875}},{"text":"y>0","targetRectangle":{"y":330.5,"x":769.5381806774825,"width":26.799999999999955,"height":18.535888671875}},{"text":"EMANCI-PATION","targetRectangle":{"y":158.3057861328125,"x":821.08212624714736,"width":34.375999999999976,"height":19.7679443359375}},{"text":"XENO-PHOBIA","targetRectangle":{"y":212.29010009765625,"x":443.56891559331791,"width":30.383999999999958,"height":19.7679443359375}},{"text":"-z","targetRectangle":{"y":268.5,"x":289.67453222453116,"width":14.224000000000046,"height":18.535888671875}},{"text":"x>0","targetRectangle":{"y":420.5,"x":876.90098728282419,"width":27.087999999999965,"height":18.535888671875}},{"text":"y<0","targetRectangle":{"y":439.5,"x":877.03824171263875,"width":26.799999999999955,"height":18.535888671875}},{"text":"PRE-JUDICE","targetRectangle":{"y":265.12957763671875,"x":823.83458527105222,"width":28.888000000000034,"height":19.7679443359375}},{"text":"PARTI-CIPATION","targetRectangle":{"y":159.33261108398438,"x":656.16119904058348,"width":36.168000000000006,"height":19.7679443359375}},{"text":"x<0","targetRectangle":{"y":149,"x":283.15095676524601,"width":27.088000000000022,"height":18.535888671875}},{"text":"y>0","targetRectangle":{"y":168,"x":283.28821119506063,"width":26.800000000000011,"height":18.535888671875}},{"text":"z","targetRectangle":{"y":321.5,"x":885.69551558895841,"width":8,"height":18.535888671875}},{"text":"+","targetRectangle":{"y":163.87042236328125,"x":782.30117205046884,"width":4.8000000000000682,"height":9.7679443359375}},{"text":"x>0","targetRectangle":{"y":258,"x":390.65095676524601,"width":27.088000000000022,"height":18.535888671875}},{"text":"y<0","targetRectangle":{"y":277,"x":390.78821119506063,"width":26.800000000000011,"height":18.535888671875}},{"text":"-x","targetRectangle":{"y":376,"x":775.6285017069531,"width":14.815999999999917,"height":18.535888671875}},{"text":"HOMO-PHOBIA","targetRectangle":{"y":266.2098388671875,"x":769.51561997344447,"width":30.383999999999901,"height":19.7679443359375}},{"text":"z","targetRectangle":{"y":159,"x":399.44551558895841,"width":8,"height":18.535888671875}},{"text":"orange\/spotlight","targetRectangle":{"y":692.13555926084518,"x":274.130126953125,"width":117.04000000000002,"height":17.552001953125}},{"text":"x","targetRectangle":{"y":376,"x":886.23887105770848,"width":8.5919999999999845,"height":18.535888671875}},{"text":"+","targetRectangle":{"y":326.87039184570312,"x":132.31733873748055,"width":4.8000000000000114,"height":9.7679443359375}},{"text":"red\/hotspot","targetRectangle":{"y":675.74469012022018,"x":274.4705810546875,"width":83.279999999999973,"height":17.552001953125}},{"text":"+","targetRectangle":{"y":433.70986938476562,"x":132.31733873748055,"width":4.8000000000000114,"height":9.7679443359375}},{"text":"x<0","targetRectangle":{"y":473,"x":769.32060398204294,"width":27.087999999999965,"height":18.535888671875}},{"text":"y>0","targetRectangle":{"y":492,"x":769.4578584118575,"width":26.799999999999955,"height":18.535888671875}},{"text":"+","targetRectangle":{"y":326.87039184570312,"x":238.81373003386727,"width":4.8000000000000114,"height":9.7679443359375}},{"text":"SAVE","targetRectangle":{"y":164.79013061523438,"x":180.80924854271061,"width":14.963999999999999,"height":6.825958251953125}},{"text":"yellow\/warm","targetRectangle":{"y":693.13555926084518,"x":127.20818328857422,"width":90.031999999999982,"height":17.552001953125}},{"text":"+","targetRectangle":{"y":433.70986938476562,"x":238.81373003386727,"width":4.8000000000000114,"height":9.7679443359375}},{"text":"CONSUMP-TION","targetRectangle":{"y":268.97335815429688,"x":171.73297173027728,"width":33.114000000000004,"height":13.825958251953125}},{"text":"x<0","targetRectangle":{"y":311.5,"x":445.15095676524601,"width":27.088000000000022,"height":18.535888671875}},{"text":"y>0","targetRectangle":{"y":330.5,"x":445.28821119506063,"width":26.800000000000011,"height":18.535888671875}},{"text":"y","targetRectangle":{"y":321.5,"x":508.6328405401303,"width":8.3040000000000305,"height":18.535888671875}},{"text":"green\/tepid whereby x,y,z ≥ 0","targetRectangle":{"y":676.74469012022018,"x":699.40142822265625,"width":210.49600000000009,"height":17.552001953125}},{"text":"blue\/cold","targetRectangle":{"y":676.74469012022018,"x":126.40740203857422,"width":66.671999999999997,"height":17.552001953125}},{"text":"WEL(L)-COME CULTURE","targetRectangle":{"y":370.94638061523438,"x":222.89075143277518,"width":36.599999999999966,"height":29.7679443359375}},{"text":"CURRENT BALANCE","targetRectangle":{"y":159.31570434570312,"x":115.52899569316709,"width":40.600000000000009,"height":19.7679443359375}},{"text":"x>0","targetRectangle":{"y":420.5,"x":552.65092624766794,"width":27.087999999999965,"height":18.535888671875}},{"text":"y<0","targetRectangle":{"y":439.5,"x":552.7881806774825,"width":26.799999999999955,"height":18.535888671875}},{"text":"-y","targetRectangle":{"y":431,"x":505.52253222453118,"width":14.527999999999963,"height":18.535888671875}},{"text":"BEDS ","targetRectangle":{"y":370.29013061523438,"x":123.85528317696708,"width":23.855999999999995,"height":9.7679443359375}},{"text":"ARE BURNING","targetRectangle":{"y":380.29013061523438,"x":116.28324986089184,"width":36.887999999999991,"height":19.7679443359375}},{"text":"DIRECT INVESTMENT & GOVERN-MENT GRANT","targetRectangle":{"y":261.70986938476562,"x":115.05737122178697,"width":40.276852464514505,"height":27.825958251953125}},{"text":"-z","targetRectangle":{"y":431,"x":451.67453222453116,"width":14.224000000000046,"height":18.535888671875}},{"text":"FAKE SCIENCE","targetRectangle":{"y":589.86248779296875,"x":279.4779155933179,"width":34.815999999999974,"height":19.7679443359375}},{"text":"MATCHING: TAX INCOME ","targetRectangle":{"y":474.79013061523438,"x":168.7510832293064,"width":38.238,"height":13.825958251953125}},{"text":"& GOVERN-MENTAL EXPENSE","targetRectangle":{"y":488.79013061523438,"x":170.53644800560122,"width":33.006,"height":20.825958251953125}},{"text":"INTERNET & INFRA-STRUCTURE","targetRectangle":{"y":158.88601684570312,"x":223.10846574288473,"width":37.166714703481318,"height":20.825958251953125}},{"text":"FUCK THE POLICY","targetRectangle":{"y":478.02304077148438,"x":388.79016251958325,"width":29.192000000000007,"height":29.7679443359375}},{"text":"z","targetRectangle":{"y":321,"x":399.44548507138029,"width":8,"height":18.535888671875}},{"text":"MATCHING: ","targetRectangle":{"y":581.62957763671875,"x":170.34432685990765,"width":34.896000000000015,"height":6.825958251953125}},{"text":"DEFICIT SPENDING ","targetRectangle":{"y":588.62957763671875,"x":171.59544800560121,"width":32.556000000000012,"height":13.825958251953125}},{"text":"& STEADY STATE","targetRectangle":{"y":602.62957763671875,"x":172.54321955260042,"width":30.672000000000025,"height":13.825958251953125}},{"text":"x>0","targetRectangle":{"y":582,"x":876.82066501719919,"width":27.087999999999965,"height":18.535888671875}},{"text":"y<0","targetRectangle":{"y":601,"x":876.95791944701375,"width":26.799999999999955,"height":18.535888671875}},{"text":"-x","targetRectangle":{"y":375.5,"x":289.37853222453117,"width":14.816000000000031,"height":18.535888671875}}],"baseLayer":{"animations":[],"initialState":{"affineTransform":[1,0,0,1,0,0],"masksToBounds":false,"rotation":0,"scale":1,"position":{"pointX":512,"pointY":384},"width":1024,"sublayerTransform":[1,0,0,0,0,1,0,0,0,0,1,0,0,0,0,1],"contentsRect":{"y":0,"x":0,"width":1,"height":1},"opacity":1,"edgeAntialiasingMask":251658240,"height":768,"hidden":false,"anchorPoint":{"pointX":0.5,"pointY":0.5}},"objectID":"0","layers":[{"animations":[],"initialState":{"affineTransform":[1,0,0,1,0,0],"masksToBounds":false,"rotation":0,"scale":1,"position":{"pointX":512,"pointY":384},"width":1024,"sublayerTransform":[1,0,0,0,0,1,0,0,0,0,1,-0.00049229876906403734,0,0,0,1],"contentsRect":{"y":0,"x":0,"width":1,"height":1},"opacity":1,"edgeAntialiasingMask":251658240,"height":768,"hidden":false,"anchorPoint":{"pointX":0.5,"pointY":0.5}},"layers":[{"animations":[],"layers":[],"texturedRectangle":{"isBackgroundTexture":false,"singleTextureOpacity":1,"textureType":0,"textBaseline":0,"textXHeight":0,"isVerticalText":false},"initialState":{"affineTransform":[1,0,0,1,0,0],"masksToBounds":false,"rotation":0,"scale":1,"position":{"pointX":512,"pointY":384},"width":1024,"sublayerTransform":[1,0,0,0,0,1,0,0,0,0,1,0,0,0,0,1],"contentsRect":{"y":0,"x":0,"width":1,"height":1},"opacity":1,"edgeAntialiasingMask":0,"height":768,"hidden":false,"anchorPoint":{"pointX":0.5,"pointY":0.5}},"texture":"61F7FE50EAA76EEEB62E4D3142533B52"}]}]}}]}